absolute_residual_s,data_type,event_id_1,event_id_2,observed_difference_s,offset_km,phase,quality,residual_s,station_id,type_index,weight
0.0013947830000000001,cc,38542,38520,0.0151391,58.5,P,0.96,0.0013947830000000001,NCCAI,1,0.958846
0.002160518,cc,38542,38520,0.0021439,58.5,P,0.97,-0.002160518,NCCBR,1,0.966676
0.004313661,cc,38542,38520,-0.0002154,58.5,P,0.72,-0.004313661,NCCDO,1,0.700102
0.00176213,cc,38542,38520,0.004119,58.5,P,0.94,0.00176213,NCCLC,1,0.938471
0.000624103,cc,38542,38520,0.0016039,58.5,P,0.92,-0.000624103,NCCPL,1,0.919899
0.003518422,cc,38542,38520,0.0053841,58.5,P,0.81,0.003518422,NCCSH,1,0.799112
8.645400000000001e-05,cc,38542,38520,0.001999,58.5,P,0.77,-8.645400000000001e-05,NCJBM,1,0.769997
0.004535534,cc,38542,38520,0.0095287,58.5,P,0.61,0.004535534,NCJEG,1,0.591138
0.0010077640000000002,cc,38542,38520,0.003974,58.5,P,0.92,0.0010077640000000002,NCJHP,1,0.919668
0.000710855,cc,38542,38520,0.005889,58.5,P,0.62,-0.000710855,NCJMG,1,0.619945
0.001759809,cc,38542,38520,0.000599,58.5,P,0.83,-0.001759809,NCJPP,1,0.828561
2.2056e-05,cc,38542,38520,0.004979,58.5,P,0.85,2.2056e-05,NCJSA,1,0.849997
0.005429441,cc,38542,38520,0.007249,58.5,P,0.7,0.005429441,NCJSG,1,0.664693
0.001477093,cc,38542,38520,0.0185991,58.5,P,0.75,-0.001477093,NCNCF,1,0.749215
0.003028074,cc,38542,38520,0.0213691,58.5,P,0.81,0.003028074,NCNLH,1,0.8035
3.7224e-05,cc,38542,38520,0.0194789,58.5,P,0.96,3.7224e-05,NCNLN,1,0.959997
0.000511549,cc,38542,38520,0.0183288,58.5,P,0.76,0.000511549,NCNOL,1,0.759956
0.000339706,cc,38542,38520,0.019599,58.5,P,0.94,0.000339706,NCNTB,1,0.939983
0.0014182399999999999,cc,38542,38520,0.019209,58.5,P,0.79,-0.0014182399999999999,NCNVE,1,0.789183
0.00021415699999999998,cc,38542,44289,0.04187,248.7,P,0.84,0.00021415699999999998,NCCAI,1,0.835977
0.004064059,cc,38542,44289,0.06905,248.7,P,0.89,0.004064059,NCCBW,1,0.863866
0.000986052,cc,38542,44289,0.1002453,248.7,P,0.79,0.000986052,NCCLC,1,0.785795
0.005252150000000001,cc,38542,44289,0.01842,248.7,P,0.6,-0.005252150000000001,NCCSP,1,0.570608
0.007198761000000001,cc,38542,44289,0.0834003,248.7,P,0.73,-0.007198761000000001,NCJBG,1,0.646707
0.0006229829999999999,cc,38542,44289,0.0908099,248.7,P,0.82,-0.0006229829999999999,NCJHP,1,0.816046
0.005830824,cc,38542,44289,0.1007496,248.7,P,0.78,0.005830824,NCJPP,1,0.724051
0.0058134,cc,38542,44289,0.0340701,248.7,P,0.54,0.0058134,NCNGV,1,0.492064
0.004575808999999999,cc,38542,44289,0.0273896,248.7,P,0.81,0.004575808999999999,NCNLN,1,0.773119
0.0021359,cc,38542,45165,-0.0213961,67.9,P,0.91,-0.0021359,NCCAI,1,0.907917
0.0006878300000000001,cc,38542,45165,-0.0264008,67.9,P,0.67,-0.0006878300000000001,NCCAL,1,0.669898
0.002537599,cc,38542,45165,-0.0273311,67.9,P,0.97,-0.002537599,NCCBR,1,0.963925
0.0031404040000000003,cc,38542,45165,-0.0266011,67.9,P,0.73,-0.0031404040000000003,NCCDO,1,0.721519
0.004338677,cc,38542,45165,-0.0194609,67.9,P,0.74,-0.004338677,NCCDU,1,0.717533
0.004724659,cc,38542,45165,-0.0211561,67.9,P,0.88,0.004724659,NCCLC,1,0.851987
0.001445558,cc,38542,45165,-0.0270009,67.9,P,0.96,-0.001445558,NCCPL,1,0.958872
0.001975041,cc,38542,45165,-0.0241409,67.9,P,0.87,0.001975041,NCCSH,1,0.868012
0.000649138,cc,38542,45165,-0.0253012,67.9,P,0.79,0.000649138,NCJBG,1,0.789885
8.355500000000001e-05,cc,38542,45165,-0.0264008,67.9,P,0.81,8.355500000000001e-05,NCJBM,1,0.809993
0.00085296,cc,38542,45165,-0.023861,67.9,P,0.68,0.00085296,NCJEG,1,0.679768
0.00014444799999999998,cc,38542,45165,-0.0259207,67.9,P,0.89,0.00014444799999999998,NCJHP,1,0.889989
0.000223766,cc,38542,45165,-0.0266364,67.9,P,0.61,-0.000223766,NCJLT,1,0.609995
3.4618e-05,cc,38542,45165,-0.0264008,67.9,P,0.84,-3.4618e-05,NCJPP,1,0.839994
0.001091646,cc,38542,45165,-0.0249012,67.9,P,0.77,0.001091646,NCJPS,1,0.769574
0.003780437,cc,38542,45165,-0.0227511,67.9,P,0.74,0.003780437,NCJSG,1,0.726957
0.001125634,cc,38542,45165,-0.0123513,67.9,P,0.81,-0.001125634,NCNCF,1,0.80969
0.0012758000000000001,cc,38542,45165,-0.011751,67.9,P,0.92,-0.0012758000000000001,NCNGV,1,0.919206
0.000732273,cc,38542,45165,-0.010711,67.9,P,0.84,0.000732273,NCNLH,1,0.83994
0.0007321140000000001,cc,38542,45165,-0.0112613,67.9,P,0.93,0.0007321140000000001,NCNLN,1,0.929816
0.002546773,cc,38542,45165,-0.0162409,67.9,P,0.76,-0.002546773,NCNOL,1,0.756646
0.000577325,cc,38542,45165,-0.0127509,67.9,P,0.95,-0.000577325,NCNTB,1,0.949962
0.0009641809999999999,cc,38542,45165,-0.011071,67.9,P,0.81,-0.0009641809999999999,NCNVE,1,0.809738
0.003387872,cc,38542,48565,0.1091293,346.9,P,0.76,-0.003387872,NCCLC,1,0.732887
0.0045135240000000005,cc,38542,48565,0.0973991,346.9,P,0.68,-0.0045135240000000005,NCJBG,1,0.64413
0.005968089,cc,38542,48565,0.0124091,346.9,P,0.68,0.005968089,NCNLN,1,0.60536
0.0044194659999999995,cc,38542,52942,0.0149941,210.6,P,0.65,0.0044194659999999995,NCCLC,1,0.631559
0.001378579,cc,38542,52942,0.0121291,210.6,P,0.67,0.001378579,NCCPL,1,0.668116
0.014658787999999999,cc,38542,52942,0.026299,210.6,P,0.58,0.014658787999999999,NCJPP,1,0.168775
0.001277351,cc,38542,52942,0.0152993,210.6,P,0.65,0.001277351,NCJPS,1,0.648276
0.0041394380000000005,cc,38542,52942,0.0699391,210.6,P,0.71,0.0041394380000000005,NCNLH,1,0.693122
0.000492568,cc,38542,52942,0.0644135,210.6,P,0.61,-0.000492568,NCNOL,1,0.60873
0.001214112,cc,38542,86036,-0.002066,191.3,P,0.92,-0.001214112,NCCAI,1,0.91807
0.001628155,cc,38542,86036,0.0206389,191.3,P,0.87,0.001628155,NCCBW,1,0.866803
0.004929615,cc,38542,86036,0.0398193,191.3,P,0.83,-0.004929615,NCCLC,1,0.801063
0.0030313659999999997,cc,38542,86036,0.0347787,191.3,P,0.86,-0.0030313659999999997,NCJHP,1,0.850962
0.019667688,cc,38542,86036,0.060299,191.3,P,0.79,0.019667688,NCJPP,1,0.004596
0.001101585,cc,38542,86036,0.030934,191.3,P,0.87,0.001101585,NCJSA,1,0.868582
0.007979301999999999,cc,38542,86036,-0.0001058,191.3,P,0.7,0.007979301999999999,NCNGV,1,0.545044
0.00228502,cc,38542,86036,-0.0113114,191.3,P,0.91,0.00228502,NCNLN,1,0.901469
0.001509069,cc,38542,238298,-0.031091,516.6,P,0.86,-0.001509069,NCCAI,1,0.708912
0.007971044,cc,38542,238298,0.0732238,516.6,P,0.81,-0.007971044,NCCLC,1,0.565862
0.0008533589999999999,cc,38542,242027,-0.013601,257.4,P,0.84,-0.0008533589999999999,NCCAI,1,0.834945
0.005281172,cc,38542,242027,0.0396592,257.4,P,0.76,-0.005281172,NCCLC,1,0.721444
0.006269972,cc,38542,242027,-0.0392709,257.4,P,0.63,-0.006269972,NCCSP,1,0.57855
0.00171585,cc,38542,242668,0.016524,208.8,P,0.86,-0.00171585,NCCAI,1,0.856176
0.001881659,cc,38542,242668,-0.0200158,208.8,P,0.7,0.001881659,NCCLC,1,0.697164
0.009244293,cc,38542,242668,-0.012421,208.8,P,0.74,0.009244293,NCCPL,1,0.564705
0.007155781,cc,38542,242668,-0.0100406,208.8,P,0.67,0.007155781,NCJHP,1,0.594289
0.008635383,cc,38542,242668,-0.0109008,208.8,P,0.6,0.008635383,NCJPP,1,0.48416
0.001633356,cc,38542,242668,0.0358836,208.8,P,0.75,-0.001633356,NCNGV,1,0.747427
0.008340533,cc,38542,242668,0.0306741,208.8,P,0.82,-0.008340533,NCNLN,1,0.668953
0.00262287,cc,38542,30034705,-0.015291,325.2,P,0.91,-0.00262287,NCCBR,1,0.887538
0.0007999000000000001,cc,38542,30034705,-0.0118709,325.2,P,0.74,-0.0007999000000000001,NCCLC,1,0.727626
0.0021878880000000002,cc,38542,30034705,0.0230641,325.2,P,0.77,-0.0021878880000000002,NCNGV,1,0.754995
0.0018913279999999998,cc,38542,30034705,0.0179491,325.2,P,0.84,-0.0018913279999999998,NCNTB,1,0.82489
0.004589174,cc,38542,402094,0.046219,381.6,P,0.73,-0.004589174,NCCAI,1,0.677846
0.004209761,cc,38542,402094,-0.0167611,381.6,P,0.54,0.004209761,NCCLC,1,0.505281
0.001576939,cc,38542,402094,0.0881843,381.6,P,0.55,-0.001576939,NCNGV,1,0.527285
0.0023454,cc,38542,30058032,0.085509,198.1,P,0.88,-0.0023454,NCCAI,1,0.874433
0.00352671,cc,38542,30058032,0.108394,198.1,P,0.86,0.00352671,NCCBW,1,0.844408
0.00026399,cc,38542,30058032,0.0733991,198.1,P,0.84,-0.00026399,NCCSP,1,0.838788
0.00016813600000000002,cc,38542,30058032,0.1253691,198.1,P,0.78,-0.00016813600000000002,NCJHP,1,0.778874
0.00410623,cc,38542,30065107,-0.0092801,221.4,P,0.89,-0.00410623,NCCAI,1,0.866505
0.006355869,cc,38542,30065107,0.0208399,221.4,P,0.9,0.006355869,NCCBW,1,0.818469
0.0008741640000000001,cc,38542,30065107,-0.0223299,221.4,P,0.75,-0.0008741640000000001,NCCSP,1,0.747921
0.000453923,cc,38542,30065107,0.0387752,221.4,P,0.82,0.000453923,NCJHP,1,0.817874
0.001559133,cc,38542,30065107,0.0396998,221.4,P,0.71,0.001559133,NCJPS,1,0.707399
9.508000000000001e-06,cc,38542,30065107,0.0297699,221.4,P,0.81,9.508000000000001e-06,NCJSA,1,0.807915
0.013216245000000001,cc,38542,30065107,0.0020702,221.4,P,0.66,0.013216245000000001,NCNGV,1,0.229473
0.000695941,cc,38542,30065107,-0.0174902,221.4,P,0.9,-0.000695941,NCNLN,1,0.897682
0.010262299,cc,38542,30065107,-0.0231249,221.4,P,0.65,-0.010262299,NCNOL,1,0.466666
0.007932352,cc,38542,30065107,-0.0084002,221.4,P,0.88,0.007932352,NCNTB,1,0.718872
0.004347813000000001,cc,38542,30107759,-0.0566421,591.9,P,0.81,-0.004347813000000001,NCCAI,1,0.53644
0.0013687789999999999,cc,38542,30107759,0.0574579,591.9,P,0.77,0.0013687789999999999,NCCBR,1,0.522952
0.003109966,cc,38542,30107759,0.024398,591.9,P,0.52,0.003109966,NCJMG,1,0.350083
0.011077267,cc,38542,30107759,-0.0921019,591.9,P,0.76,0.011077267,NCNTB,1,0.29349
0.0047248130000000004,cc,38542,484120,0.0646678,262.0,P,0.73,-0.0047248130000000004,NCCBW,1,0.699478
5.9391e-05,cc,38520,44289,0.0279709,305.9,P,0.79,5.9391e-05,NCCAI,1,0.779413
0.0006213379999999999,cc,38520,44289,0.0962811,305.9,P,0.71,-0.0006213379999999999,NCCLC,1,0.700474
0.011569486,cc,38520,44289,0.0710859,305.9,P,0.78,-0.011569486,NCCMO,1,0.482235
0.003554589,cc,38520,44289,0.0726509,305.9,P,0.72,-0.003554589,NCJEG,1,0.700672
0.005594471,cc,38520,44289,0.0613961,305.9,P,0.58,-0.005594471,NCJMG,1,0.541425
0.006991255,cc,38520,44289,0.0995512,305.9,P,0.81,0.006991255,NCJPP,1,0.709419
0.000525361,cc,38520,44289,0.0164161,305.9,P,0.77,-0.000525361,NCNTA,1,0.759677
0.004015625,cc,38520,45165,-0.0370201,44.0,P,0.9,-0.004015625,NCCAI,1,0.88217
0.000521918,cc,38520,45165,-0.0296199,44.0,P,1.0,-0.000521918,NCCBR,1,0.999917
0.002084851,cc,38520,45165,-0.0288151,44.0,P,0.95,0.002084851,NCCBW,1,0.947893
0.0007989420000000001,cc,38520,45165,-0.02676,44.0,P,0.91,0.0007989420000000001,NCCDO,1,0.90988
0.0019676100000000003,cc,38520,45165,-0.02627,44.0,P,0.9,0.0019676100000000003,NCCLC,1,0.89792
0.004088805,cc,38520,45165,-0.0317148,44.0,P,0.9,-0.004088805,NCCVL,1,0.879738
0.000542616,cc,38520,45165,-0.03161,44.0,P,0.92,-0.000542616,NCCMC,1,0.919917
0.000184255,cc,38520,45165,-0.0279697,44.0,P,0.89,-0.000184255,NCCMJ,1,0.889997
0.0013835759999999999,cc,38520,45165,-0.0289654,44.0,P,0.96,-0.0013835759999999999,NCCMO,1,0.959041
0.000946384,cc,38520,45165,-0.0287298,44.0,P,0.96,-0.000946384,NCCPL,1,0.959717
0.000469504,cc,38520,45165,-0.02834,44.0,P,0.77,-0.000469504,NCCRP,1,0.769957
0.001763439,cc,38520,45165,-0.029745,44.0,P,0.94,-0.001763439,NCCSH,1,0.938311
0.004960464,cc,38520,45165,-0.0295,44.0,P,0.86,0.004960464,NCCSP,1,0.828327
0.001522677,cc,38520,45165,-0.0305999,44.0,P,0.86,-0.001522677,NCJBG,1,0.859158
0.00026967,cc,38520,45165,-0.0283002,44.0,P,0.89,0.00026967,NCJBM,1,0.88999
0.001198531,cc,38520,45165,-0.0302299,44.0,P,0.92,-0.001198531,NCJHP,1,0.919575
0.0010063560000000001,cc,38520,45165,-0.0276898,44.0,P,0.81,0.0010063560000000001,NCJLT,1,0.809687
0.001124855,cc,38520,45165,-0.0276002,44.0,P,0.96,0.001124855,NCJPP,1,0.959488
0.002430093,cc,38520,45165,-0.0338801,44.0,P,0.79,-0.002430093,NCJPR,1,0.786866
0.000857003,cc,38520,45165,-0.02888,44.0,P,0.83,0.000857003,NCJSA,1,0.829763
0.001093413,cc,38520,45165,-0.0296,44.0,P,0.7,-0.001093413,NCJSC,1,0.699738
0.0016995469999999998,cc,38520,45165,-0.0300506,44.0,P,0.88,-0.0016995469999999998,NCJSG,1,0.878685
0.001201662,cc,38520,45165,-0.0301002,44.0,P,0.92,0.001201662,NCNCF,1,0.91938
0.0040658180000000006,cc,38520,45165,-0.0338501,44.0,P,0.88,-0.0040658180000000006,NCNLH,1,0.860433
0.000994824,cc,38520,45165,-0.0304402,44.0,P,0.95,0.000994824,NCNLN,1,0.949607
0.002786749,cc,38520,45165,-0.0287245,44.0,P,0.73,0.002786749,NCNOL,1,0.724263
0.007264076,cc,38520,45165,-0.0381502,44.0,P,0.82,-0.007264076,NCNSH,1,0.724071
0.001490675,cc,38520,45165,-0.0300847,44.0,P,0.92,0.001490675,NCNTA,1,0.918751
0.00028269300000000004,cc,38520,45165,-0.0311502,44.0,P,0.96,0.00028269300000000004,NCNTB,1,0.959983
0.000794305,cc,38520,45165,-0.0303,44.0,P,0.95,0.000794305,NCNTY,1,0.949812
0.00052584,cc,38520,45165,-0.0312599,44.0,P,0.75,-0.00052584,NCNVE,1,0.749969
0.0007734630000000001,cc,38520,48565,0.01963,404.5,P,0.8,-0.0007734630000000001,NCCAI,1,0.756922
0.005270166,cc,38520,48565,0.1048901,404.5,P,0.73,-0.005270166,NCCLC,1,0.662494
0.009942395,cc,38520,48565,0.0805199,404.5,P,0.76,-0.009942395,NCCMO,1,0.544568
0.00630872,cc,38520,48565,0.0937603,404.5,P,0.67,-0.00630872,NCJHP,1,0.584814
0.004003792,cc,38520,48565,0.0680101,404.5,P,0.55,-0.004003792,NCJMG,1,0.509798
0.001893415,cc,38520,48565,0.007375,404.5,P,0.66,0.001893415,NCNTA,1,0.622468
0.001081738,cc,38520,52942,0.01264,154.7,P,0.89,0.001081738,NCCBR,1,0.88936
0.001251433,cc,38520,52942,0.02448,154.7,P,0.88,-0.001251433,NCCBW,1,0.878729
0.00022206300000000002,cc,38520,52942,0.0131401,154.7,P,0.78,0.00022206300000000002,NCCDO,1,0.779669
0.0023023370000000002,cc,38520,52942,0.0105201,154.7,P,0.74,0.0023023370000000002,NCCLC,1,0.736848
0.003890313,cc,38520,52942,0.00431,154.7,P,0.69,-0.003890313,NCCMJ,1,0.67698
0.001334108,cc,38520,52942,0.0156149,154.7,P,0.86,-0.001334108,NCCMO,1,0.859105
0.00381753,cc,38520,52942,0.01234,154.7,P,0.66,0.00381753,NCCPL,1,0.647651
0.0061828149999999995,cc,38520,52942,0.0169753,154.7,P,0.79,0.0061828149999999995,NCJHP,1,0.732576
0.015618469,cc,38520,52942,0.0248999,154.7,P,0.76,0.015618469,NCJPP,1,0.158523
0.000308651,cc,38520,52942,0.04715,154.7,P,0.72,-0.000308651,NCNLH,1,0.719696
0.0029183430000000003,cc,38520,52942,0.0480298,154.7,P,0.88,-0.0029183430000000003,NCNLN,1,0.872091
0.006793664,cc,38520,52942,0.0501651,154.7,P,0.84,0.006793664,NCNTA,1,0.76147
0.008895298000000001,cc,38520,52942,0.0416502,154.7,P,0.8,-0.008895298000000001,NCNTB,1,0.627691
0.000101089,cc,38520,86036,-0.0144951,247.1,P,0.85,0.000101089,NCCAI,1,0.846059
0.00654202,cc,38520,86036,0.0358501,247.1,P,0.74,-0.00654202,NCCLC,1,0.679048
0.015716166,cc,38520,86036,0.0160694,247.1,P,0.8,-0.015716166,NCCMO,1,0.210298
0.005377565,cc,38520,86036,-0.03822,247.1,P,0.7,-0.005377565,NCCSP,1,0.659756
0.004333817,cc,38520,86036,0.03051,247.1,P,0.88,-0.004333817,NCJHP,1,0.852195
0.005127493,cc,38520,86036,0.0438299,247.1,P,0.81,0.005127493,NCJLT,1,0.771568
0.001335415,cc,38520,86036,0.02354,247.1,P,0.85,-0.001335415,NCJSA,1,0.845206
0.0015830850000000001,cc,38520,86036,-0.031455,247.1,P,0.89,0.0015830850000000001,NCNLN,1,0.882781
4.4669e-05,cc,38520,86036,-0.0225997,247.1,P,0.83,4.4669e-05,NCNTA,1,0.826145
0.004444913,cc,38520,238298,-0.0477711,574.9,P,0.83,-0.004444913,NCCAI,1,0.576604
0.018413719000000002,cc,38520,238298,0.029759,574.9,P,0.78,-0.018413719000000002,NCCMO,1,0.030381
0.015593025,cc,38520,238298,0.0892487,574.9,P,0.73,0.015593025,NCJPP,1,0.113137
0.000678034,cc,38520,242027,-0.02717,314.7,P,0.76,-0.000678034,NCCAI,1,0.747954
0.003660545,cc,38520,242668,0.000835,153.0,P,0.88,-0.003660545,NCCAI,1,0.860537
4.8401e-05,cc,38520,242668,-0.0240602,153.0,P,0.74,4.8401e-05,NCCMJ,1,0.739706
0.012158169,cc,38520,242668,-0.0117351,153.0,P,0.74,0.012158169,NCCPL,1,0.382143
0.009092485999999999,cc,38520,242668,-0.0110702,153.0,P,0.76,0.009092485999999999,NCJHP,1,0.593886
0.009645127,cc,38520,242668,-0.0122499,153.0,P,0.79,0.009645127,NCJPP,1,0.585038
0.001315205,cc,38520,242668,0.012735,153.0,P,0.71,-0.001315205,NCNLH,1,0.709299
0.005792822,cc,38520,242668,0.0137802,153.0,P,0.89,-0.005792822,NCNLN,1,0.831334
0.014442696,cc,38520,242668,0.0271402,153.0,P,0.84,0.014442696,NCNTA,1,0.274608
0.0005990419999999999,cc,38520,242668,0.0209499,153.0,P,0.9,-0.0005990419999999999,NCNTY,1,0.89956
0.010327508,cc,38520,242668,0.0314046,153.0,P,0.73,0.010327508,NCNVE,1,0.500144
0.000542588,cc,38520,30034705,-0.01643,308.2,P,0.92,0.000542588,NCCBR,1,0.908898
0.003051974,cc,38520,30034705,-0.0164798,308.2,P,0.73,-0.003051974,NCCLC,1,0.71372
0.007744523,cc,38520,30034705,-0.0016099,308.2,P,0.65,0.007744523,NCCMJ,1,0.551039
0.004430679,cc,38520,30034705,-0.0038496,308.2,P,0.86,-0.004430679,NCNTB,1,0.828593
0.000811354,cc,38520,30034705,0.0043496,308.2,P,0.74,0.000811354,NCNTY,1,0.730845
0.005823859,cc,38520,402094,0.03124,324.1,P,0.76,-0.005823859,NCCAI,1,0.693901
0.001427677,cc,38520,402094,-0.0219,324.1,P,0.54,0.001427677,NCCLC,1,0.529789
0.009953440000000001,cc,38520,402094,0.0604199,324.1,P,0.78,-0.009953440000000001,NCNLN,1,0.540046
0.0025851579999999997,cc,38520,30058032,0.0715249,247.3,P,0.82,-0.0025851579999999997,NCCAI,1,0.81016
0.005040863,cc,38520,30065107,-0.023959,273.4,P,0.83,-0.005040863,NCCAI,1,0.784917
0.000158542,cc,38520,30065107,0.0351964,273.4,P,0.84,-0.000158542,NCJHP,1,0.833753
0.002712399,cc,38520,30065107,0.0220911,273.4,P,0.78,-0.002712399,NCJSA,1,0.768442
0.008972702,cc,38520,30065107,-0.0289987,273.4,P,0.7,0.008972702,NCNCF,1,0.517219
0.001222348,cc,38520,30065107,-0.0350135,273.4,P,0.87,0.001222348,NCNLN,1,0.862137
0.007492988999999999,cc,38520,30065107,-0.0280989,273.4,P,0.88,0.007492988999999999,NCNTB,1,0.738429
0.008387486000000001,cc,38520,30107759,-0.074426,650.3,P,0.77,-0.008387486000000001,NCCAI,1,0.333153
0.006025004,cc,38520,30107759,0.0658741,650.3,P,0.71,-0.006025004,NCCLC,1,0.352012
0.020940180000000003,cc,38520,30107759,0.0160389,650.3,P,0.7,-0.020940180000000003,NCCMO,1,0.000153
0.0010706679999999999,cc,38520,30107759,0.0157588,650.3,P,0.56,0.0010706679999999999,NCJMG,1,0.297518
0.0047044389999999995,cc,38520,484120,0.0538539,204.9,P,0.79,-0.0047044389999999995,NCCBW,1,0.760832
0.007945968,cc,44289,45165,-0.1313361,295.5,P,0.59,-0.007945968,NCCVL,1,0.479768
0.010816292,cc,44289,45165,-0.0994209,295.5,P,0.79,0.010816292,NCCMO,1,0.542818
0.007698648000000001,cc,44289,45165,-0.1088508,295.5,P,0.74,0.007698648000000001,NCJBG,1,0.629866
0.002757272,cc,44289,45165,-0.1147407,295.5,P,0.86,0.002757272,NCJHP,1,0.844585
0.005716192,cc,44289,45165,-0.1270012,295.5,P,0.78,-0.005716192,NCJPP,1,0.723677
0.007858342,cc,44289,45165,-0.1250013,295.5,P,0.69,-0.007858342,NCJPS,1,0.579509
0.009029803,cc,44289,45165,-0.1314014,295.5,P,0.68,-0.009029803,NCJSM,1,0.520508
0.004018415,cc,44289,45165,-0.0502962,295.5,P,0.51,-0.004018415,NCNLH,1,0.486327
0.004414113000000001,cc,44289,45165,-0.052931,295.5,P,0.77,-0.004414113000000001,NCNTA,1,0.738078
0.000522906,cc,44289,48565,-0.008031,99.1,P,0.95,-0.000522906,NCCAI,1,0.949907
0.0014965949999999999,cc,44289,48565,0.0122993,99.1,P,0.75,-0.0014965949999999999,NCCAL,1,0.749094
0.000202747,cc,44289,48565,0.010139,99.1,P,0.86,0.000202747,NCCBR,1,0.859956
0.003529955,cc,44289,48565,0.0021989,99.1,P,0.92,0.003529955,NCCBW,1,0.906335
0.003308908,cc,44289,48565,0.009949,99.1,P,0.89,-0.003308908,NCCLC,1,0.879281
0.00211358,cc,44289,48565,0.0147593,99.1,P,0.77,0.00211358,NCCVL,1,0.767673
5.9482e-05,cc,44289,48565,0.0125141,99.1,P,0.78,5.9482e-05,NCCMC,1,0.779962
0.00380044,cc,44289,48565,0.009999,99.1,P,0.72,-0.00380044,NCCMJ,1,0.70693
0.000417362,cc,44289,48565,0.0082242,99.1,P,0.88,0.000417362,NCCMO,1,0.879932
0.000740289,cc,44289,48565,0.0127988,99.1,P,0.87,-0.000740289,NCCPL,1,0.869829
0.001514405,cc,44289,48565,0.0125289,99.1,P,0.76,-0.001514405,NCCSH,1,0.759039
0.000114751,cc,44289,48565,0.0111988,99.1,P,0.81,-0.000114751,NCJBG,1,0.809959
0.001100193,cc,44289,48565,0.0143993,99.1,P,0.78,0.001100193,NCJBM,1,0.779681
0.0011333040000000001,cc,44289,48565,0.0067739,99.1,P,0.74,-0.0011333040000000001,NCJEG,1,0.739554
0.00200816,cc,44289,48565,0.0095942,99.1,P,0.7,-0.00200816,NCJHP,1,0.697945
0.0012757320000000001,cc,44289,48565,0.006299,99.1,P,0.83,0.0012757320000000001,NCJMG,1,0.829473
0.002733914,cc,44289,48565,0.0154989,99.1,P,0.88,0.002733914,NCJPP,1,0.87457
0.001894944,cc,44289,48565,0.0133994,99.1,P,0.74,0.001894944,NCJPS,1,0.738506
0.00125395,cc,44289,48565,0.0066991,99.1,P,0.83,-0.00125395,NCJSA,1,0.829346
0.001410995,cc,44289,48565,0.0144994,99.1,P,0.78,0.001410995,NCJSM,1,0.779347
0.000289881,cc,44289,48565,0.0128491,99.1,P,0.75,-0.000289881,NCJST,1,0.749956
0.0054165590000000005,cc,44289,48565,-0.0119007,99.1,P,0.84,0.0054165590000000005,NCNCF,1,0.795469
0.001751484,cc,44289,48565,-0.0119312,99.1,P,0.84,0.001751484,NCNLH,1,0.838162
0.001296914,cc,44289,48565,-0.0150759,99.1,P,0.88,0.001296914,NCNLN,1,0.87922
0.002129624,cc,44289,48565,-0.0159409,99.1,P,0.69,-0.002129624,NCNOL,1,0.687968
0.0046710729999999995,cc,44289,48565,-0.0161309,99.1,P,0.88,-0.0046710729999999995,NCNTA,1,0.851878
0.002777498,cc,44289,52942,-0.0445099,447.8,P,0.78,0.002777498,NCJMG,1,0.707196
0.008178556,cc,44289,52942,-0.0751,447.8,P,0.67,0.008178556,NCJPP,1,0.515257
0.000600238,cc,44289,52942,0.0303649,447.8,P,0.6,-0.000600238,NCNLH,1,0.546741
0.001659963,cc,44289,52942,0.0280899,447.8,P,0.72,0.001659963,NCNTA,1,0.65611
0.001053243,cc,44289,86036,-0.043561,62.1,P,0.94,-0.001053243,NCCAI,1,0.939397
0.001547084,cc,44289,86036,-0.0534856,62.1,P,0.64,0.001547084,NCCCY,1,0.639335
0.004730734,cc,44289,86036,-0.059241,62.1,P,0.93,-0.004730734,NCCLC,1,0.898649
0.0016696690000000001,cc,44289,86036,-0.0515709,62.1,P,0.78,0.0016696690000000001,NCCMN,1,0.778516
0.0026204320000000002,cc,44289,86036,-0.0573363,62.1,P,0.77,-0.0026204320000000002,NCCMJ,1,0.765653
0.000843387,cc,44289,86036,-0.0553961,62.1,P,0.94,-0.000843387,NCCPL,1,0.939838
0.00256536,cc,44289,86036,-0.0350461,62.1,P,0.82,0.00256536,NCCSP,1,0.81579
0.0016984600000000002,cc,44289,86036,-0.0517511,62.1,P,0.87,0.0016984600000000002,NCJBG,1,0.868976
0.000227089,cc,44289,86036,-0.0533957,62.1,P,0.93,0.000227089,NCJHP,1,0.929996
0.010102291,cc,44289,86036,-0.0442662,62.1,P,0.67,0.010102291,NCJLT,1,0.477565
0.01563644,cc,44289,86036,-0.038651,62.1,P,0.89,0.01563644,NCJPP,1,0.191211
0.001936039,cc,44289,86036,-0.0495508,62.1,P,0.89,0.001936039,NCJSA,1,0.888465
0.004631926,cc,44289,86036,-0.0591006,62.1,P,0.67,-0.004631926,NCJSM,1,0.646982
0.002296013,cc,44289,86036,-0.0514007,62.1,P,0.76,0.002296013,NCJST,1,0.756168
0.002364054,cc,44289,86036,-0.0387058,62.1,P,0.76,-0.002364054,NCNGV,1,0.758202
0.000485489,cc,44289,86036,-0.0368957,62.1,P,0.92,-0.000485489,NCNLN,1,0.919988
0.002645944,cc,44289,86036,-0.0407109,62.1,P,0.76,-0.002645944,NCNOL,1,0.755881
3.0074e-05,cc,44289,86036,-0.0396159,62.1,P,0.88,-3.0074e-05,NCNTA,1,0.879997
0.009956788,cc,44289,238298,-0.0280212,276.0,P,0.76,-0.009956788,NCCLC,1,0.527645
0.020656506,cc,44289,238298,0.004109,276.0,P,0.69,0.020656506,NCCMC,1,0.000404
0.0055982079999999995,cc,44289,238298,-0.0400809,276.0,P,0.81,-0.0055982079999999995,NCCMO,1,0.757087
0.0108696,cc,44289,238298,-0.0070411,276.0,P,0.63,0.0108696,NCCPL,1,0.409329
0.0012084950000000002,cc,44289,238298,-0.0206207,276.0,P,0.74,0.0012084950000000002,NCJHP,1,0.733743
0.013503226,cc,44289,238298,-0.005401,276.0,P,0.83,0.013503226,NCJPP,1,0.34544
0.006958074,cc,44289,238298,-0.0941008,276.0,P,0.69,0.006958074,NCNCF,1,0.609671
0.0038428819999999997,cc,44289,238298,-0.0947059,276.0,P,0.78,-0.0038428819999999997,NCNOL,1,0.759803
0.001577496,cc,44289,242027,-0.055981,14.5,P,0.95,-0.001577496,NCCAI,1,0.948448
0.006782985,cc,44289,242027,-0.048476,14.5,P,0.95,0.006782985,NCCBR,1,0.861864
0.01085541,cc,44289,242027,-0.042616,14.5,P,0.75,0.01085541,NCCCY,1,0.492234
0.006212153,cc,44289,242027,-0.0605311,14.5,P,0.93,-0.006212153,NCCLC,1,0.855067
0.002445618,cc,44289,242027,-0.0520062,14.5,P,0.76,0.002445618,NCCVL,1,0.756825
0.014763893,cc,44289,242027,-0.039541,14.5,P,0.7,0.014763893,NCCMC,1,0.212991
0.005369578,cc,44289,242027,-0.0476557,14.5,P,0.64,0.005369578,NCJMG,1,0.611719
0.002095278,cc,44289,242027,-0.0571508,14.5,P,0.76,-0.002095278,NCNOL,1,0.757833
0.008790436,cc,44289,242027,-0.0458609,14.5,P,0.64,0.008790436,NCNTA,1,0.510291
0.004930031,cc,44289,242668,-0.028346,446.9,P,0.77,-0.004930031,NCCAI,1,0.670503
0.012458143,cc,44289,242668,-0.0784611,446.9,P,0.65,0.012458143,NCJEG,1,0.306097
0.007783055,cc,44289,242668,-0.1008462,446.9,P,0.7,0.007783055,NCJHP,1,0.552447
0.00310449,cc,44289,242668,-0.1113505,446.9,P,0.67,0.00310449,NCJPP,1,0.606528
0.017565214000000003,cc,44289,30034705,-0.064856,444.9,P,0.71,-0.017565214000000003,NCCAI,1,0.042378
0.0055942809999999996,cc,44289,30034705,-0.1061007,444.9,P,0.79,-0.0055942809999999996,NCJPS,1,0.681386
0.0013672200000000002,cc,44289,402094,0.0473489,619.7,P,0.58,0.0013672200000000002,NCNLH,1,0.356147
0.002214565,cc,44289,30058032,0.043984,109.7,P,0.93,-0.002214565,NCCAI,1,0.925809
0.000467704,cc,44289,30058032,0.0403491,109.7,P,0.88,0.000467704,NCCBW,1,0.879904
0.003439847,cc,44289,30058032,0.0375442,109.7,P,0.83,0.003439847,NCJHP,1,0.821027
0.0032544749999999997,cc,44289,30058032,0.0424089,109.7,P,0.68,0.0032544749999999997,NCJMG,1,0.67385
0.004215363,cc,44289,30065107,-0.051045,80.6,P,0.97,-0.004215363,NCCAI,1,0.944109
0.00403633,cc,44289,30065107,-0.0497497,80.6,P,0.77,0.00403633,NCCAL,1,0.754974
0.002598516,cc,44289,30065107,-0.0516602,80.6,P,0.97,0.002598516,NCCBR,1,0.964975
2.1946e-05,cc,44289,30065107,-0.05048,80.6,P,0.95,2.1946e-05,NCCBW,1,0.949985
0.008902793,cc,44289,30065107,-0.0633701,80.6,P,0.93,-0.008902793,NCCLC,1,0.726841
0.003759437,cc,44289,30065107,-0.0563501,80.6,P,0.81,-0.003759437,NCCMN,1,0.795657
0.003305225,cc,44289,30065107,-0.0570997,80.6,P,0.86,-0.003305225,NCJBM,1,0.848341
0.004111974,cc,44289,30065107,-0.0489996,80.6,P,0.85,0.004111974,NCJHP,1,0.833538
0.008701122,cc,44289,30065107,-0.04154,80.6,P,0.72,0.008701122,NCJMG,1,0.585972
0.010616467999999999,cc,44289,30065107,-0.0366901,80.6,P,0.72,0.010616467999999999,NCJPR,1,0.485706
0.00114095,cc,44289,30065107,-0.0541504,80.6,P,0.74,-0.00114095,NCJPS,1,0.739426
0.001201185,cc,44289,30065107,-0.05276,80.6,P,0.89,-0.001201185,NCJSA,1,0.8892
0.005656322,cc,44289,30065107,-0.0593503,80.6,P,0.75,-0.005656322,NCJSM,1,0.702938
0.000992727,cc,44289,30065107,-0.03841,80.6,P,0.8,0.000992727,NCNGV,1,0.799597
0.000412086,cc,44289,30065107,-0.0410801,80.6,P,0.87,-0.000412086,NCNLH,1,0.869982
0.003042058,cc,44289,30065107,-0.0426501,80.6,P,0.92,-0.003042058,NCNLN,1,0.911925
0.005331393,cc,44289,30065107,-0.0462745,80.6,P,0.85,-0.005331393,NCNOL,1,0.808717
0.009441209,cc,44289,30065107,-0.0328697,80.6,P,0.78,0.009441209,NCNTA,1,0.589676
0.005478767000000001,cc,44289,30107759,-0.030482,350.6,P,0.66,-0.005478767000000001,NCCLC,1,0.60523
0.000632958,cc,44289,30107759,-0.0306272,350.6,P,0.77,-0.000632958,NCJHP,1,0.749288
0.013336055999999999,cc,44289,30107759,-0.0556121,350.6,P,0.74,-0.013336055999999999,NCJSA,1,0.285471
0.0014555579999999998,cc,44289,30107759,-0.0266022,350.6,P,0.7,-0.0014555579999999998,NCJSM,1,0.680273
0.000862893,cc,44289,30107759,-0.121062,350.6,P,0.58,-0.000862893,NCNLH,1,0.564446
0.008483959000000001,cc,44289,30107759,-0.1268167,350.6,P,0.74,-0.008483959000000001,NCNOL,1,0.591925
0.003282708,cc,44289,30107759,-0.1065869,350.6,P,0.82,0.003282708,NCNTA,1,0.788422
0.009054249,cc,45165,48565,0.1089898,394.4,P,0.79,-0.009054249,NCCMO,1,0.616837
0.007700396,cc,45165,48565,0.1286994,394.4,P,0.57,-0.007700396,NCJBM,1,0.467684
0.002640096,cc,45165,48565,0.11646,394.4,P,0.78,0.002640096,NCJEG,1,0.738759
0.005130689,cc,45165,48565,0.1239697,394.4,P,0.69,-0.005130689,NCJHP,1,0.628136
0.007599905,cc,45165,48565,0.1416498,394.4,P,0.83,0.007599905,NCJPP,1,0.683069
0.009952603999999999,cc,45165,48565,0.1386,394.4,P,0.8,0.009952603999999999,NCJPS,1,0.546118
0.001183678,cc,45165,52942,0.04184,152.5,P,0.89,0.001183678,NCCBR,1,0.889146
0.001436449,cc,45165,52942,0.055195,152.5,P,0.86,-0.001436449,NCCBW,1,0.85876
0.002378078,cc,45165,52942,0.042855,152.5,P,0.83,0.002378078,NCCDO,1,0.825444
0.002804323,cc,45165,52942,0.0354002,152.5,P,0.86,-0.002804323,NCCDV,1,0.854182
0.001567157,cc,45165,52942,0.037545,152.5,P,0.6,-0.001567157,NCCMN,1,0.599161
0.003650748,cc,45165,52942,0.0323351,152.5,P,0.84,-0.003650748,NCCMJ,1,0.827013
0.000430949,cc,45165,52942,0.0440998,152.5,P,0.89,-0.000430949,NCCMO,1,0.889629
0.000474045,cc,45165,52942,0.0367799,152.5,P,0.72,0.000474045,NCCPL,1,0.71967
0.000591943,cc,45165,52942,0.0406497,152.5,P,0.64,-0.000591943,NCCST,1,0.639718
0.001023398,cc,45165,52942,0.0393498,152.5,P,0.68,0.001023398,NCJAL,1,0.679334
0.00275069,cc,45165,52942,0.0375507,152.5,P,0.77,-0.00275069,NCJBG,1,0.763712
0.003931426,cc,45165,52942,0.0437553,152.5,P,0.81,0.003931426,NCJHP,1,0.795412
0.013743546,cc,45165,52942,0.05175,152.5,P,0.77,0.013743546,NCJPP,1,0.295149
0.0034357009999999998,cc,45165,52942,0.05792,152.5,P,0.73,-0.0034357009999999998,NCJPR,1,0.71748
0.00036456499999999996,cc,45165,52942,0.0396502,152.5,P,0.86,-0.00036456499999999996,NCJPS,1,0.859613
0.00020552500000000002,cc,45165,52942,0.03805,152.5,P,0.74,-0.00020552500000000002,NCJST,1,0.739696
0.003189151,cc,45165,52942,0.0814698,152.5,P,0.8,-0.003189151,NCNBR,1,0.790668
0.005533174,cc,45165,52942,0.0852993,152.5,P,0.89,0.005533174,NCNFR,1,0.835615
0.00387387,cc,45165,52942,0.0772002,152.5,P,0.8,-0.00387387,NCNGV,1,0.785381
0.0033084489999999998,cc,45165,52942,0.077399,152.5,P,0.83,-0.0033084489999999998,NCNHB,1,0.822157
0.003592178,cc,45165,52942,0.0808351,152.5,P,0.83,0.003592178,NCNLH,1,0.816331
0.002683408,cc,45165,52942,0.0796998,152.5,P,0.87,-0.002683408,NCNLN,1,0.863213
0.0026707740000000003,cc,45165,52942,0.0759294,152.5,P,0.8,-0.0026707740000000003,NCNOL,1,0.79354
0.004732759,cc,45165,52942,0.0894001,152.5,P,0.87,0.004732759,NCNSH,1,0.841059
0.00677855,cc,45165,52942,0.0751999,152.5,P,0.82,-0.00677855,NCNTB,1,0.734255
0.00035323900000000004,cc,45165,52942,0.0842998,152.5,P,0.88,-0.00035323900000000004,NCNTY,1,0.879615
0.008943544,cc,45165,52942,0.09324,152.5,P,0.75,0.008943544,NCNVE,1,0.590603
0.000942287,cc,45165,86036,0.0643753,234.5,P,0.71,-0.000942287,NCCDO,1,0.707363
0.007339714,cc,45165,86036,0.06329,234.5,P,0.65,-0.007339714,NCCLC,1,0.577223
0.007183046,cc,45165,86036,0.0613998,234.5,P,0.8,-0.007183046,NCCDV,1,0.724632
0.018237649999999998,cc,45165,86036,0.0411297,234.5,P,0.83,-0.018237649999999998,NCCMO,1,0.067987
0.00659808,cc,45165,86036,-0.0049801,234.5,P,0.71,-0.00659808,NCCSP,1,0.642541
0.018218912,cc,45165,86036,0.04605,234.5,P,0.85,-0.018218912,NCCST,1,0.064807
0.006399778,cc,45165,86036,0.0567001,234.5,P,0.8,-0.006399778,NCJBG,1,0.727297
0.001153863,cc,45165,86036,0.0556198,234.5,P,0.83,0.001153863,NCJEG,1,0.826705
0.0035005459999999998,cc,45165,86036,0.0603746,234.5,P,0.93,-0.0035005459999999998,NCJHP,1,0.91232
0.019702299,cc,45165,86036,0.0866999,234.5,P,0.87,0.019702299,NCJPP,1,0.005395
0.008797177,cc,45165,86036,0.0767001,234.5,P,0.66,0.008797177,NCJSM,1,0.524666
0.006244416,cc,45165,86036,0.0627002,234.5,P,0.67,-0.006244416,NCJST,1,0.633481
0.009124918,cc,45165,86036,0.011515,234.5,P,0.75,0.009124918,NCNGV,1,0.513495
0.018826139000000002,cc,45165,86036,-0.0102853,234.5,P,0.65,-0.018826139000000002,NCNLH,1,0.045468
0.003676574,cc,45165,86036,-0.0052797,234.5,P,0.88,-0.003676574,NCNLN,1,0.868019
0.004154603,cc,45165,86036,-0.000445,234.5,P,0.67,-0.004154603,NCNOL,1,0.655499
0.005634408,cc,45165,86036,0.0045999,234.5,P,0.87,0.005634408,NCNTB,1,0.803287
0.018559792000000002,cc,45165,238298,0.0571947,569.4,P,0.8,-0.018559792000000002,NCCMO,1,0.029777
0.014869238,cc,45165,238298,0.11725,569.4,P,0.76,0.014869238,NCJPP,1,0.157361
0.000827635,cc,45165,242027,0.0073402,303.7,P,0.7,0.000827635,NCCAI,1,0.690634
0.0004900260000000001,cc,45165,242668,0.03799,151.6,P,0.85,0.0004900260000000001,NCCAI,1,0.849658
0.00400984,cc,45165,242668,0.0076999,151.6,P,0.83,0.00400984,NCCAL,1,0.811237
0.003977291,cc,45165,242668,0.0034398,151.6,P,0.83,-0.003977291,NCCDO,1,0.815403
0.012322997,cc,45165,242668,-0.0068999,151.6,P,0.88,-0.012322997,NCCDV,1,0.46209
0.0010923929999999999,cc,45165,242668,0.0047693,151.6,P,0.87,0.0010923929999999999,NCCMJ,1,0.869179
0.009620066,cc,45165,242668,0.0135102,151.6,P,0.81,0.009620066,NCCPL,1,0.591966
0.004976515,cc,45165,242668,0.0199699,151.6,P,0.79,0.004976515,NCJEG,1,0.762933
0.008411324999999999,cc,45165,242668,0.01728,151.6,P,0.77,0.008411324999999999,NCJHP,1,0.637964
0.007420209,cc,45165,242668,0.0142502,151.6,P,0.79,0.007420209,NCJPP,1,0.694001
0.004480635,cc,45165,242668,0.0046,151.6,P,0.78,-0.004480635,NCJPS,1,0.754904
0.0035060959999999998,cc,45165,242668,0.0097498,151.6,P,0.78,0.0035060959999999998,NCJST,1,0.76644
0.001235902,cc,45165,242668,0.0492496,151.6,P,0.87,0.001235902,NCNFR,1,0.868778
0.001317429,cc,45165,242668,0.0466747,151.6,P,0.87,-0.001317429,NCNGV,1,0.869116
0.006418095,cc,45165,242668,0.0445899,151.6,P,0.87,-0.006418095,NCNLN,1,0.790107
0.007596817,cc,45165,242668,0.0400648,151.6,P,0.83,-0.007596817,NCNOL,1,0.705418
0.008223611,cc,45165,242668,0.0605997,151.6,P,0.87,0.008223611,NCNSH,1,0.72594
0.011362009000000001,cc,45165,242668,0.0556349,151.6,P,0.9,0.011362009000000001,NCNTA,1,0.562686
0.002757045,cc,45165,242668,0.0554003,151.6,P,0.91,0.002757045,NCNTY,1,0.904226
0.009893478,cc,45165,242668,0.0617046,151.6,P,0.76,0.009893478,NCNVE,1,0.547889
0.015415068,cc,45165,30034705,-0.0017899,267.5,P,0.81,-0.015415068,NCCAI,1,0.158406
0.001124588,cc,45165,30034705,0.01325,267.5,P,0.92,0.001124588,NCCBR,1,0.914224
0.011787652,cc,45165,30034705,0.0227997,267.5,P,0.75,-0.011787652,NCCCO,1,0.44405
0.005819716999999999,cc,45165,30034705,0.0089901,267.5,P,0.79,-0.005819716999999999,NCCLC,1,0.734084
0.004309025,cc,45165,30034705,0.0162003,267.5,P,0.83,-0.004309025,NCCDV,1,0.804417
0.006204058,cc,45165,30034705,0.0246351,267.5,P,0.79,0.006204058,NCCMJ,1,0.726195
0.011551108,cc,45165,30034705,0.0121799,267.5,P,0.79,-0.011551108,NCCMO,1,0.461242
0.0027906330000000003,cc,45165,30034705,0.0252998,267.5,P,0.78,0.0027906330000000003,NCCST,1,0.76947
0.00203653,cc,45165,30034705,0.0146001,267.5,P,0.85,-0.00203653,NCJPS,1,0.842368
0.008340991,cc,45165,30034705,0.0249002,267.5,P,0.63,0.008340991,NCJSM,1,0.517874
0.0059585359999999995,cc,45165,30034705,0.0279496,267.5,P,0.62,-0.0059585359999999995,NCJST,1,0.58261
9.486500000000001e-05,cc,45165,30034705,0.0345595,267.5,P,0.83,9.486500000000001e-05,NCNBR,1,0.825003
0.012968551,cc,45165,30034705,0.0464003,267.5,P,0.86,0.012968551,NCNCF,1,0.374853
0.000487222,cc,45165,30034705,0.03524,267.5,P,0.83,-0.000487222,NCNGV,1,0.824996
0.006679783,cc,45165,30034705,0.0254004,267.5,P,0.83,-0.006679783,NCNLN,1,0.750622
0.003942427,cc,45165,30034705,0.0437997,267.5,P,0.84,-0.003942427,NCNSH,1,0.821723
0.001612681,cc,45165,30034705,0.0284698,267.5,P,0.82,0.001612681,NCNTA,1,0.813975
0.001813725,cc,45165,30034705,0.0302003,267.5,P,0.87,-0.001813725,NCNTB,1,0.863301
0.005167367,cc,45165,30034705,0.0397999,267.5,P,0.8,0.005167367,NCNTY,1,0.757765
0.001573271,cc,45165,402094,0.0684951,324.8,P,0.76,-0.001573271,NCCAI,1,0.744655
0.0007299520000000001,cc,45165,402094,0.00418,324.8,P,0.5,-0.0007299520000000001,NCCLC,1,0.490934
0.00848845,cc,45165,402094,0.0003998,324.8,P,0.73,-0.00848845,NCCDV,1,0.593799
0.000420825,cc,45165,402094,0.0998156,324.8,P,0.63,-0.000420825,NCNGV,1,0.618602
0.008098204000000001,cc,45165,402094,0.0937102,324.8,P,0.8,-0.008098204000000001,NCNLN,1,0.648805
0.003755423,cc,45165,30058032,0.085465,223.6,P,0.71,-0.003755423,NCCSP,1,0.695583
0.009577011,cc,45165,30065107,0.0633507,252.7,P,0.65,-0.009577011,NCCCO,1,0.508663
0.015019991,cc,45165,30065107,0.0543008,252.7,P,0.75,-0.015019991,NCCDV,1,0.21743
0.004085572,cc,45165,30065107,-0.009984,252.7,P,0.72,-0.004085572,NCCSP,1,0.700226
0.003113073,cc,45165,30065107,0.0513308,252.7,P,0.71,-0.003113073,NCJEG,1,0.697844
0.000432305,cc,45165,30065107,0.0637012,252.7,P,0.82,-0.000432305,NCJPS,1,0.815713
0.007420567,cc,45165,30065107,0.000751,252.7,P,0.69,0.007420567,NCNCF,1,0.582096
0.0033912779999999997,cc,45165,30065107,0.009001,252.7,P,0.59,0.0033912779999999997,NCNLH,1,0.57168
0.007480443,cc,45165,30065107,-0.006649,252.7,P,0.74,-0.007480443,NCNOL,1,0.649118
0.009910151,cc,45165,30065107,0.0057512,252.7,P,0.88,0.009910151,NCNTB,1,0.602146
0.004311896,cc,45165,30107759,-0.037346,644.5,P,0.74,-0.004311896,NCCAI,1,0.392652
0.000271217,cc,45165,30107759,0.0811539,644.5,P,0.73,0.000271217,NCCBR,1,0.39891
0.020197229,cc,45165,30107759,0.0443637,644.5,P,0.72,-0.020197229,NCCMO,1,0.002321
0.002955259,cc,45165,30107759,-0.0709661,644.5,P,0.55,0.002955259,NCNLH,1,0.294788
0.011407865,cc,45165,30107759,-0.087966,644.5,P,0.72,-0.011407865,NCNOL,1,0.245372
0.0045194530000000005,cc,45165,484120,0.072734,207.4,P,0.84,0.0045194530000000005,NCCBR,1,0.811787
0.002861629,cc,48565,52942,-0.0847,546.6,P,0.69,0.002861629,NCJBG,1,0.531327
0.009145331999999999,cc,48565,52942,-0.0591351,546.6,P,0.71,0.009145331999999999,NCJEG,1,0.428989
0.000819045,cc,48565,52942,-0.0531298,546.6,P,0.76,-0.000819045,NCJMG,1,0.589098
0.005292963,cc,48565,52942,-0.0907506,546.6,P,0.75,0.005292963,NCJPP,1,0.555723
0.004216991,cc,48565,52942,-0.0928496,546.6,P,0.81,-0.004216991,NCJPS,1,0.611884
0.00023529400000000001,cc,48565,86036,-0.0352349,160.5,P,0.94,-0.00023529400000000001,NCCAI,1,0.939487
0.002305784,cc,48565,86036,-0.04695,160.5,P,0.89,-0.002305784,NCCBW,1,0.886358
0.001321691,cc,48565,86036,-0.0690899,160.5,P,0.92,-0.001321691,NCCLC,1,0.918892
0.015257902,cc,48565,86036,-0.05196,160.5,P,0.77,0.015257902,NCCMC,1,0.195311
0.001780346,cc,48565,86036,-0.066735,160.5,P,0.7,0.001780346,NCCMJ,1,0.698232
0.000513179,cc,48565,86036,-0.0686049,160.5,P,0.89,-0.000513179,NCCPL,1,0.889512
0.004336759,cc,48565,86036,-0.017505,160.5,P,0.68,0.004336759,NCCSP,1,0.663239
0.000836573,cc,48565,86036,-0.0655997,160.5,P,0.84,-0.000836573,NCJBG,1,0.839345
0.00046263500000000003,cc,48565,86036,-0.0683501,160.5,P,0.8,-0.00046263500000000003,NCJBM,1,0.799548
0.0037554050000000003,cc,48565,86036,-0.0614698,160.5,P,0.74,0.0037554050000000003,NCJHP,1,0.727925
0.003635264,cc,48565,86036,-0.0583949,160.5,P,0.79,-0.003635264,NCJMG,1,0.776021
0.0115526,cc,48565,86036,-0.0554998,160.5,P,0.89,0.0115526,NCJPP,1,0.521493
0.009375416,cc,48565,86036,-0.0517702,160.5,P,0.64,-0.009375416,NCJPR,1,0.477511
0.002291183,cc,48565,86036,-0.0673501,160.5,P,0.91,-0.002291183,NCJPS,1,0.905567
0.00784298,cc,48565,86036,-0.0754001,160.5,P,0.73,-0.00784298,NCJSM,1,0.619388
0.000452504,cc,48565,86036,-0.0204899,160.5,P,0.79,-0.000452504,NCNLN,1,0.789578
0.001750467,cc,48565,238298,-0.0654801,180.1,P,0.92,-0.001750467,NCCAI,1,0.917299
0.010589938,cc,48565,238298,-0.0208598,180.1,P,0.78,0.010589938,NCCPL,1,0.526484
0.001129606,cc,48565,238298,-0.02975,180.1,P,0.74,0.001129606,NCJBM,1,0.739076
0.000515154,cc,48565,238298,-0.038875,180.1,P,0.79,0.000515154,NCJEG,1,0.789226
0.001306449,cc,48565,238298,-0.0321251,180.1,P,0.63,0.001306449,NCJHP,1,0.629094
0.010768841,cc,48565,238298,-0.0209004,180.1,P,0.85,0.010768841,NCJPP,1,0.562806
0.004537335,cc,48565,238298,-0.0381499,180.1,P,0.87,-0.004537335,NCJPS,1,0.840224
0.005315846,cc,48565,238298,-0.087155,180.1,P,0.81,-0.005315846,NCNLN,1,0.7705
0.001950956,cc,48565,238298,-0.0793496,180.1,P,0.79,0.001950956,NCNTB,1,0.787369
0.0007446390000000001,cc,48565,242027,-0.04764,91.0,P,0.94,-0.0007446390000000001,NCCAI,1,0.939768
0.007900368,cc,48565,242027,-0.0572949,91.0,P,0.82,0.007900368,NCCBR,1,0.700884
0.003368392,cc,48565,242027,-0.0709452,91.0,P,0.88,-0.003368392,NCCLC,1,0.868071
0.003870943,cc,48565,242027,-0.0451151,91.0,P,0.59,-0.003870943,NCNOL,1,0.578799
0.004582671,cc,48565,242668,-0.1357395,545.6,P,0.66,-0.004582671,NCCVL,1,0.494364
0.001852519,cc,48565,242668,-0.1334249,545.6,P,0.69,0.001852519,NCCPL,1,0.535342
0.008581318,cc,48565,242668,-0.0902452,545.6,P,0.71,0.008581318,NCJEG,1,0.451419
0.007333131,cc,48565,242668,-0.1268999,545.6,P,0.66,-0.007333131,NCJPS,1,0.447322
0.017602351999999998,cc,48565,30034705,-0.0573851,526.0,P,0.73,-0.017602351999999998,NCCAI,1,0.037845
0.010289211999999999,cc,48565,30034705,-0.1223,526.0,P,0.8,-0.010289211999999999,NCJPS,1,0.446053
0.001495345,cc,48565,402094,0.0151651,718.4,P,0.6,-0.001495345,NCCAI,1,0.20288
0.00037666100000000003,cc,48565,30058032,0.05333,194.1,P,0.89,-0.00037666100000000003,NCCAI,1,0.888754
0.006837988000000001,cc,48565,30058032,0.02934,194.1,P,0.67,0.006837988000000001,NCJHP,1,0.606585
0.003307537,cc,48565,30065107,-0.0426291,160.4,P,0.95,-0.003307537,NCCAI,1,0.936948
0.005383191,cc,48565,30065107,-0.0621987,160.4,P,0.77,0.005383191,NCCAL,1,0.732926
0.002391889,cc,48565,30065107,-0.046779,160.4,P,0.91,0.002391889,NCCBW,1,0.905748
0.010334131,cc,48565,30065107,-0.0780593,160.4,P,0.91,-0.010334131,NCCLC,1,0.616461
0.000269262,cc,48565,30065107,-0.029089,160.4,P,0.8,0.000269262,NCCSP,1,0.799582
0.00490515,cc,48565,30065107,-0.0719987,160.4,P,0.78,-0.00490515,NCJBM,1,0.748259
0.005313055999999999,cc,48565,30065107,-0.064689,160.4,P,0.63,-0.005313055999999999,NCJEG,1,0.597413
0.006894987,cc,48565,30065107,-0.057819,160.4,P,0.72,0.006894987,NCJHP,1,0.649822
0.006175353999999999,cc,48565,30065107,-0.0490891,160.4,P,0.77,0.006175353999999999,NCJMG,1,0.716109
0.00023496000000000001,cc,48565,30065107,-0.0647489,160.4,P,0.84,-0.00023496000000000001,NCJPS,1,0.83955
0.002478766,cc,48565,30065107,-0.0294641,160.4,P,0.79,-0.002478766,NCNLH,1,0.785845
0.003248929,cc,48565,30065107,-0.0264841,160.4,P,0.78,-0.003248929,NCNLN,1,0.770648
0.005444715,cc,48565,30065107,-0.0181991,160.4,P,0.87,0.005444715,NCNTB,1,0.826082
0.002849117,cc,48565,30107759,-0.0892911,253.4,P,0.88,-0.002849117,NCCAI,1,0.86877
0.001209986,cc,48565,30107759,-0.0394711,253.4,P,0.71,-0.001209986,NCCLC,1,0.705648
0.000789639,cc,48565,30107759,-0.0423863,253.4,P,0.73,-0.000789639,NCJHP,1,0.725944
0.0030717910000000004,cc,48565,30107759,-0.0533008,253.4,P,0.8,-0.0030717910000000004,NCJSA,1,0.787514
0.002166754,cc,48565,30107759,-0.1160509,253.4,P,0.71,-0.002166754,NCNCF,1,0.704161
0.007248778,cc,48565,30107759,-0.091161,253.4,P,0.81,0.007248778,NCNTA,1,0.709147
0.005439650999999999,cc,48565,30107759,-0.1050508,253.4,P,0.86,0.005439650999999999,NCNTB,1,0.810063
0.005289427,cc,48565,484120,-0.053201,601.5,P,0.8,0.005289427,NCCBR,1,0.505113
0.002283139,cc,52942,86036,0.0271237,386.4,P,0.66,0.002283139,NCCDO,1,0.62648
0.0069941380000000004,cc,52942,86036,0.0417641,386.4,P,0.59,0.0069941380000000004,NCCPL,1,0.495632
0.011802486999999999,cc,52942,86036,-0.002876,386.4,P,0.77,-0.011802486999999999,NCJEG,1,0.408748
0.005258231,cc,52942,86036,0.0342494,386.4,P,0.72,0.005258231,NCJPP,1,0.655956
0.004898672999999999,cc,52942,86036,0.0140942,386.4,P,0.64,0.004898672999999999,NCJSA,1,0.589503
0.012612231,cc,52942,86036,-0.0704007,386.4,P,0.75,0.012612231,NCNTB,1,0.299253
0.005433801,cc,52942,238298,0.0136039,721.9,P,0.62,0.005433801,NCJMG,1,0.193382
0.00817464,cc,52942,242027,-0.0004302,455.8,P,0.8,-0.00817464,NCJSA,1,0.600298
0.005511561999999999,cc,52942,242668,-0.0268,10.8,P,0.59,0.005511561999999999,NCCAL,1,0.557818
0.006864366,cc,52942,242668,-0.02616,10.8,P,0.96,0.006864366,NCCBR,1,0.860344
0.002846556,cc,52942,242668,-0.0350998,10.8,P,0.85,-0.002846556,NCCCO,1,0.844069
0.011981288,cc,52942,242668,-0.0197299,10.8,P,0.85,0.011981288,NCCCY,1,0.45817
0.011129944999999999,cc,52942,242668,-0.0441898,10.8,P,0.91,-0.011129944999999999,NCCDO,1,0.568238
0.003627625,cc,52942,242668,-0.0360998,10.8,P,0.97,-0.003627625,NCCLC,1,0.955772
0.009518681000000001,cc,52942,242668,-0.0423001,10.8,P,0.93,-0.009518681000000001,NCCDV,1,0.698939
0.004593161,cc,52942,242668,-0.0374998,10.8,P,0.85,-0.004593161,NCCMN,1,0.82492
0.008754484,cc,52942,242668,-0.0239299,10.8,P,0.9,0.008754484,NCCVL,1,0.714926
0.001811231,cc,52942,242668,-0.0301051,10.8,P,0.96,0.001811231,NCCMC,1,0.958118
0.002833403,cc,52942,242668,-0.0294755,10.8,P,0.94,0.002833403,NCCMJ,1,0.93274
0.011265795,cc,52942,242668,-0.02115,10.8,P,0.95,0.011265795,NCCPL,1,0.570811
0.006538456,cc,52942,242668,-0.0384451,10.8,P,0.94,-0.006538456,NCCSP,1,0.855751
0.000413152,cc,52942,242668,-0.0323003,10.8,P,0.89,-0.000413152,NCJAL,1,0.889985
0.0051287469999999995,cc,52942,242668,-0.0364498,10.8,P,0.88,-0.0051287469999999995,NCJBM,1,0.842245
0.002736168,cc,52942,242668,-0.0278099,10.8,P,0.79,0.002736168,NCJEG,1,0.785052
0.000500212,cc,52942,242668,-0.030455,10.8,P,0.94,0.000500212,NCJHP,1,0.939966
0.004678497,cc,52942,242668,-0.0256949,10.8,P,0.69,0.004678497,NCJMG,1,0.668311
0.005523687,cc,52942,242668,-0.0367001,10.8,P,0.95,-0.005523687,NCJPP,1,0.899048
0.013001203999999999,cc,52942,242668,-0.0172549,10.8,P,0.91,0.013001203999999999,NCJPR,1,0.412453
0.0040655299999999995,cc,52942,242668,-0.0349997,10.8,P,0.89,-0.0040655299999999995,NCJPS,1,0.870531
0.003179636,cc,52942,242668,-0.0337299,10.8,P,0.89,-0.003179636,NCJSA,1,0.880375
0.001474391,cc,52942,242668,-0.0328496,10.8,P,0.75,-0.001474391,NCJSC,1,0.749231
0.002662097,cc,52942,242668,-0.0293497,10.8,P,0.81,0.002662097,NCJST,1,0.804805
0.0006472369999999999,cc,52942,242668,-0.031,10.8,P,0.82,0.0006472369999999999,NCNCF,1,0.819943
0.003697418,cc,52942,242668,-0.0354498,10.8,P,0.89,-0.003697418,NCNFR,1,0.875407
0.0018616820000000001,cc,52942,242668,-0.0312203,10.8,P,0.91,0.0018616820000000001,NCNGV,1,0.908034
0.0036946400000000003,cc,52942,242668,-0.0350698,10.8,P,0.99,-0.0036946400000000003,NCNLN,1,0.973169
0.009671533999999999,cc,52942,242668,-0.0406102,10.8,P,0.88,-0.009671533999999999,NCNOL,1,0.642169
0.002791323,cc,52942,242668,-0.0294999,10.8,P,0.94,0.002791323,NCNSH,1,0.933552
0.006429041,cc,52942,242668,-0.0242449,10.8,P,0.98,0.006429041,NCNTA,1,0.901349
0.001513228,cc,52942,242668,-0.0298003,10.8,P,0.91,0.001513228,NCNTB,1,0.909103
0.002859937,cc,52942,242668,-0.0291499,10.8,P,0.93,0.002859937,NCNTY,1,0.923232
0.000975199,cc,52942,242668,-0.0315102,10.8,P,0.92,0.000975199,NCNVE,1,0.919733
0.00077096,cc,52942,30034705,-0.0277599,263.4,P,0.88,0.00077096,NCCBR,1,0.874674
0.004768961,cc,52942,30034705,-0.039675,263.4,P,0.69,0.004768961,NCCBW,1,0.665756
0.00039252300000000004,cc,52942,30034705,-0.0035,263.4,P,0.72,0.00039252300000000004,NCCCO,1,0.715642
0.004964258,cc,52942,30034705,-0.0266099,263.4,P,0.66,-0.004964258,NCCLC,1,0.628731
0.003345111,cc,52942,30034705,-0.0333151,263.4,P,0.7,0.003345111,NCCMC,1,0.689173
0.007309923,cc,52942,30034705,-0.0102449,263.4,P,0.68,0.007309923,NCCMJ,1,0.59561
0.007525286999999999,cc,52942,30034705,-0.0283251,263.4,P,0.75,-0.007525286999999999,NCCMO,1,0.64443
0.005782018,cc,52942,30034705,-0.0129504,263.4,P,0.58,0.005782018,NCCST,1,0.542565
0.001880719,cc,52942,30034705,-0.0264797,263.4,P,0.66,0.001880719,NCJEG,1,0.654356
0.001621423,cc,52942,30034705,-0.0249996,263.4,P,0.8,-0.001621423,NCJPS,1,0.794248
0.0031390539999999996,cc,52942,30034705,-0.0470553,263.4,P,0.78,0.0031390539999999996,NCNBR,1,0.766035
0.014934629,cc,52942,30034705,-0.0638399,263.4,P,0.71,-0.014934629,NCNOL,1,0.201835
0.004114621,cc,52942,30034705,-0.0458498,263.4,P,0.82,0.004114621,NCNTB,1,0.793543
0.005820533,cc,52942,30034705,-0.0442,263.4,P,0.72,0.005820533,NCNTY,1,0.666307
0.003661044,cc,52942,402094,-0.022885,172.4,P,0.72,0.003661044,NCCBR,1,0.706041
0.001447696,cc,52942,402094,-0.0306997,172.4,P,0.73,-0.001447696,NCCCO,1,0.728642
0.000659608,cc,52942,402094,-0.0322051,172.4,P,0.77,-0.000659608,NCCLC,1,0.769369
0.006333586,cc,52942,402094,-0.0356498,172.4,P,0.81,-0.006333586,NCCDV,1,0.748239
0.0023673880000000002,cc,52942,402094,-0.034165,172.4,P,0.81,-0.0023673880000000002,NCCMC,1,0.806947
0.013035132000000001,cc,52942,402094,-0.0348554,172.4,P,0.7,-0.013035132000000001,NCCMO,1,0.317114
0.00431636,cc,52942,402094,-0.0136852,172.4,P,0.79,0.00431636,NCJMG,1,0.76878
0.002902193,cc,52942,402094,-0.0257001,172.4,P,0.79,0.002902193,NCJPS,1,0.782795
0.004366795,cc,52942,402094,0.0255499,172.4,P,0.69,0.004366795,NCNCF,1,0.671712
0.005155405,cc,52942,402094,0.0142698,172.4,P,0.9,-0.005155405,NCNLN,1,0.858894
0.00392049,cc,52942,402094,0.02285,172.4,P,0.9,0.00392049,NCNTB,1,0.882633
0.017533264,cc,52942,30065107,-0.0086288,400.4,P,0.64,-0.017533264,NCJEG,1,0.043784
0.00045601,cc,52942,30065107,-0.0720892,400.4,P,0.72,-0.00045601,NCNLH,1,0.682989
0.0005017359999999999,cc,52942,30107759,-0.151666,797.0,P,0.58,-0.0005017359999999999,NCNLH,1,0.07989
0.0036107870000000003,cc,52942,484120,0.0311691,57.4,P,0.94,0.0036107870000000003,NCCBR,1,0.924554
0.002387867,cc,52942,484120,0.030439,57.4,P,0.89,-0.002387867,NCCBW,1,0.886683
0.009350386,cc,52942,484120,0.017749,57.4,P,0.71,-0.009350386,NCCDO,1,0.5426
0.0004908029999999999,cc,52942,484120,0.0261139,57.4,P,0.81,-0.0004908029999999999,NCCLC,1,0.809978
0.001199737,cc,52942,484120,0.029254,57.4,P,0.77,0.001199737,NCCMC,1,0.769472
0.001525743,cc,52942,484120,0.0424491,57.4,P,0.8,-0.001525743,NCCSP,1,0.799179
0.003257454,cc,52942,484120,0.037764,57.4,P,0.56,0.003257454,NCJMG,1,0.553923
0.005285901,cc,86036,238298,0.03116,338.1,P,0.8,-0.005285901,NCCLC,1,0.74201
0.010677768,cc,86036,238298,0.021,338.1,P,0.74,-0.010677768,NCCDV,1,0.459212
0.00940091,cc,86036,238298,0.0200199,338.1,P,0.73,0.00940091,NCJMG,1,0.53971
0.0029829400000000003,cc,86036,238298,0.0324003,338.1,P,0.8,-0.0029829400000000003,NCJPP,1,0.775243
0.003536778,cc,86036,238298,-0.0563349,338.1,P,0.76,-0.003536778,NCNOL,1,0.73239
0.004581405,cc,86036,238298,-0.0561999,338.1,P,0.76,0.004581405,NCNTB,1,0.722085
0.00046429100000000003,cc,86036,242027,-0.01236,71.1,P,0.94,-0.00046429100000000003,NCCAI,1,0.939972
0.001481657,cc,86036,242027,-0.0012902,71.1,P,0.94,-0.001481657,NCCLC,1,0.938683
0.009127719000000001,cc,86036,242027,-0.0100502,71.1,P,0.73,-0.009127719000000001,NCCDV,1,0.555057
0.004627037,cc,86036,242027,0.0053201,71.1,P,0.69,0.004627037,NCCMJ,1,0.670289
0.004713288,cc,86036,242027,-0.0237749,71.1,P,0.83,-0.004713288,NCCSP,1,0.802552
0.003919683,cc,86036,242027,-0.0209102,71.1,P,0.71,-0.003919683,NCNOL,1,0.695671
0.0052365269999999995,cc,86036,242668,-0.0614099,385.7,P,0.69,0.0052365269999999995,NCCLC,1,0.633518
0.009732573999999999,cc,86036,242668,-0.02974,385.7,P,0.7,0.009732573999999999,NCJEG,1,0.490485
0.010832503,cc,86036,242668,-0.071,385.7,P,0.72,-0.010832503,NCJPP,1,0.440195
0.017061884,cc,86036,30034705,-0.021845,391.3,P,0.77,-0.017061884,NCCAI,1,0.076666
0.0037669640000000002,cc,86036,30034705,-0.0259601,391.3,P,0.74,0.0037669640000000002,NCJMG,1,0.691599
0.005048314999999999,cc,86036,30034705,-0.0520002,391.3,P,0.85,-0.005048314999999999,NCJPS,1,0.778179
0.004106378,cc,86036,30034705,-0.0554501,391.3,P,0.74,-0.004106378,NCJSM,1,0.68944
0.002629997,cc,86036,402094,0.0490301,558.1,P,0.67,-0.002629997,NCCAI,1,0.500076
0.000475713,cc,86036,402094,-0.0517002,558.1,P,0.75,0.000475713,NCJPS,1,0.562846
0.002106174,cc,86036,30058032,0.0866001,66.8,P,0.96,-0.002106174,NCCAI,1,0.957182
0.002868449,cc,86036,30058032,0.088725,66.8,P,0.92,0.002868449,NCCBW,1,0.913816
0.003751613,cc,86036,30058032,0.079205,66.8,P,0.73,-0.003751613,NCCMC,1,0.717824
0.000322691,cc,86036,30058032,0.0879251,66.8,P,0.85,0.000322691,NCCSP,1,0.849984
0.0032480440000000003,cc,86036,30058032,0.0909752,66.8,P,0.88,0.0032480440000000003,NCJHP,1,0.870829
0.005388939,cc,86036,30058032,0.0942797,66.8,P,0.79,0.005388939,NCJMG,1,0.751454
0.01025207,cc,86036,30058032,0.0998799,66.8,P,0.64,0.01025207,NCJPR,1,0.443201
0.008880457,cc,86036,30058032,0.0837306,66.8,P,0.87,-0.008880457,NCNOL,1,0.681986
0.008076838000000001,cc,86036,30058032,0.1000699,66.8,P,0.77,0.008076838000000001,NCNTA,1,0.64957
0.0024671289999999998,cc,86036,30065107,-0.0067891,55.6,P,0.97,-0.0024671289999999998,NCCAI,1,0.965571
0.004332662,cc,86036,30065107,-0.0001941,55.6,P,0.96,0.004332662,NCCBW,1,0.937075
0.012655701,cc,86036,30065107,0.0135011,55.6,P,0.89,0.012655701,NCCCY,1,0.432101
0.000742689,cc,86036,30065107,-0.0010987,55.6,P,0.66,0.000742689,NCCDU,1,0.659978
0.003302069,cc,86036,30065107,-0.003259,55.6,P,0.98,-0.003302069,NCCLC,1,0.967404
0.008337146,cc,86036,30065107,-0.0075992,55.6,P,0.92,-0.008337146,NCCDV,1,0.748873
0.004299002,cc,86036,30065107,-0.0036491,55.6,P,0.85,-0.004299002,NCCMN,1,0.825541
0.008247157,cc,86036,30065107,-0.008129,55.6,P,0.72,-0.008247157,NCCMO,1,0.587581
0.0019925330000000003,cc,86036,30065107,-0.009509,55.6,P,0.88,-0.0019925330000000003,NCCSP,1,0.87778
0.009601426,cc,86036,30065107,0.013651,55.6,P,0.71,0.009601426,NCJAL,1,0.537865
0.004592711,cc,86036,30065107,-0.0037988,55.6,P,0.89,-0.004592711,NCJBM,1,0.861436
0.002306897,cc,86036,30065107,-0.002329,55.6,P,0.75,-0.002306897,NCJEG,1,0.74699
0.0034552550000000004,cc,86036,30065107,0.0039665,55.6,P,0.9,0.0034552550000000004,NCJHP,1,0.888381
0.00895065,cc,86036,30065107,0.0084459,55.6,P,0.84,0.00895065,NCJMG,1,0.660194
0.015471596999999998,cc,86036,30065107,0.013301,55.6,P,0.78,0.015471596999999998,NCJPR,1,0.169125
0.002077215,cc,86036,30065107,-0.0021492,55.6,P,0.9,-0.002077215,NCJSA,1,0.897364
0.006589518,cc,86036,30065107,-0.0058244,55.6,P,0.8,-0.006589518,NCJSF,1,0.726602
7.406e-05,cc,86036,30065107,0.0007006,55.6,P,0.75,-7.406e-05,NCJSM,1,0.749997
0.003997174,cc,86036,30065107,0.0009362,55.6,P,0.96,0.003997174,NCNGV,1,0.944004
0.002421147,cc,86036,30065107,-0.0056189,55.6,P,0.97,-0.002421147,NCNLN,1,0.964742
0.006575487,cc,86036,30065107,-0.0094536,55.6,P,0.89,-0.006575487,NCNOL,1,0.8072
0.010907607,cc,86036,30065107,-0.0143291,55.6,P,0.93,-0.010907607,NCNSP,1,0.575939
0.010616168,cc,86036,30065107,0.0078911,55.6,P,0.78,0.010616168,NCNTA,1,0.520236
0.003375949,cc,86036,30065107,0.0002514,55.6,P,0.94,0.003375949,NCNTB,1,0.929707
0.002946341,cc,86036,30107759,-0.048496,412.6,P,0.86,0.002946341,NCCAI,1,0.801962
0.0017381809999999999,cc,86036,30107759,0.0277689,412.6,P,0.69,-0.0017381809999999999,NCCLC,1,0.648341
0.010390992,cc,86036,30107759,0.0134988,412.6,P,0.76,-0.010390992,NCCDV,1,0.470374
0.005226771,cc,86036,30107759,0.0345488,412.6,P,0.66,0.005226771,NCJSM,1,0.594829
0.006793113,cc,86036,30107759,-0.0870609,412.6,P,0.72,-0.006793113,NCNOL,1,0.612354
0.006237708,cc,86036,30107759,-0.0640461,412.6,P,0.75,0.006237708,NCNTA,1,0.651032
0.0028201380000000002,cc,86036,30107759,-0.087151,412.6,P,0.78,0.0028201380000000002,NCNTB,1,0.729437
0.008666944000000001,cc,86036,484120,0.0147388,441.8,P,0.66,-0.008666944000000001,NCJSA,1,0.486946
0.000375688,cc,238298,242027,0.01721,268.6,P,0.87,0.000375688,NCCAI,1,0.863946
0.003878698,cc,238298,242027,-0.0045,268.6,P,0.75,-0.003878698,NCCBW,1,0.730642
0.002909697,cc,238298,242027,-0.0333448,268.6,P,0.77,0.002909697,NCCLC,1,0.758346
0.0018003880000000002,cc,238298,242027,-0.0307999,268.6,P,0.77,0.0018003880000000002,NCCDV,1,0.763059
0.001077042,cc,238298,242027,0.032685,268.6,P,0.78,0.001077042,NCCPI,1,0.774304
0.000432486,cc,238298,242027,0.0362401,268.6,P,0.66,0.000432486,NCNOL,1,0.655397
0.008445672999999999,cc,238298,242027,-0.0097099,268.6,P,0.82,0.008445672999999999,NCJSB,1,0.665598
0.002253801,cc,238298,242027,-0.0195699,268.6,P,0.9,-0.002253801,NCCSV,1,0.890623
0.002817663,cc,238298,242027,0.04568,268.6,P,0.83,0.002817663,NCNHF,1,0.818261
0.009477314,cc,238298,242668,-0.0634539,720.5,P,0.85,-0.009477314,NCCSV,1,0.205131
0.003907676,cc,238298,242668,-0.0834041,720.5,P,0.78,-0.003907676,NCJCP,1,0.254124
0.005718599,cc,238298,30034705,-0.0463049,702.1,P,0.67,0.005718599,NCCMO,1,0.248229
0.012363621,cc,238298,30034705,-0.0650504,702.1,P,0.58,0.012363621,NCJBG,1,0.11073
0.001277844,cc,238298,402094,-0.0849001,894.2,P,0.79,-0.001277844,NCJPS,1,0.010015
0.00185005,cc,238298,402094,-0.0778,894.2,P,0.79,-0.00185005,NCJCP,1,0.010004
0.004320849,cc,238298,30058032,0.14973,373.8,P,0.73,0.004320849,NCNOL,1,0.686136
0.005847044,cc,238298,30065107,0.018561,340.0,P,0.9,-0.005847044,NCCAI,1,0.822289
0.0016438429999999999,cc,238298,30065107,-0.034759,340.0,P,0.77,0.0016438429999999999,NCCLC,1,0.751444
0.002690617,cc,238298,30065107,-0.0282493,340.0,P,0.79,0.002690617,NCCDV,1,0.766878
0.006575091999999999,cc,238298,30065107,-0.0228441,340.0,P,0.67,-0.006575091999999999,NCCMO,1,0.598696
0.0036753529999999997,cc,238298,30065107,-0.0147991,340.0,P,0.65,-0.0036753529999999997,NCJMG,1,0.625303
0.0036474429999999998,cc,238298,30065107,-0.0345487,340.0,P,0.8,-0.0036474429999999998,NCJPS,1,0.77026
0.005461881,cc,238298,30065107,-0.041049,340.0,P,0.57,-0.005461881,NCJSM,1,0.529269
0.000485296,cc,238298,30065107,0.044641,340.0,P,0.78,0.000485296,NCCPI,1,0.762415
0.001728841,cc,238298,30065107,0.0481911,340.0,P,0.77,-0.001728841,NCNOL,1,0.751317
0.000606076,cc,238298,30065107,0.0570507,340.0,P,0.77,-0.000606076,NCNTB,1,0.752595
0.001875743,cc,238298,30065107,-0.0144091,340.0,P,0.78,-0.001875743,NCCSV,1,0.760957
0.003136682,cc,238298,30065107,-0.031589,340.0,P,0.78,-0.003136682,NCJCP,1,0.755127
0.003648794,cc,238298,30065107,0.0564609,340.0,P,0.69,-0.003648794,NCNMI,1,0.663692
0.00067755,cc,238298,30107759,-0.0233899,75.4,P,0.97,-0.00067755,NCCAI,1,0.969918
0.003350721,cc,238298,30107759,-0.0099001,75.4,P,0.84,-0.003350721,NCCAL,1,0.829751
0.000588178,cc,238298,30107759,-0.0071998,75.4,P,0.86,0.000588178,NCCDV,1,0.859938
0.00016636500000000002,cc,238298,30107759,-0.0084501,75.4,P,0.81,-0.00016636500000000002,NCCMN,1,0.809988
0.000655254,cc,238298,30107759,-0.0067599,75.4,P,0.77,0.000655254,NCCMC,1,0.769926
0.002175842,cc,238298,30107759,-0.0043698,75.4,P,0.83,0.002175842,NCCMJ,1,0.827263
0.002383531,cc,238298,30107759,-0.0088101,75.4,P,0.85,0.002383531,NCCMO,1,0.846381
0.000561773,cc,238298,30107759,-0.02835,75.4,P,0.76,0.000561773,NCCSP,1,0.759937
0.0026212339999999996,cc,238298,30107759,-0.0098,75.4,P,0.8,-0.0026212339999999996,NCJAL,1,0.795454
0.0060794709999999995,cc,238298,30107759,-0.0023003,75.4,P,0.81,0.0060794709999999995,NCJBG,1,0.751744
0.00198054,cc,238298,30107759,-0.0049,75.4,P,0.82,0.00198054,NCJBM,1,0.81788
0.002185681,cc,238298,30107759,-0.0103508,75.4,P,0.87,-0.002185681,NCJHP,1,0.867177
0.005977024,cc,238298,30107759,-0.0131498,75.4,P,0.75,-0.005977024,NCJJR,1,0.699965
0.0010828329999999998,cc,238298,30107759,-0.0071502,75.4,P,0.84,0.0010828329999999998,NCJPS,1,0.839615
0.001806967,cc,238298,30107759,-0.0051151,75.4,P,0.75,0.001806967,NCJSF,1,0.74852
0.008048635,cc,238298,30107759,-0.0355499,75.4,P,0.87,-0.008048635,NCNLH,1,0.732596
0.000388293,cc,238298,30107759,-0.0298052,75.4,P,0.94,-0.000388293,NCNLN,1,0.939979
0.002650238,cc,238298,30107759,-0.0301199,75.4,P,0.87,-0.002650238,NCNOL,1,0.865238
0.000893253,cc,238298,30107759,-0.0298448,75.4,P,0.82,0.000893253,NCNSP,1,0.81976
0.001931841,cc,238298,30107759,-0.0237752,75.4,P,0.92,0.001931841,NCNTA,1,0.91756
0.005139557,cc,238298,30107759,-0.0240503,75.4,P,0.85,0.005139557,NCNTB,1,0.811604
0.001375587,cc,238298,30107759,-0.0133949,75.4,P,0.9,-0.001375587,NCJSB,1,0.899315
0.004842251,cc,238298,30107759,-0.00771,75.4,P,0.72,0.004842251,NCCSV,1,0.694321
0.001451459,cc,238298,30107759,-0.0103899,75.4,P,0.81,-0.001451459,NCJCP,1,0.809247
0.000675585,cc,238298,30107759,-0.0101798,75.4,P,0.94,-0.000675585,NCJCH,1,0.93991
0.002262675,cc,238298,484120,0.00551,775.8,P,0.65,0.002262675,NCJSA,1,0.12009
0.0028275410000000003,cc,242027,242668,0.0281599,454.7,P,0.77,-0.0028275410000000003,NCCAI,1,0.690024
0.004494802,cc,242027,242668,-0.0337999,454.7,P,0.76,0.004494802,NCJSA,1,0.667091
0.006193662,cc,242027,242668,0.05907,454.7,P,0.68,0.006193662,NCCPI,1,0.57961
0.006404351,cc,242027,242668,-0.0430649,454.7,P,0.87,-0.006404351,NCCSV,1,0.710914
0.00109943,cc,242027,242668,-0.0460801,454.7,P,0.79,0.00109943,NCJCH,1,0.713843
0.016477676,cc,242027,30034705,-0.009365,448.1,P,0.69,-0.016477676,NCCAI,1,0.08749
0.0059280290000000005,cc,242027,30034705,-0.0390749,448.1,P,0.73,-0.0059280290000000005,NCJSB,1,0.624649
0.0010562450000000001,cc,242027,30034705,-0.04356,448.1,P,0.8,-0.0010562450000000001,NCJCH,1,0.728613
0.007310151,cc,242027,402094,0.12012,627.7,P,0.67,0.007310151,NCCSP,1,0.350453
0.009128182,cc,242027,402094,0.10804,627.7,P,0.77,0.009128182,NCCPI,1,0.362799
0.006260318,cc,242027,402094,-0.0361449,627.7,P,0.7,0.006260318,NCJCH,1,0.380073
0.000537044,cc,242027,30058032,0.100065,112.7,P,0.92,-0.000537044,NCCAI,1,0.919858
0.0029068130000000003,cc,242027,30058032,0.0900052,112.7,P,0.58,0.0029068130000000003,NCJHP,1,0.575416
0.000105058,cc,242027,30058032,0.0922848,112.7,P,0.67,0.000105058,NCJMG,1,0.669939
0.002030953,cc,242027,30058032,0.0877803,112.7,P,0.83,-0.002030953,NCJSA,1,0.827597
0.001719434,cc,242027,30058032,0.105265,112.7,P,0.82,-0.001719434,NCCPI,1,0.818594
0.002658615,cc,242027,30058032,0.1122602,112.7,P,0.66,0.002658615,NCNOL,1,0.65613
0.001411291,cc,242027,30058032,0.0920399,112.7,P,0.72,0.001411291,NCJSB,1,0.719322
0.000519911,cc,242027,30058032,0.08927,112.7,P,0.87,-0.000519911,NCCVP,1,0.869886
0.004901459,cc,242027,30058032,0.10739,112.7,P,0.83,-0.004901459,NCNHF,1,0.79804
0.000368291,cc,242027,30065107,-0.001049,82.2,P,0.76,0.000368291,NCCSL,1,0.759969
0.002542857,cc,242027,30065107,0.0050309,82.2,P,0.96,-0.002542857,NCCAI,1,0.954812
0.004084333,cc,242027,30065107,-0.003084,82.2,P,0.96,-0.004084333,NCCBR,1,0.939561
0.0017157469999999999,cc,242027,30065107,-0.0018641,82.2,P,0.96,-0.0017157469999999999,NCCLC,1,0.958496
0.000890232,cc,242027,30065107,0.0025507,82.2,P,0.72,0.000890232,NCCDV,1,0.719807
0.00525586,cc,242027,30065107,0.0168011,82.2,P,0.77,0.00525586,NCCSP,1,0.734627
0.001926543,cc,242027,30065107,0.0047107,82.2,P,0.68,0.001926543,NCJMG,1,0.678418
0.000946866,cc,242027,30065107,0.0116009,82.2,P,0.9,-0.000946866,NCCPI,1,0.899731
0.0017660260000000002,cc,242027,30065107,0.0123463,82.2,P,0.75,-0.0017660260000000002,NCNOL,1,0.748552
0.0019029309999999999,cc,242027,30065107,0.0036908,82.2,P,0.86,0.0019029309999999999,NCJSB,1,0.858059
0.001418044,cc,242027,30065107,0.0062009,82.2,P,0.82,0.001418044,NCCSV,1,0.819201
0.001380549,cc,242027,30065107,0.001391,82.2,P,0.92,0.001380549,NCCVP,1,0.91909
0.000499506,cc,242027,30065107,0.016506,82.2,P,0.88,0.000499506,NCNHF,1,0.879957
0.0006155350000000001,cc,242027,30107759,-0.0389311,342.8,P,0.83,0.0006155350000000001,NCCAI,1,0.8104
0.0047923340000000005,cc,242027,30107759,0.0013439,342.8,P,0.77,-0.0047923340000000005,NCJSB,1,0.726234
0.002650223,cc,242027,30107759,0.0074141,342.8,P,0.6,0.002650223,NCCSV,1,0.58265
1.0857e-05,cc,242027,30107759,0.017059,342.8,P,0.8,1.0857e-05,NCJCH,1,0.781211
0.0036973630000000004,cc,242027,484120,0.0285542,510.6,P,0.75,0.0036973630000000004,NCJSA,1,0.615433
0.008043963,cc,242027,484120,0.056339,510.6,P,0.75,-0.008043963,NCCVP,1,0.537676
0.000365474,cc,242668,30034705,0.00799,265.1,P,0.64,-0.000365474,NCCSL,1,0.635974
0.003689209,cc,242668,30034705,0.03205,265.1,P,0.61,0.003689209,NCCCO,1,0.595436
0.002401414,cc,242668,30034705,0.0084251,265.1,P,0.7,-0.002401414,NCCLC,1,0.691835
0.005863912,cc,242668,30034705,0.0209502,265.1,P,0.88,0.005863912,NCCDV,1,0.82245
8.832e-06,cc,242668,30034705,-0.004735,265.1,P,0.7,8.832e-06,NCCMC,1,0.695623
0.0033664380000000002,cc,242668,30034705,0.0181206,265.1,P,0.67,0.0033664380000000002,NCCMJ,1,0.658311
0.000564568,cc,242668,30034705,0.0027502,265.1,P,0.62,0.000564568,NCJEG,1,0.616049
0.0016439710000000001,cc,242668,30034705,0.0091999,265.1,P,0.76,0.0016439710000000001,NCJPS,1,0.753977
0.015724569,cc,242668,30034705,0.0260499,265.1,P,0.74,0.015724569,NCJSM,1,0.142235
0.008854955999999999,cc,242668,30034705,-0.03517,265.1,P,0.62,-0.008854955999999999,NCCPI,1,0.481352
0.001969848,cc,242668,30034705,-0.0102951,265.1,P,0.77,0.001969848,NCNGV,1,0.763037
0.002360731,cc,242668,30034705,-0.01565,265.1,P,0.75,0.002360731,NCNTY,1,0.741098
0.0005035230000000001,cc,242668,30034705,-0.0015999,265.1,P,0.82,-0.0005035230000000001,NCJSB,1,0.814866
0.002836695,cc,242668,30034705,-0.0101,265.1,P,0.77,0.002836695,NCNIM,1,0.758862
0.000265727,cc,242668,30034705,0.0044101,265.1,P,0.86,-0.000265727,NCJCH,1,0.854626
0.008711581000000001,cc,242668,30034705,-0.0375349,265.1,P,0.75,-0.008711581000000001,NCCPM,1,0.604662
0.00688307,cc,242668,402094,0.0060099,174.5,P,0.6,0.00688307,NCCSL,1,0.535359
0.003263377,cc,242668,402094,0.0293049,174.5,P,0.77,-0.003263377,NCCAI,1,0.762034
0.004218389,cc,242668,402094,0.0022599,174.5,P,0.71,-0.004218389,NCCBR,1,0.694007
0.001448927,cc,242668,402094,0.0044502,174.5,P,0.66,0.001448927,NCCCO,1,0.658943
0.002423231,cc,242668,402094,0.0033499,174.5,P,0.76,0.002423231,NCCLC,1,0.755457
0.0032351619999999998,cc,242668,402094,0.0067004,174.5,P,0.84,0.0032351619999999998,NCCDV,1,0.829741
0.008039925,cc,242668,402094,0.0077999,174.5,P,0.64,0.008039925,NCJBM,1,0.535278
0.00182789,cc,242668,402094,0.0016502,174.5,P,0.44,0.00182789,NCJSF,1,0.438655
0.004164402,cc,242668,402094,0.0501999,174.5,P,0.86,0.004164402,NCCPI,1,0.836658
3.1145e-05,cc,242668,402094,0.0522755,174.5,P,0.76,3.1145e-05,NCNGV,1,0.759373
0.00997697,cc,242668,402094,0.0602487,174.5,P,0.73,0.00997697,NCNMC,1,0.535757
0.001290534,cc,242668,402094,0.0495098,174.5,P,0.89,-0.001290534,NCNLN,1,0.88866
0.007155196,cc,242668,402094,0.0386103,174.5,P,0.75,-0.007155196,NCNOL,1,0.664913
0.001037781,cc,242668,402094,0.0557998,174.5,P,0.71,0.001037781,NCNSP,1,0.709164
0.0014431989999999998,cc,242668,402094,0.0487998,174.5,P,0.85,-0.0014431989999999998,NCNTB,1,0.848487
0.00458915,cc,242668,402094,0.0142799,174.5,P,0.8,0.00458915,NCJSB,1,0.773095
0.002604886,cc,242668,402094,0.0166248,174.5,P,0.81,0.002604886,NCCSV,1,0.8043
0.000568507,cc,242668,402094,0.0041149,174.5,P,0.8,0.000568507,NCJCP,1,0.799267
0.0039907300000000005,cc,242668,402094,0.0087651,174.5,P,0.77,0.0039907300000000005,NCJCH,1,0.752692
0.0035204900000000003,cc,242668,402094,0.047495,174.5,P,0.77,-0.0035204900000000003,NCNHF,1,0.758723
0.004298898000000001,cc,242668,402094,0.05074,174.5,P,0.78,0.004298898000000001,NCCPM,1,0.757512
0.003422047,cc,242668,402094,0.056325,174.5,P,0.79,0.003422047,NCNMI,1,0.778918
0.000400545,cc,242668,30058032,0.0700151,368.6,P,0.81,0.000400545,NCCAI,1,0.782149
0.003616327,cc,242668,30058032,0.0530349,368.6,P,0.67,-0.003616327,NCNTA,1,0.640121
0.002057245,cc,242668,30058032,0.1335,368.6,P,0.83,-0.002057245,NCJCH,1,0.799127
0.008293737,cc,242668,30065107,0.0583957,399.8,P,0.72,-0.008293737,NCCLC,1,0.569013
0.014999433,cc,242668,30065107,0.0244511,399.8,P,0.62,-0.014999433,NCJEG,1,0.152503
0.004328342,cc,242668,30065107,0.059846,399.8,P,0.72,0.004328342,NCJHP,1,0.665574
0.004672107,cc,242668,30065107,0.0662509,399.8,P,0.66,0.004672107,NCJJR,1,0.605862
0.002066844,cc,242668,30065107,0.0531109,399.8,P,0.77,0.002066844,NCJCP,1,0.728619
0.001079541,cc,242668,30107759,0.0242789,795.6,P,0.51,-0.001079541,NCJMG,1,0.071593
0.0045825300000000005,cc,242668,30107759,0.0336041,795.6,P,0.72,-0.0045825300000000005,NCJSB,1,0.098089
0.0024061490000000002,cc,242668,30107759,0.0729642,795.6,P,0.7,0.0024061490000000002,NCJCP,1,0.097863
0.000203571,cc,242668,30107759,0.0640242,795.6,P,0.79,-0.000203571,NCJCH,1,0.110933
0.001581707,cc,242668,484120,0.060544,56.5,P,0.6,0.001581707,NCCSL,1,0.599194
0.002943638,cc,242668,484120,0.057639,56.5,P,0.93,-0.002943638,NCCBR,1,0.922608
0.001511528,cc,242668,484120,0.058459,56.5,P,0.75,-0.001511528,NCCMC,1,0.749272
0.00499757,cc,242668,484120,0.0808791,56.5,P,0.8,0.00499757,NCCSP,1,0.766089
0.002908152,cc,242668,484120,0.0638037,56.5,P,0.69,0.002908152,NCJHP,1,0.684404
0.0030486270000000004,cc,242668,484120,0.070674,56.5,P,0.93,0.0030486270000000004,NCCVP,1,0.920169
0.002140146,cc,30034705,402094,-0.0274997,347.9,P,0.76,-0.002140146,NCCCO,1,0.738402
0.004719502,cc,30034705,402094,-0.0051804,347.9,P,0.57,0.004719502,NCCLC,1,0.53428
0.004078812,cc,30034705,402094,-0.0156999,347.9,P,0.83,-0.004078812,NCCDV,1,0.794522
0.00089244,cc,30034705,402094,-0.0151701,347.9,P,0.78,-0.00089244,NCCNI,1,0.760999
0.002394097,cc,30034705,402094,0.0117803,347.9,P,0.75,-0.002394097,NCJMG,1,0.728069
0.001438981,cc,30034705,402094,0.0630703,347.9,P,0.58,-0.001438981,NCNGV,1,0.565266
0.0029941200000000003,cc,30034705,402094,0.0658998,347.9,P,0.85,-0.0029941200000000003,NCNTB,1,0.819902
0.0037614999999999997,cc,30034705,402094,0.00386,347.9,P,0.72,0.0037614999999999997,NCJCH,1,0.690939
0.009755585,cc,30034705,402094,0.0850199,347.9,P,0.6,0.009755585,NCCPM,1,0.427603
0.014455746,cc,30034705,30058032,0.1079451,335.7,P,0.74,0.014455746,NCCAI,1,0.225136
0.008740316,cc,30034705,30058032,0.1293001,335.7,P,0.71,-0.008740316,NCJPP,1,0.551837
0.001883112,cc,30034705,30058032,0.13228,335.7,P,0.79,0.001883112,NCCVP,1,0.770243
0.012509900999999999,cc,30034705,30065107,0.012971,367.8,P,0.76,0.012509900999999999,NCCAI,1,0.361809
0.000497817,cc,30034705,30065107,0.0537911,367.8,P,0.82,-0.000497817,NCCNI,1,0.792238
0.0016536139999999999,cc,30034705,30065107,0.0454009,367.8,P,0.72,-0.0016536139999999999,NCJBG,1,0.694416
0.004922502,cc,30034705,30065107,0.0463011,367.8,P,0.69,-0.004922502,NCJPP,1,0.640512
0.005803058,cc,30034705,30065107,0.0515711,367.8,P,0.74,0.005803058,NCJCP,1,0.673287
0.014386646000000001,cc,30034705,30065107,-0.020354,367.8,P,0.67,0.014386646000000001,NCNMI,1,0.161841
0.006236187,cc,30034705,30107759,0.0345937,770.4,P,0.6,-0.006236187,NCCMO,1,0.113321
0.000897069,cc,30034705,30107759,0.0262639,770.4,P,0.67,-0.000897069,NCJMG,1,0.134767
0.0016229340000000001,cc,30034705,30107759,0.0636591,770.4,P,0.81,-0.0016229340000000001,NCJCP,1,0.162705
0.001149917,cc,30034705,484120,0.0572391,294.4,P,0.84,0.001149917,NCCBR,1,0.830354
0.000659775,cc,30034705,484120,0.0455443,294.4,P,0.71,0.000659775,NCCGP,1,0.702439
0.0025187940000000004,cc,402094,30058032,0.039565,537.6,P,0.66,0.0025187940000000004,NCCAI,1,0.519373
0.000263302,cc,402094,30058032,0.154625,537.6,P,0.71,-0.000263302,NCCNI,1,0.561481
0.009862602000000002,cc,402094,30058032,-0.00179,537.6,P,0.82,-0.009862602000000002,NCCPI,1,0.48509
0.0022078220000000003,cc,402094,30058032,0.13724,537.6,P,0.84,0.0022078220000000003,NCJCP,1,0.662379
0.007033128,cc,402094,30058032,0.1237498,537.6,P,0.77,-0.007033128,NCJCH,1,0.53977
0.00214794,cc,402094,30065107,-0.0538341,569.7,P,0.61,0.00214794,NCCAI,1,0.443435
0.001173788,cc,402094,30065107,0.0472261,569.7,P,0.7,-0.001173788,NCCBR,1,0.510215
0.006040355,cc,402094,30065107,-0.069984,569.7,P,0.67,0.006040355,NCNBO,1,0.448216
0.0021443279999999996,cc,402094,30065107,-0.088794,569.7,P,0.73,-0.0021443279999999996,NCNLH,1,0.531941
0.003727626,cc,402094,30065107,0.0311511,569.7,P,0.85,0.003727626,NCCSV,1,0.607001
0.000934766,cc,402094,484120,0.0550391,121.5,P,0.72,0.000934766,NCCBR,1,0.719771
0.001976445,cc,402094,484120,0.0431991,121.5,P,0.81,0.001976445,NCCBW,1,0.80824
0.000338794,cc,402094,484120,0.058489,121.5,P,0.77,0.000338794,NCCLC,1,0.76989
0.004887916,cc,402094,484120,0.054964,121.5,P,0.71,-0.004887916,NCCMC,1,0.680428
0.001159045,cc,402094,484120,0.0513491,121.5,P,0.63,-0.001159045,NCJMG,1,0.629557
0.000247119,cc,402094,484120,0.046149,121.5,P,0.9,0.000247119,NCCVP,1,0.899877
0.001856717,cc,402094,484120,0.0236241,121.5,P,0.77,-0.001856717,NCNHF,1,0.76837
0.0013908039999999998,cc,30058032,30065107,-0.094419,33.9,P,0.96,-0.0013908039999999998,NCCAI,1,0.959216
0.002104248,cc,30058032,30065107,-0.088279,33.9,P,0.9,0.002104248,NCCBW,1,0.897324
0.006384199,cc,30058032,30065107,-0.0797041,33.9,P,0.68,0.006384199,NCCMC,1,0.623508
0.001322878,cc,30058032,30065107,-0.0849989,33.9,P,0.9,0.001322878,NCCNI,1,0.899309
0.0027101639999999997,cc,30058032,30065107,-0.097829,33.9,P,0.91,-0.0027101639999999997,NCCSP,1,0.904211
0.00020294499999999998,cc,30058032,30065107,-0.0943539,33.9,P,0.78,0.00020294499999999998,NCNBO,1,0.779997
0.000511909,cc,30058032,30065107,-0.086704,33.9,P,0.92,0.000511909,NCJHP,1,0.919953
0.0015566100000000002,cc,30058032,30065107,-0.0878389,33.9,P,0.77,0.0015566100000000002,NCJMG,1,0.769003
0.002267617,cc,30058032,30065107,-0.0845492,33.9,P,0.9,0.002267617,NCJPP,1,0.89649
0.002344436,cc,30058032,30065107,-0.089454,33.9,P,0.67,0.002344436,NCJPR,1,0.667113
0.00062253,cc,30058032,30065107,-0.0950592,33.9,P,0.94,-0.00062253,NCCPI,1,0.939922
0.00382954,cc,30058032,30065107,-0.0993188,33.9,P,0.82,-0.00382954,NCNOL,1,0.805209
0.002564126,cc,30058032,30065107,-0.092154,33.9,P,0.75,0.002564126,NCNTA,1,0.745888
0.000891714,cc,30058032,30065107,-0.0879491,33.9,P,0.8,0.000891714,NCJSB,1,0.799795
0.0009293050000000001,cc,30058032,30065107,-0.0884638,33.9,P,0.81,-0.0009293050000000001,NCJCP,1,0.809811
0.0011355010000000001,cc,30058032,30065107,-0.0886439,33.9,P,0.97,0.0011355010000000001,NCCVP,1,0.969493
0.0026310250000000004,cc,30058032,30065107,-0.0936539,33.9,P,0.9,0.0026310250000000004,NCNHF,1,0.894777
0.004242604,cc,30058032,30107759,-0.135906,445.8,P,0.84,0.004242604,NCCAI,1,0.74743
0.006580606,cc,30058032,30107759,-0.1664759,445.8,P,0.72,-0.006580606,NCNBO,1,0.603219
0.007677694,cc,30058032,30107759,-0.0717763,445.8,P,0.77,-0.007677694,NCJHP,1,0.606905
0.006236767999999999,cc,30058032,30107759,-0.0532011,445.8,P,0.76,0.006236767999999999,NCJPP,1,0.642413
0.007942457,cc,30058032,30107759,-0.1808213,445.8,P,0.71,-0.007942457,NCNOL,1,0.554255
0.008026387,cc,30058032,30107759,-0.076466,445.8,P,0.68,0.008026387,NCJSB,1,0.521281
0.004403529,cc,30065107,30107759,-0.0427168,412.0,P,0.87,0.004403529,NCCAI,1,0.794834
0.0013844950000000001,cc,30065107,30107759,0.0169881,412.0,P,0.7,-0.0013844950000000001,NCCBR,1,0.658591
0.002153505,cc,30065107,30107759,0.0209984,412.0,P,0.79,-0.002153505,NCCDV,1,0.741265
0.009554785000000001,cc,30065107,30107759,0.0135626,412.0,P,0.79,-0.009554785000000001,NCJHP,1,0.552577
0.003582666,cc,30065107,30107759,-0.0809723,412.0,P,0.79,-0.003582666,NCNOL,1,0.734103
0.004014494,cc,30065107,30107759,0.0083629,412.0,P,0.82,0.004014494,NCJSB,1,0.75576
0.006586819,cc,30065107,30107759,0.0065678,412.0,P,0.81,0.006586819,NCCSV,1,0.697093
0.001402337,cc,38542,38520,0.0170089,58.5,S,0.95,0.001402337,NCCAI,2,0.47425
0.004942843,cc,38542,38520,-0.0056659,58.5,S,0.95,-0.004942843,NCCBR,2,0.456321
0.000389576,cc,38542,38520,0.0101839,58.5,S,0.97,-0.000389576,NCCBW,2,0.48499
0.0031229680000000003,cc,38542,38520,-0.0072159,58.5,S,0.97,-0.0031229680000000003,NCCLC,2,0.479984
0.002008643,cc,38542,38520,-0.0069508,58.5,S,0.94,-0.002008643,NCCSH,2,0.468667
0.006441756,cc,38542,38520,0.030974,58.5,S,0.95,0.006441756,NCCSP,2,0.429817
0.001959186,cc,38542,38520,-0.0008015,58.5,S,0.62,0.001959186,NCJBG,2,0.309154
0.001539632,cc,38542,38520,-0.006101,58.5,S,0.89,-0.001539632,NCJBM,2,0.444504
0.00253084,cc,38542,38520,-0.0067514,58.5,S,0.91,-0.00253084,NCJLT,2,0.452738
0.000907315,cc,38542,38520,0.0041543,58.5,S,0.65,0.000907315,NCJMG,2,0.324875
0.0015078530000000002,cc,38542,38520,-0.0056013,58.5,S,0.91,-0.0015078530000000002,NCJPP,2,0.454539
0.002720752,cc,38542,38520,0.013614,58.5,S,0.89,0.002720752,NCJPR,2,0.4414
0.000297001,cc,38542,38520,0.0006987,58.5,S,0.82,0.000297001,NCJSA,2,0.409988
0.003043816,cc,38542,38520,-0.0077509,58.5,S,0.95,-0.003043816,NCJSC,2,0.470783
0.003179299,cc,38542,38520,-0.0082001,58.5,S,0.92,-0.003179299,NCJSG,2,0.455263
0.003260065,cc,38542,38520,0.0232988,58.5,S,0.97,-0.003260065,NCNCF,2,0.479718
0.004621053,cc,38542,38520,0.0189386,58.5,S,0.85,-0.004621053,NCNLH,2,0.410191
0.000334599,cc,38542,38520,0.0257989,58.5,S,0.91,0.000334599,NCNLN,2,0.45499
0.004443675,cc,38542,38520,0.0206991,58.5,S,0.85,-0.004443675,NCNTB,2,0.41355
0.003416929,cc,38542,38520,0.0240999,58.5,S,0.91,-0.003416929,NCNVE,2,0.448822
0.001893962,cc,38542,44289,0.0700899,248.7,S,0.82,0.001893962,NCCBW,2,0.40708
0.005616702,cc,38542,44289,0.1331049,248.7,S,0.84,0.005616702,NCCLC,2,0.39376
0.0009711640000000001,cc,38542,44289,0.1219493,248.7,S,0.65,-0.0009711640000000001,NCJBM,2,0.323341
0.0030863749999999997,cc,38542,44289,0.086165,248.7,S,0.63,0.0030863749999999997,NCJMG,2,0.310716
0.0005715280000000001,cc,38542,44289,0.1205493,248.7,S,0.83,0.0005715280000000001,NCJPP,2,0.412995
0.0017874170000000001,cc,38542,44289,0.1221,248.7,S,0.81,-0.0017874170000000001,NCJSC,2,0.402295
0.009524141,cc,38542,44289,0.1358005,248.7,S,0.63,0.009524141,NCJSG,2,0.233858
0.002746979,cc,38542,45165,-0.0172408,67.9,S,0.9,0.002746979,NCCAI,2,0.445554
0.0018009459999999999,cc,38542,45165,-0.0329507,67.9,S,0.91,-0.0018009459999999999,NCCAL,2,0.453945
0.00645159,cc,38542,45165,-0.036011,67.9,S,0.93,-0.00645159,NCCBR,2,0.421235
0.001250221,cc,38542,45165,-0.0201311,67.9,S,0.85,0.001250221,NCCBW,2,0.42489
0.001627655,cc,38542,45165,-0.0330661,67.9,S,0.97,-0.001627655,NCCLC,2,0.484124
0.0045744850000000005,cc,38542,45165,-0.0354507,67.9,S,0.96,-0.0045744850000000005,NCCPL,2,0.463875
0.0026849910000000003,cc,38542,45165,-0.0345309,67.9,S,0.96,-0.0026849910000000003,NCCSH,2,0.476693
0.011981009,cc,38542,45165,-0.001601,67.9,S,0.78,0.011981009,NCCSP,2,0.207114
0.004360168,cc,38542,45165,-0.027201,67.9,S,0.72,0.004360168,NCJBG,2,0.349165
0.000217495,cc,38542,45165,-0.0327018,67.9,S,0.93,-0.000217495,NCJBM,2,0.464996
0.001289982,cc,38542,45165,-0.0330513,67.9,S,0.86,-0.001289982,NCJHP,2,0.429806
0.0021395140000000003,cc,38542,45165,-0.0345013,67.9,S,0.94,-0.0021395140000000003,NCJLT,2,0.468741
0.0006842510000000001,cc,38542,45165,-0.0316012,67.9,S,0.95,0.0006842510000000001,NCJPP,2,0.474915
0.001484044,cc,38542,45165,-0.020526,67.9,S,0.93,0.001484044,NCJPR,2,0.463995
0.00023531,cc,38542,45165,-0.0314019,67.9,S,0.86,0.00023531,NCJPS,2,0.429987
0.002186243,cc,38542,45165,-0.0273512,67.9,S,0.85,0.002186243,NCJSA,2,0.422936
0.001076605,cc,38542,45165,-0.0336001,67.9,S,0.97,-0.001076605,NCJSC,2,0.484841
0.00028333000000000004,cc,38542,45165,-0.0328505,67.9,S,0.92,-0.00028333000000000004,NCJSG,2,0.459995
0.002186394,cc,38542,45165,-0.0039017,67.9,S,0.96,0.002186394,NCNCF,2,0.478054
0.003109801,cc,38542,45165,-0.0079015,67.9,S,0.85,-0.003109801,NCNGV,2,0.420138
0.001393628,cc,38542,45165,-0.0078562,67.9,S,0.9,-0.001393628,NCNLH,2,0.449349
0.00279244,cc,38542,45165,-0.013151,67.9,S,0.75,-0.00279244,NCNOL,2,0.373077
0.000548705,cc,38542,45165,-0.0052011,67.9,S,0.95,-0.000548705,NCNSP,2,0.474975
0.001718904,cc,38542,45165,-0.0094502,67.9,S,0.83,-0.001718904,NCNTB,2,0.414532
0.00039783200000000004,cc,38542,45165,-0.0045502,67.9,S,0.96,-0.00039783200000000004,NCNVE,2,0.479983
0.0035673569999999997,cc,38542,48565,0.0708741,346.9,S,0.85,0.0035673569999999997,NCCBW,2,0.407628
0.009283201,cc,38542,48565,0.1647991,346.9,S,0.73,0.009283201,NCCSH,2,0.271789
0.002691119,cc,38542,48565,0.1446494,346.9,S,0.64,-0.002691119,NCJBM,2,0.309597
0.001150571,cc,38542,48565,0.1497496,346.9,S,0.81,0.001150571,NCJSC,2,0.394656
0.004908985,cc,38542,52942,0.0375938,210.6,S,0.76,0.004908985,NCCBW,2,0.367904
0.012227818,cc,38542,52942,-0.0245061,210.6,S,0.72,-0.012227818,NCCLC,2,0.183207
0.0006166009999999999,cc,38542,52942,-0.0127511,210.6,S,0.63,-0.0006166009999999999,NCJBM,2,0.314333
0.00633197,cc,38542,52942,-0.0041013,210.6,S,0.69,0.00633197,NCJPP,2,0.317172
0.0037557529999999997,cc,38542,52942,-0.0164008,210.6,S,0.82,-0.0037557529999999997,NCJSC,2,0.402062
0.005243461,cc,38542,52942,0.1001487,210.6,S,0.71,0.005243461,NCNCF,2,0.33858
0.010420877,cc,38542,52942,0.1081986,210.6,S,0.76,0.010420877,NCNVE,2,0.258719
0.004849147999999999,cc,38542,86036,-0.0079259,191.3,S,0.84,0.004849147999999999,NCCAI,2,0.409543
0.001268543,cc,38542,86036,0.0203189,191.3,S,0.77,-0.001268543,NCCBW,2,0.384342
0.001497434,cc,38542,86036,0.0676137,191.3,S,0.84,0.001497434,NCCLC,2,0.419039
0.003949441000000001,cc,38542,86036,0.0634996,191.3,S,0.79,-0.003949441000000001,NCCPL,2,0.387355
0.005944108,cc,38542,86036,-0.041361,191.3,S,0.77,-0.005944108,NCCSP,2,0.354117
0.0035401720000000003,cc,38542,86036,0.0649491,191.3,S,0.77,0.0035401720000000003,NCJBM,2,0.380437
0.002004089,cc,38542,86036,0.0575992,191.3,S,0.78,-0.002004089,NCJLT,2,0.387818
0.018112431000000002,cc,38542,86036,0.077099,191.3,S,0.88,0.018112431000000002,NCJPP,2,0.028026
0.005532054,cc,38542,86036,0.0677501,191.3,S,0.87,0.005532054,NCJSC,2,0.414839
0.016920963,cc,38542,86036,0.0780488,191.3,S,0.73,0.016920963,NCJSF,2,0.048297
0.000656525,cc,38542,238298,0.1370995,516.6,S,0.53,-0.000656525,NCJSC,2,0.218622
0.004908071,cc,38542,242027,-0.0211809,257.4,S,0.7,0.004908071,NCCAI,2,0.338068
0.003323103,cc,38542,242027,0.070389,257.4,S,0.78,-0.003323103,NCCLC,2,0.382392
0.003323553,cc,38542,242668,0.0210592,208.8,S,0.8,-0.003323553,NCCAI,2,0.39244
0.011337442,cc,38542,242668,-0.0563911,208.8,S,0.71,-0.011337442,NCCLC,2,0.212433
0.021235891,cc,38542,242668,0.069224,208.8,S,0.75,0.021235891,NCCSP,2,5.2e-05
0.00497698,cc,38542,242668,0.0162641,208.8,S,0.87,0.00497698,NCJPR,2,0.419558
0.005371089,cc,38542,242668,-0.0189513,208.8,S,0.72,0.005371089,NCJSA,2,0.342801
0.008080387,cc,38542,242668,-0.0516008,208.8,S,0.86,-0.008080387,NCJSC,2,0.359594
0.0026451760000000004,cc,38542,242668,0.066199,208.8,S,0.74,0.0026451760000000004,NCNCF,2,0.367424
0.002408602,cc,38542,242668,0.051274,208.8,S,0.63,0.002408602,NCNLH,2,0.312972
0.012076821000000001,cc,38542,242668,0.0770489,208.8,S,0.75,0.012076821000000001,NCNVE,2,0.20202
0.003817643,cc,38542,30034705,-0.0120709,325.2,S,0.82,0.003817643,NCCAI,2,0.397115
0.021093506,cc,38542,30034705,0.0013239,325.2,S,0.64,0.021093506,NCCBW,2,0.000444
0.005955383000000001,cc,38542,30034705,-0.0193358,325.2,S,0.76,0.005955383000000001,NCCLC,2,0.352876
0.002186127,cc,38542,30034705,-0.008291,325.2,S,0.81,0.002186127,NCJPR,2,0.396824
0.018582697,cc,38542,30034705,-0.0044503,325.2,S,0.63,0.018582697,NCJSG,2,0.009893
0.000266044,cc,38542,402094,0.0221586,381.6,S,0.77,0.000266044,NCCBW,2,0.369608
0.000428576,cc,38542,402094,-0.0644007,381.6,S,0.77,-0.000428576,NCJSC,2,0.369608
0.0039410370000000005,cc,38542,30058032,0.0786541,198.1,S,0.8,0.0039410370000000005,NCCAI,2,0.394233
0.002348537,cc,38542,30058032,0.106494,198.1,S,0.77,0.002348537,NCCBW,2,0.38268
0.004127821,cc,38542,30058032,0.0460341,198.1,S,0.76,-0.004127821,NCCSP,2,0.369223
0.003479665,cc,38542,30065107,-0.015945,221.4,S,0.76,0.003479665,NCCAI,2,0.375652
0.004065842,cc,38542,30065107,0.0186498,221.4,S,0.77,0.004065842,NCCBW,2,0.375329
0.010858132,cc,38542,30065107,-0.0002554,221.4,S,0.71,-0.010858132,NCCDU,2,0.254319
0.001772062,cc,38542,30065107,0.0687897,221.4,S,0.86,0.001772062,NCCLC,2,0.428273
0.014279831,cc,38542,30065107,0.0700996,221.4,S,0.65,0.014279831,NCJHP,2,0.116676
9.565800000000001e-05,cc,38542,30065107,0.0627,221.4,S,0.59,9.565800000000001e-05,NCJSM,2,0.29424
0.0040216440000000004,cc,38542,484120,0.0673479,262.0,S,0.79,0.0040216440000000004,NCCBW,2,0.385375
0.015176661,cc,38542,484120,-0.0075768,262.0,S,0.73,-0.015176661,NCCLC,2,0.08852
0.002023425,cc,38520,44289,0.0596459,305.9,S,0.85,0.002023425,NCCBW,2,0.418124
0.012314994000000001,cc,38520,44289,0.1438961,305.9,S,0.8,0.012314994000000001,NCCLC,2,0.196892
0.007377873,cc,38520,44289,0.1421261,305.9,S,0.68,0.007377873,NCCSH,2,0.291487
0.000956943,cc,38520,44289,0.1295514,305.9,S,0.78,0.000956943,NCJSC,2,0.384679
0.014604112,cc,38520,44289,0.1459012,305.9,S,0.69,0.014604112,NCJSG,2,0.100048
0.001315954,cc,38520,44289,-0.0351491,305.9,S,0.76,-0.001315954,NCNVE,2,0.374893
0.001604043,cc,38520,45165,-0.0339903,44.0,S,0.95,0.001604043,NCCAI,2,0.474255
0.000768455,cc,38520,45165,-0.0296048,44.0,S,0.97,-0.000768455,NCCBR,2,0.484851
0.001124815,cc,38520,45165,-0.03083,44.0,S,0.88,0.001124815,NCCBW,2,0.43993
0.001573211,cc,38520,45165,-0.0245999,44.0,S,0.82,0.001573211,NCCDO,2,0.409593
0.000828044,cc,38520,45165,-0.0289201,44.0,S,0.87,-0.000828044,NCCDU,2,0.434862
0.001795246,cc,38520,45165,-0.0255502,44.0,S,0.99,0.001795246,NCCLC,2,0.494207
0.0027331789999999996,cc,38520,45165,-0.0295099,44.0,S,0.92,0.0027331789999999996,NCCMC,2,0.457612
0.000820848,cc,38520,45165,-0.025751,44.0,S,0.93,0.000820848,NCCMJ,2,0.46493
0.001035105,cc,38520,45165,-0.0272497,44.0,S,0.96,-0.001035105,NCCMO,2,0.479744
0.001740645,cc,38520,45165,-0.0282997,44.0,S,0.96,-0.001740645,NCCPL,2,0.479096
0.000260437,cc,38520,45165,-0.0264496,44.0,S,0.96,0.000260437,NCCRP,2,0.48
0.000210953,cc,38520,45165,-0.0271147,44.0,S,0.98,-0.000210953,NCCSH,2,0.489997
0.005614357,cc,38520,45165,-0.0324999,44.0,S,0.86,0.005614357,NCCSP,2,0.408061
0.0022998949999999997,cc,38520,45165,-0.0265006,44.0,S,0.87,0.0022998949999999997,NCJBG,2,0.433034
0.0011228199999999999,cc,38520,45165,-0.0268,44.0,S,0.94,0.0011228199999999999,NCJBM,2,0.469747
0.0011089329999999999,cc,38520,45165,-0.031,44.0,S,0.8,-0.0011089329999999999,NCJEG,2,0.399889
9.0921e-05,cc,38520,45165,-0.0280503,44.0,S,0.92,9.0921e-05,NCJLT,2,0.459999
0.001491156,cc,38520,45165,-0.0267009,44.0,S,0.93,0.001491156,NCJPP,2,0.464419
0.001036672,cc,38520,45165,-0.03394,44.0,S,0.94,-0.001036672,NCJPR,2,0.469908
0.00115658,cc,38520,45165,-0.0275496,44.0,S,0.85,0.00115658,NCJPS,2,0.424722
0.000538841,cc,38520,45165,-0.0294002,44.0,S,0.91,0.000538841,NCJSA,2,0.45495
0.0016172139999999998,cc,38520,45165,-0.0261992,44.0,S,0.98,0.0016172139999999998,NCJSC,2,0.489259
0.003896376,cc,38520,45165,-0.02365,44.0,S,0.96,0.003896376,NCJSG,2,0.470623
0.0014738770000000002,cc,38520,45165,-0.0265502,44.0,S,0.76,0.0014738770000000002,NCJSM,2,0.379549
0.004197148,cc,38520,45165,-0.0284499,44.0,S,0.98,0.004197148,NCNCF,2,0.477449
0.002747252,cc,38520,45165,-0.027275,44.0,S,0.93,0.002747252,NCNLH,2,0.4622
0.005729139,cc,38520,45165,-0.02715,44.0,S,0.95,0.005729139,NCNLN,2,0.444701
0.002263417,cc,38520,45165,-0.0307497,44.0,S,0.84,0.002263417,NCNOL,2,0.418032
0.0022328450000000002,cc,38520,45165,-0.0297002,44.0,S,0.97,0.0022328450000000002,NCNSH,2,0.483149
0.004080847,cc,38520,45165,-0.0290402,44.0,S,0.93,0.004080847,NCNTA,2,0.453369
0.0014735529999999998,cc,38520,45165,-0.0314006,44.0,S,0.92,0.0014735529999999998,NCNTB,2,0.459371
0.003438693,cc,38520,45165,-0.0288504,44.0,S,0.98,0.003438693,NCNTY,2,0.483168
0.003569368,cc,38520,45165,-0.0280999,44.0,S,0.95,0.003569368,NCNVE,2,0.467922
0.004026788,cc,38520,48565,0.06076,404.5,S,0.84,0.004026788,NCCBW,2,0.388472
0.019011662999999998,cc,38520,48565,0.1649654,404.5,S,0.74,0.019011662999999998,NCCMC,2,0.016417
0.007792334000000001,cc,38520,48565,0.1682503,404.5,S,0.69,0.007792334000000001,NCCSH,2,0.278317
0.004243976,cc,38520,48565,0.1575501,404.5,S,0.75,0.004243976,NCJSC,2,0.347218
0.005098533,cc,38520,52942,0.0272099,154.7,S,0.81,0.005098533,NCCBW,2,0.391255
0.007835026,cc,38520,52942,-0.0160204,154.7,S,0.76,-0.007835026,NCCLC,2,0.323201
0.015953412,cc,38520,52942,0.0033199,154.7,S,0.73,0.015953412,NCCMC,2,0.082529
0.007310562,cc,38520,52942,-0.0164796,154.7,S,0.8,-0.007310562,NCCSH,2,0.351792
0.020222269,cc,38520,52942,0.0754751,154.7,S,0.83,0.020222269,NCCSP,2,0.003749
0.0011728989999999998,cc,38520,52942,-0.0064002,154.7,S,0.66,0.0011728989999999998,NCJBM,2,0.329714
0.0038652730000000002,cc,38520,52942,0.01555,154.7,S,0.71,0.0038652730000000002,NCJMG,2,0.349217
0.0075890129999999995,cc,38520,52942,0.0012492,154.7,S,0.69,0.0075890129999999995,NCJPP,2,0.299685
0.002863827,cc,38520,52942,0.0322,154.7,S,0.87,0.002863827,NCJPR,2,0.432481
3.2891999999999996e-05,cc,38520,52942,-0.0033503,154.7,S,0.74,3.2891999999999996e-05,NCJPS,2,0.369846
0.002612605,cc,38520,52942,-0.0105506,154.7,S,0.87,-0.002612605,NCJSC,2,0.432176
0.009203528,cc,38520,52942,0.0775498,154.7,S,0.73,0.009203528,NCNCF,2,0.282618
0.005348493,cc,38520,52942,0.0650505,154.7,S,0.71,0.005348493,NCNLH,2,0.336784
0.006610667000000001,cc,38520,52942,0.0723504,154.7,S,0.71,0.006610667000000001,NCNLN,2,0.32439
0.004716967999999999,cc,38520,52942,0.0753497,154.7,S,0.84,0.004716967999999999,NCNSH,2,0.405892
0.00039733,cc,38520,52942,0.0530299,154.7,S,0.69,0.00039733,NCNTA,2,0.344855
0.001493872,cc,38520,52942,0.0717496,154.7,S,0.81,0.001493872,NCNTY,2,0.404436
0.015138623,cc,38520,52942,0.0853995,154.7,S,0.82,0.015138623,NCNVE,2,0.100649
0.0041065139999999995,cc,38520,86036,-0.024275,247.1,S,0.83,0.0041065139999999995,NCCAI,2,0.408888
0.0010389470000000001,cc,38520,86036,0.009975,247.1,S,0.83,-0.0010389470000000001,NCCBW,2,0.412986
0.0062054070000000005,cc,38520,86036,0.0764146,247.1,S,0.81,0.0062054070000000005,NCCLC,2,0.372498
0.01317074,cc,38520,86036,-0.0731199,247.1,S,0.75,-0.01317074,NCCSP,2,0.136793
0.0057797989999999995,cc,38520,86036,0.0717502,247.1,S,0.78,0.0057797989999999995,NCJBM,2,0.368631
0.001275383,cc,38520,86036,0.0650993,247.1,S,0.69,0.001275383,NCJLT,2,0.343331
0.00443074,cc,38520,86036,0.0311504,247.1,S,0.71,0.00443074,NCJMG,2,0.347219
0.02107082,cc,38520,86036,0.0841508,247.1,S,0.8,0.02107082,NCJPP,2,5.7e-05
0.008175323,cc,38520,86036,0.0751004,247.1,S,0.87,0.008175323,NCJSC,2,0.36913
0.018603687,cc,38520,86036,0.08425,247.1,S,0.77,0.018603687,NCJSF,2,0.016194
0.004730450000000001,cc,38520,86036,0.0732007,247.1,S,0.7,0.004730450000000001,NCJSJ,2,0.338655
0.010385456,cc,38520,86036,0.0752006,247.1,S,0.66,0.010385456,NCJSM,2,0.233454
0.018338702999999998,cc,38520,86036,-0.0582199,247.1,S,0.59,-0.018338702999999998,NCNLH,2,0.035954
0.003335196,cc,38520,238298,0.1457983,574.9,S,0.54,0.003335196,NCJSC,2,0.192185
0.002274648,cc,38520,242027,0.0800796,314.7,S,0.8,0.002274648,NCCLC,2,0.392498
0.00440617,cc,38520,242668,0.00437,153.0,S,0.88,-0.00440617,NCCAI,2,0.420926
0.0014304049999999998,cc,38520,242668,0.0053502,153.0,S,0.84,0.0014304049999999998,NCCDU,2,0.419149
0.008349897,cc,38520,242668,-0.0493106,153.0,S,0.79,-0.008349897,NCCLC,2,0.326531
0.020451677,cc,38520,242668,-0.0239949,153.0,S,0.75,0.020451677,NCCMC,2,0.001354
0.01493933,cc,38520,242668,0.0383952,153.0,S,0.81,0.01493933,NCCSP,2,0.138919
0.003578992,cc,38520,242668,-0.0333003,153.0,S,0.73,0.003578992,NCJPP,2,0.359859
0.010681224999999999,cc,38520,242668,0.0110751,153.0,S,0.91,0.010681224999999999,NCJPR,2,0.315399
0.004886847000000001,cc,38520,242668,-0.0437002,153.0,S,0.87,-0.004886847000000001,NCJSC,2,0.418203
0.007307519,cc,38520,242668,-0.0450496,153.0,S,0.58,-0.007307519,NCJSM,2,0.25392
0.005655377,cc,38520,242668,0.0426503,153.0,S,0.77,0.005655377,NCNCF,2,0.364735
0.007129788,cc,38520,242668,0.0324355,153.0,S,0.74,0.007129788,NCNLH,2,0.325548
0.009978647,cc,38520,242668,0.0481511,153.0,S,0.85,0.009978647,NCNSH,2,0.304287
0.0031651379999999996,cc,38520,30034705,-0.0283299,308.2,S,0.88,0.0031651379999999996,NCCAI,2,0.432012
0.021333122,cc,38520,30034705,-0.0090099,308.2,S,0.61,0.021333122,NCCBW,2,0.000162
0.000675886,cc,38520,402094,0.011995,324.1,S,0.83,0.000675886,NCCBW,2,0.407603
0.0066769379999999994,cc,38520,402094,-0.0572349,324.1,S,0.81,0.0066769379999999994,NCCMC,2,0.363106
0.0069116460000000005,cc,38520,402094,0.0308351,324.1,S,0.81,0.0069116460000000005,NCJPR,2,0.361898
0.002962948,cc,38520,30058032,0.0965349,247.3,S,0.82,0.002962948,NCCBW,2,0.404531
0.011159658000000001,cc,38520,30058032,0.01447,247.3,S,0.72,-0.011159658000000001,NCCSP,2,0.203126
0.018423764999999998,cc,38520,30058032,0.100305,247.3,S,0.73,0.018423764999999998,NCJPR,2,0.02121
0.002707232,cc,38520,30065107,-0.0323239,273.4,S,0.74,0.002707232,NCCAI,2,0.366363
0.004335495,cc,38520,30065107,0.008346,273.4,S,0.83,0.004335495,NCCBW,2,0.400744
0.006329838999999999,cc,38520,30065107,0.0774404,273.4,S,0.87,0.006329838999999999,NCCLC,2,0.39841
0.010804477,cc,38520,30065107,0.0374762,273.4,S,0.7,0.010804477,NCJMG,2,0.239602
0.021060188,cc,38520,30065107,0.0927011,273.4,S,0.8,0.021060188,NCJSG,2,1.4e-05
0.005701053,cc,38520,30065107,-0.0384239,273.4,S,0.54,0.005701053,NCNLH,2,0.24002
0.004266028999999999,cc,38520,484120,0.0570188,204.9,S,0.85,0.004266028999999999,NCCBW,2,0.414952
0.010414083,cc,38520,484120,0.0012787,204.9,S,0.8,-0.010414083,NCCLC,2,0.272968
0.010117579,cc,38520,484120,0.0198691,204.9,S,0.59,0.010117579,NCCMC,2,0.216841
0.00037361299999999996,cc,44289,45165,-0.0899509,295.5,S,0.69,-0.00037361299999999996,NCCBW,2,0.340999
0.008299121,cc,44289,45165,-0.1672257,295.5,S,0.77,-0.008299121,NCCLC,2,0.30984
0.021034216,cc,44289,45165,-0.1762708,295.5,S,0.84,-0.021034216,NCCMC,2,0.000176
0.005235013,cc,44289,45165,-0.1160511,295.5,S,0.53,-0.005235013,NCCRP,2,0.242557
0.008493867,cc,44289,45165,-0.1701459,295.5,S,0.69,-0.008493867,NCCSH,2,0.274208
0.00150421,cc,44289,45165,-0.1539005,295.5,S,0.7,0.00150421,NCJBM,2,0.34551
0.001037408,cc,44289,45165,-0.1533006,295.5,S,0.79,-0.001037408,NCJPP,2,0.390389
0.016807915,cc,44289,45165,-0.0876662,295.5,S,0.76,-0.016807915,NCJPR,2,0.05531
6.0406000000000004e-05,cc,44289,45165,-0.1563505,295.5,S,0.79,6.0406000000000004e-05,NCJSC,2,0.390471
0.01015747,cc,44289,45165,-0.169001,295.5,S,0.7,-0.01015747,NCJSG,2,0.242702
0.0029573589999999997,cc,44289,45165,-0.0195411,295.5,S,0.56,0.0029573589999999997,NCNLH,2,0.27618
0.004184370000000001,cc,44289,45165,0.0063483,295.5,S,0.8,0.004184370000000001,NCNVE,2,0.390477
0.00027009,cc,44289,48565,-0.0118461,99.1,S,0.81,-0.00027009,NCCAI,2,0.404976
0.002368916,cc,44289,48565,0.0276487,99.1,S,0.86,0.002368916,NCCAL,2,0.428321
0.005494285,cc,44289,48565,0.0240989,99.1,S,0.92,0.005494285,NCCBR,2,0.436234
0.002383167,cc,44289,48565,0.0014939,99.1,S,0.93,0.002383167,NCCBW,2,0.462758
0.0029599030000000003,cc,44289,48565,0.0287988,99.1,S,0.83,0.0029599030000000003,NCCCY,2,0.411915
0.003668239,cc,44289,48565,0.0280192,99.1,S,0.96,0.003668239,NCCLC,2,0.472841
0.003801102,cc,44289,48565,0.0191591,99.1,S,0.94,-0.003801102,NCCMC,2,0.460742
0.001175318,cc,44289,48565,0.0160987,99.1,S,0.76,0.001175318,NCCMO,2,0.379769
0.003159275,cc,44289,48565,0.0101988,99.1,S,0.81,0.003159275,NCCRP,2,0.40056
0.000558943,cc,44289,48565,0.0262687,99.1,S,0.84,0.000558943,NCCSH,2,0.419966
0.006448112,cc,44289,48565,-0.0323162,99.1,S,0.8,-0.006448112,NCCSP,2,0.367624
7.105200000000001e-05,cc,44289,48565,0.024349,99.1,S,0.86,-7.105200000000001e-05,NCJBM,2,0.429978
0.003647251,cc,44289,48565,0.0114491,99.1,S,0.7,-0.003647251,NCJEG,2,0.343913
0.000807296,cc,44289,48565,0.0245492,99.1,S,0.89,0.000807296,NCJLT,2,0.444935
0.002001855,cc,44289,48565,0.0254991,99.1,S,0.88,0.002001855,NCJPP,2,0.439057
0.003124483,cc,44289,48565,-0.0064511,99.1,S,0.9,-0.003124483,NCJPR,2,0.445262
0.00046523100000000003,cc,44289,48565,0.020849,99.1,S,0.8,-0.00046523100000000003,NCJPS,2,0.399952
0.000736908,cc,44289,48565,0.0254486,99.1,S,0.93,0.000736908,NCJSC,2,0.464944
0.002841046,cc,44289,48565,0.0268991,99.1,S,0.82,0.002841046,NCJSM,2,0.407361
0.0010557350000000001,cc,44289,48565,0.0251987,99.1,S,0.85,0.0010557350000000001,NCJST,2,0.424842
0.00974385,cc,44289,48565,-0.0188019,99.1,S,0.86,0.00974385,NCNCF,2,0.309577
0.009485986,cc,44289,52942,-0.0260251,447.8,S,0.64,0.009485986,NCCBW,2,0.226979
0.005388889,cc,44289,52942,0.0726146,447.8,S,0.57,0.005388889,NCNLH,2,0.25227
0.001226094,cc,44289,86036,-0.041836,62.1,S,0.92,-0.001226094,NCCAI,2,0.459296
0.002392659,cc,44289,86036,-0.0490012,62.1,S,0.85,-0.002392659,NCCBW,2,0.423396
0.000924928,cc,44289,86036,-0.0613513,62.1,S,0.8,0.000924928,NCCCY,2,0.399955
0.003759026,cc,44289,86036,-0.0651309,62.1,S,0.92,-0.003759026,NCCLC,2,0.45154
0.010030555,cc,44289,86036,-0.0517812,62.1,S,0.9,0.010030555,NCCMC,2,0.338251
0.004233776,cc,44289,86036,-0.0279062,62.1,S,0.87,0.004233776,NCCSP,2,0.425778
0.00028821099999999997,cc,44289,86036,-0.0592508,62.1,S,0.76,0.00028821099999999997,NCJBG,2,0.379998
0.002610655,cc,44289,86036,-0.0589008,62.1,S,0.82,0.002610655,NCJBM,2,0.408385
0.0031405979999999997,cc,44289,86036,-0.0567007,62.1,S,0.69,0.0031405979999999997,NCJHP,2,0.342657
0.0035799150000000004,cc,44289,86036,-0.0575514,62.1,S,0.8,0.0035799150000000004,NCJLT,2,0.395584
0.016440353,cc,44289,86036,-0.0445509,62.1,S,0.89,0.016440353,NCJPP,2,0.074176
0.0020776970000000003,cc,44289,86036,-0.0618009,62.1,S,0.81,-0.0020776970000000003,NCJPS,2,0.403069
0.003193873,cc,44289,86036,-0.0529509,62.1,S,0.83,0.003193873,NCJSA,2,0.412178
0.002951816,cc,44289,86036,-0.0642509,62.1,S,0.78,-0.002951816,NCJSM,2,0.385607
0.002333871,cc,44289,86036,-0.0623016,62.1,S,0.77,-0.002333871,NCJST,2,0.383873
0.019084177,cc,44289,86036,-0.0514417,62.1,S,0.87,-0.019084177,NCNLH,2,0.015023
0.0032744040000000003,cc,44289,86036,-0.0322809,62.1,S,0.75,0.0032744040000000003,NCNTA,2,0.37106
0.00857797,cc,44289,238298,-0.088231,276.0,S,0.52,-0.00857797,NCCAI,2,0.206851
0.018702375,cc,44289,238298,0.0351988,276.0,S,0.75,0.018702375,NCCCY,2,0.014024
0.01019965,cc,44289,238298,0.0240985,276.0,S,0.64,0.01019965,NCCMJ,2,0.22786
0.001135088,cc,44289,238298,0.0041992,276.0,S,0.66,-0.001135088,NCJPS,2,0.326939
0.00160705,cc,44289,242027,-0.0555309,14.5,S,0.93,-0.00160705,NCCAI,2,0.464056
0.01090793,cc,44289,242027,-0.0414008,14.5,S,0.86,0.01090793,NCCCY,2,0.284965
0.007750104000000001,cc,44289,242027,-0.0615262,14.5,S,0.86,-0.007750104000000001,NCCLC,2,0.362908
0.0058557389999999996,cc,44289,242027,-0.0481509,14.5,S,0.64,0.0058557389999999996,NCCVL,2,0.30134
0.002115447,cc,44289,242027,-0.0511512,14.5,S,0.78,0.002115447,NCCMJ,2,0.389155
0.00128131,cc,44289,242027,-0.0591311,14.5,S,0.92,-0.00128131,NCCSP,2,0.459647
0.008710869000000001,cc,44289,242027,-0.0479011,14.5,S,0.9,0.008710869000000001,NCNCF,2,0.35502
0.00234852,cc,44289,242027,-0.0527009,14.5,S,0.67,0.00234852,NCNOL,2,0.333509
0.009616961,cc,44289,242027,-0.0447363,14.5,S,0.89,0.009616961,NCNTA,2,0.329878
0.003196786,cc,44289,242668,-0.1775011,446.9,S,0.7,-0.003196786,NCCCY,2,0.316012
0.0031259359999999997,cc,44289,242668,-0.170566,446.9,S,0.68,-0.0031259359999999997,NCCMC,2,0.307772
0.00669256,cc,44289,242668,-0.1741003,446.9,S,0.74,-0.00669256,NCJSC,2,0.305997
0.007204476,cc,44289,242668,0.0400339,446.9,S,0.53,0.007204476,NCNLH,2,0.221986
0.002242571,cc,44289,30034705,-0.045966,444.9,S,0.77,-0.002242571,NCCAI,2,0.351331
0.012324039,cc,44289,30034705,-0.1622912,444.9,S,0.64,0.012324039,NCCMC,2,0.158161
0.016755721999999997,cc,44289,402094,-0.2036611,619.7,S,0.72,-0.016755721999999997,NCCMC,2,0.036243
0.001969212,cc,44289,30058032,0.0449089,109.7,S,0.87,-0.001969212,NCCAI,2,0.433314
0.021113745000000003,cc,44289,30058032,0.0368439,109.7,S,0.9,0.021113745000000003,NCCMC,2,5.1e-05
0.003104886,cc,44289,30058032,0.0565438,109.7,S,0.83,0.003104886,NCCSP,2,0.411266
0.012446809,cc,44289,30058032,0.0383991,109.7,S,0.55,0.012446809,NCJHP,2,0.146465
0.009001713,cc,44289,30058032,0.0397491,109.7,S,0.82,0.009001713,NCJSA,2,0.331118
0.002745536,cc,44289,30065107,-0.0500051,80.6,S,0.9,-0.002745536,NCCAI,2,0.446079
0.005490802,cc,44289,30065107,-0.053799,80.6,S,0.92,0.005490802,NCCAL,2,0.437994
0.007206329,cc,44289,30065107,-0.0529049,80.6,S,0.94,0.007206329,NCCBR,2,0.418121
0.0025519189999999997,cc,44289,30065107,-0.0510601,80.6,S,0.89,0.0025519189999999997,NCCBW,2,0.442548
0.013585831999999999,cc,44289,30065107,-0.0463999,80.6,S,0.82,0.013585831999999999,NCCCY,2,0.169555
0.0034996489999999996,cc,44289,30065107,-0.0639702,80.6,S,0.88,-0.0034996489999999996,NCCLC,2,0.432926
0.001525675,cc,44289,30065107,-0.0587495,80.6,S,0.73,-0.001525675,NCCMN,2,0.364515
0.015356851000000001,cc,44289,30065107,-0.051045,80.6,S,0.91,0.015356851000000001,NCCMC,2,0.117952
0.001539779,cc,44289,30065107,-0.0458549,80.6,S,0.85,-0.001539779,NCCSP,2,0.424429
0.001288881,cc,44289,30065107,-0.0605997,80.6,S,0.88,-0.001288881,NCJBM,2,0.439432
0.006656441,cc,44289,30065107,-0.0414248,80.6,S,0.89,0.006656441,NCJPR,2,0.408642
0.003443691,cc,44289,30065107,-0.0613998,80.6,S,0.81,-0.003443691,NCJPS,2,0.398072
0.015712801000000002,cc,44289,30065107,-0.0436996,80.6,S,0.94,0.015712801000000002,NCJSC,2,0.10398
0.010805779,cc,44289,30065107,-0.0488504,80.6,S,0.8,0.010805779,NCJSG,2,0.267169
0.012682878,cc,44289,30065107,-0.0648006,80.6,S,0.8,-0.012682878,NCJST,2,0.187653
0.011492749,cc,44289,30065107,-0.0223001,80.6,S,0.93,0.011492749,NCNCF,2,0.267405
0.00560909,cc,44289,30065107,-0.0287999,80.6,S,0.73,0.00560909,NCNGV,2,0.341478
0.01526016,cc,44289,30065107,-0.0241798,80.6,S,0.79,0.01526016,NCNTA,2,0.095901
0.019508697999999998,cc,44289,30107759,0.0386477,350.6,S,0.77,0.019508697999999998,NCCCY,2,0.005528
0.009061555,cc,44289,30107759,0.0056978,350.6,S,0.62,-0.009061555,NCJBM,2,0.227134
0.003522908,cc,44289,484120,-0.0013468,502.8,S,0.7,0.003522908,NCCBW,2,0.293108
0.012289882,cc,44289,484120,-0.1255319,502.8,S,0.49,-0.012289882,NCCMC,2,0.112183
0.002951806,cc,45165,48565,0.0916399,394.4,S,0.66,0.002951806,NCCBW,2,0.310254
0.009670574,cc,45165,48565,0.1962501,394.4,S,0.74,0.009670574,NCCCY,2,0.261857
0.016488297,cc,45165,48565,0.1946851,394.4,S,0.78,0.016488297,NCCMC,2,0.070892
0.009038028,cc,45165,48565,0.1963998,394.4,S,0.72,0.009038028,NCCSH,2,0.265519
0.0015400869999999999,cc,45165,48565,0.1773006,394.4,S,0.8,0.0015400869999999999,NCJPP,2,0.380634
0.0031770360000000003,cc,45165,48565,0.1842996,394.4,S,0.77,0.0031770360000000003,NCJSC,2,0.363562
0.003763947,cc,45165,52942,0.022665,152.5,S,0.74,-0.003763947,NCCBR,2,0.363694
0.000618688,cc,45165,52942,0.0546849,152.5,S,0.9,0.000618688,NCCBW,2,0.449787
0.009896977,cc,45165,52942,0.0079997,152.5,S,0.86,-0.009896977,NCCCY,2,0.307622
0.0024160650000000002,cc,45165,52942,0.06474,152.5,S,0.77,-0.0024160650000000002,NCCDU,2,0.383685
0.009775233999999999,cc,45165,52942,0.0093849,152.5,S,0.77,-0.009775233999999999,NCCLC,2,0.281697
0.013050237,cc,45165,52942,0.0326598,152.5,S,0.8,0.013050237,NCCMC,2,0.190406
0.006334766,cc,45165,52942,0.0114,152.5,S,0.81,-0.006334766,NCCSH,2,0.373263
0.014417888,cc,45165,52942,0.107785,152.5,S,0.88,0.014417888,NCCSP,2,0.161362
0.004598574,cc,45165,52942,0.0178001,152.5,S,0.79,-0.004598574,NCJAL,2,0.38506
0.001008545,cc,45165,52942,0.0260003,152.5,S,0.63,0.001008545,NCJHP,2,0.314819
0.0025155219999999996,cc,45165,52942,0.064755,152.5,S,0.91,0.0025155219999999996,NCJPR,2,0.453611
0.004822995,cc,45165,52942,0.0205,152.5,S,0.8,-0.004822995,NCJPS,2,0.383609
0.0033285999999999997,cc,45165,52942,0.0165498,152.5,S,0.86,-0.0033285999999999997,NCJSC,2,0.424229
0.005527215,cc,45165,52942,0.0167501,152.5,S,0.78,-0.005527215,NCJST,2,0.372782
0.004506652,cc,45165,52942,0.1055,152.5,S,0.73,0.004506652,NCNCF,2,0.355501
0.004134929,cc,45165,52942,0.1067007,152.5,S,0.8,0.004134929,NCNSH,2,0.391168
0.003771352,cc,45165,52942,0.089525,152.5,S,0.69,0.003771352,NCNTA,2,0.340588
0.001895234,cc,45165,52942,0.1006496,152.5,S,0.8,-0.001895234,NCNTY,2,0.398777
0.0022123119999999997,cc,45165,86036,0.0094251,234.5,S,0.78,0.0022123119999999997,NCCAI,2,0.38835
0.002643941,cc,45165,86036,0.0403248,234.5,S,0.78,-0.002643941,NCCBW,2,0.387312
0.00613547,cc,45165,86036,0.1045998,234.5,S,0.83,0.00613547,NCCCY,2,0.386393
0.003350148,cc,45165,86036,0.1009048,234.5,S,0.8,0.003350148,NCCLC,2,0.393203
0.0010748889999999999,cc,45165,86036,0.0972503,234.5,S,0.71,-0.0010748889999999999,NCCPL,2,0.353622
0.01916538,cc,45165,86036,-0.0410002,234.5,S,0.65,-0.01916538,NCCSP,2,0.002027
0.004147681,cc,45165,86036,0.0900501,234.5,S,0.84,-0.004147681,NCJAL,2,0.413894
0.00325698,cc,45165,86036,0.0971502,234.5,S,0.77,0.00325698,NCJBM,2,0.380772
0.019628298000000002,cc,45165,86036,0.1109003,234.5,S,0.85,0.019628298000000002,NCJPP,2,0.006365
0.007008241,cc,45165,86036,0.1017498,234.5,S,0.89,0.007008241,NCJSC,2,0.403215
0.022421102999999998,cc,45165,86036,-0.0322801,234.5,S,0.62,-0.022421102999999998,NCNLH,2,2.6e-05
0.017167522,cc,45165,242027,0.1255994,303.7,S,0.78,0.017167522,NCCCY,2,0.043399
0.0007558479999999999,cc,45165,242027,0.1043946,303.7,S,0.77,-0.0007558479999999999,NCCLC,2,0.379805
0.017384323,cc,45165,242027,0.03564,303.7,S,0.65,0.017384323,NCJPR,2,0.039896
0.014378539999999999,cc,45165,242668,-0.0159493,151.6,S,0.79,-0.014378539999999999,NCCAD,2,0.152188
0.006025470000000001,cc,45165,242668,0.038345,151.6,S,0.84,-0.006025470000000001,NCCAI,2,0.377943
0.010779812,cc,45165,242668,-0.0243951,151.6,S,0.78,-0.010779812,NCCLC,2,0.257275
0.0009740100000000001,cc,45165,242668,-0.0087996,151.6,S,0.64,0.0009740100000000001,NCCMN,2,0.319634
0.017273371000000003,cc,45165,242668,0.0050699,151.6,S,0.71,0.017273371000000003,NCCMC,2,0.038978
0.009329745,cc,45165,242668,0.0708999,151.6,S,0.88,0.009329745,NCCSP,2,0.354469
0.000334261,cc,45165,242668,-0.0096999,151.6,S,0.81,-0.000334261,NCJAL,2,0.404837
0.006864347999999999,cc,45165,242668,-0.0172997,151.6,S,0.72,-0.006864347999999999,NCJBM,2,0.321717
0.002337701,cc,45165,242668,-0.0063496,151.6,S,0.74,0.002337701,NCJPP,2,0.368628
0.010567768,cc,45165,242668,0.0438649,151.6,S,0.94,0.010567768,NCJPR,2,0.336927
0.000484991,cc,45165,242668,0.0057,151.6,S,0.78,0.000484991,NCJSA,2,0.389843
0.006752968,cc,45165,242668,-0.0177498,151.6,S,0.89,-0.006752968,NCJSC,2,0.400166
0.006787423000000001,cc,45165,242668,-0.0056,151.6,S,0.65,0.006787423000000001,NCJSG,2,0.293811
0.006931267,cc,45165,242668,-0.0166493,151.6,S,0.69,-0.006931267,NCJSM,2,0.307001
0.003647104,cc,45165,242668,-0.0133505,151.6,S,0.75,-0.003647104,NCJST,2,0.37089
0.001507824,cc,45165,242668,0.0711498,151.6,S,0.74,0.001507824,NCNCF,2,0.369633
0.00437205,cc,45165,242668,0.0597,151.6,S,0.79,0.00437205,NCNLH,2,0.38238
0.007695261,cc,45165,242668,0.0778007,151.6,S,0.8,0.007695261,NCNSH,2,0.345853
0.001283747,cc,45165,242668,0.0718507,151.6,S,0.82,0.001283747,NCNTY,2,0.409658
0.001900842,cc,45165,30034705,0.0060001,267.5,S,0.86,0.001900842,NCCAI,2,0.427094
0.001531293,cc,45165,30034705,0.0312998,267.5,S,0.82,-0.001531293,NCCDU,2,0.407202
0.014291265,cc,45165,30034705,0.0312498,267.5,S,0.66,0.014291265,NCCMN,2,0.104852
0.013280044999999999,cc,45165,30034705,0.0257003,267.5,S,0.76,0.013280044999999999,NCCMJ,2,0.159661
0.010950159,cc,45165,30034705,0.0280492,267.5,S,0.74,0.010950159,NCCMR,2,0.231754
0.008821908,cc,45165,30034705,0.0203548,267.5,S,0.87,0.008821908,NCJPR,2,0.351701
0.002990205,cc,45165,30034705,0.0362003,267.5,S,0.74,-0.002990205,NCJST,2,0.366221
0.001624331,cc,45165,402094,0.0416496,324.8,S,0.82,-0.001624331,NCCBW,2,0.402338
0.0029188,cc,45165,402094,-0.0287499,324.8,S,0.79,0.0029188,NCCMC,2,0.384552
0.002675663,cc,45165,402094,-0.0279004,324.8,S,0.71,-0.002675663,NCJAL,2,0.346905
0.009478252,cc,45165,402094,0.0663049,324.8,S,0.85,0.009478252,NCJPR,2,0.327037
0.0016484319999999998,cc,45165,402094,-0.0298002,324.8,S,0.78,0.0016484319999999998,NCJSC,2,0.382383
0.0005534940000000001,cc,45165,30058032,0.1866997,223.6,S,0.78,0.0005534940000000001,NCJAL,2,0.388718
0.016965384,cc,45165,30058032,0.1317499,223.6,S,0.78,0.016965384,NCJPR,2,0.062064
0.0008378299999999999,cc,45165,30065107,0.001401,252.7,S,0.72,0.0008378299999999999,NCCAI,2,0.358141
0.004123375,cc,45165,30065107,0.1055517,252.7,S,0.66,0.004123375,NCCAL,2,0.320382
0.002255576,cc,45165,30065107,0.0382209,252.7,S,0.74,0.002255576,NCCBW,2,0.365881
0.01899617,cc,45165,30065107,0.119751,252.7,S,0.84,0.01899617,NCCCY,2,0.010205
0.003644811,cc,45165,30065107,0.1021009,252.7,S,0.87,0.003644811,NCCLC,2,0.425897
0.007871444,cc,45165,30065107,0.1099015,252.7,S,0.77,0.007871444,NCJAL,2,0.312201
0.020814474,cc,45165,30065107,0.1200018,252.7,S,0.8,0.020814474,NCJSG,2,0.000149
0.007040827,cc,45165,30065107,0.1020508,252.7,S,0.69,0.007040827,NCJSM,2,0.312231
0.002233779,cc,45165,30065107,-0.0118689,252.7,S,0.58,0.002233779,NCNLH,2,0.284274
0.001016432,cc,45165,484120,0.085724,207.4,S,0.84,0.001016432,NCCBW,2,0.418969
0.012664467,cc,45165,484120,0.0263738,207.4,S,0.79,-0.012664467,NCCLC,2,0.194082
0.007344587,cc,45165,484120,0.0493392,207.4,S,0.57,0.007344587,NCCMC,2,0.252907
0.020817335,cc,48565,52942,-0.1895002,546.6,S,0.66,-0.020817335,NCCCY,2,1.5e-05
0.004833039,cc,48565,52942,-0.1634203,546.6,S,0.68,-0.004833039,NCCMC,2,0.255844
0.014672789,cc,48565,52942,-0.1842998,546.6,S,0.71,-0.014672789,NCCSH,2,0.078399
0.006406938,cc,48565,52942,-0.1474994,546.6,S,0.62,-0.006406938,NCJPS,2,0.222038
0.000411218,cc,48565,86036,-0.0294452,160.5,S,0.69,-0.000411218,NCCAI,2,0.344758
0.00537068,cc,48565,86036,-0.05109,160.5,S,0.87,-0.00537068,NCCBW,2,0.41398
0.003134562,cc,48565,86036,-0.0912497,160.5,S,0.69,-0.003134562,NCCCY,2,0.341031
0.014231723,cc,48565,86036,-0.0705402,160.5,S,0.9,0.014231723,NCCMC,2,0.166314
0.01131179,cc,48565,86036,0.0050399,160.5,S,0.73,0.01131179,NCCSP,2,0.228269
0.0040807479999999995,cc,48565,86036,-0.0818508,160.5,S,0.79,0.0040807479999999995,NCJBM,2,0.387248
0.000977229,cc,48565,86036,-0.0858505,160.5,S,0.79,-0.000977229,NCJLT,2,0.39459
0.006031786999999999,cc,48565,86036,-0.0692503,160.5,S,0.69,-0.006031786999999999,NCJMG,2,0.317173
0.007852731,cc,48565,238298,-0.0759297,180.1,S,0.62,-0.007852731,NCCAI,2,0.26235
0.001818948,cc,48565,238298,-0.013249,180.1,S,0.64,-0.001818948,NCCAL,2,0.318826
0.014692481,cc,48565,238298,0.00535,180.1,S,0.75,0.014692481,NCCCY,2,0.115155
0.013283673000000001,cc,48565,238298,0.0010499,180.1,S,0.77,0.013283673000000001,NCCPL,2,0.168328
0.019246676999999997,cc,48565,238298,-0.1104449,180.1,S,0.68,-0.019246676999999997,NCCSP,2,0.00449
0.010202935,cc,48565,238298,-0.0214506,180.1,S,0.87,-0.010202935,NCJBM,2,0.293389
0.003307226,cc,48565,238298,-0.0141502,180.1,S,0.76,-0.003307226,NCJSC,2,0.37417
0.0036660309999999997,cc,48565,238298,-0.0148493,180.1,S,0.84,0.0036660309999999997,NCJST,2,0.413945
0.002097643,cc,48565,238298,-0.1005999,180.1,S,0.75,0.002097643,NCNCF,2,0.37342
1.87e-07,cc,48565,242027,-0.07855,91.0,S,0.6,-1.87e-07,NCCMJ,2,0.299991
0.005271715000000001,cc,48565,242027,-0.0267099,91.0,S,0.83,0.005271715000000001,NCCSP,2,0.397132
0.011815949,cc,48565,242027,-0.03746,91.0,S,0.81,0.011815949,NCJPR,2,0.231931
0.001712096,cc,48565,242027,-0.06485,91.0,S,0.83,0.001712096,NCJSA,2,0.414541
0.017010151,cc,48565,30034705,-0.1805652,526.0,S,0.68,0.017010151,NCCMC,2,0.032018
0.011054663,cc,48565,402094,-0.2209202,718.4,S,0.71,-0.011054663,NCCMC,2,0.082586
0.001363906,cc,48565,30058032,0.0570902,194.1,S,0.64,-0.001363906,NCCAI,2,0.31912
0.001258874,cc,48565,30058032,0.0355798,194.1,S,0.88,-0.001258874,NCCBW,2,0.439097
0.011848016,cc,48565,30058032,0.091155,194.1,S,0.74,0.011848016,NCCSP,2,0.209978
0.001600457,cc,48565,30065107,-0.037284,160.4,S,0.61,-0.001600457,NCCAI,2,0.30425
0.003341867,cc,48565,30065107,-0.075374,160.4,S,0.85,0.003341867,NCCBR,2,0.420076
9.3643e-05,cc,48565,30065107,-0.0526291,160.4,S,0.91,9.3643e-05,NCCBW,2,0.454763
0.009275996,cc,48565,30065107,-0.0765487,160.4,S,0.74,0.009275996,NCCCY,2,0.285932
0.008357841999999999,cc,48565,30065107,-0.0931793,160.4,S,0.81,-0.008357841999999999,NCCLC,2,0.330584
0.0064132239999999995,cc,48565,30065107,-0.0120338,160.4,S,0.79,0.0064132239999999995,NCCSP,2,0.36426
0.000217432,cc,48565,30065107,-0.0839482,160.4,S,0.83,-0.000217432,NCJBM,2,0.414777
0.0035145,cc,48565,30065107,-0.0760995,160.4,S,0.62,0.0035145,NCJHP,2,0.306142
0.005567127,cc,48565,30065107,-0.0576993,160.4,S,0.72,0.005567127,NCJMG,2,0.342153
0.01327453,cc,48565,30065107,-0.0708495,160.4,S,0.92,0.01327453,NCJSC,2,0.199366
0.013288486,cc,48565,30065107,-0.0895492,160.4,S,0.88,-0.013288486,NCJST,2,0.183234
0.001647803,cc,48565,30065107,-0.0035993,160.4,S,0.71,0.001647803,NCNCF,2,0.354319
0.00963106,cc,48565,30107759,-0.1035111,253.4,S,0.57,-0.00963106,NCCAI,2,0.209693
0.015548866,cc,48565,30107759,0.0088489,253.4,S,0.76,0.015548866,NCCCY,2,0.087726
0.001420232,cc,48565,30107759,-0.0119462,253.4,S,0.84,-0.001420232,NCCLC,2,0.417145
0.00869105,cc,48565,30107759,-0.0183518,253.4,S,0.79,-0.00869105,NCJBM,2,0.309358
0.0054078039999999996,cc,48565,30107759,-0.0381009,253.4,S,0.66,0.0054078039999999996,NCJMG,2,0.312821
0.003034627,cc,48565,30107759,-0.0137007,253.4,S,0.62,0.003034627,NCJPS,2,0.306119
0.001705245,cc,48565,30107759,-0.1396515,253.4,S,0.76,0.001705245,NCNCF,2,0.377189
0.001041562,cc,48565,30107759,-0.1275656,253.4,S,0.57,0.001041562,NCNLH,2,0.283352
0.007233984000000001,cc,48565,484120,-0.1434362,601.5,S,0.54,-0.007233984000000001,NCCMC,2,0.160549
0.016881651,cc,52942,86036,0.0974494,386.4,S,0.79,0.016881651,NCCCY,2,0.046804
0.018698751000000003,cc,52942,86036,0.0925141,386.4,S,0.57,0.018698751000000003,NCCMC,2,0.014769
0.012329722999999999,cc,52942,86036,0.0817495,386.4,S,0.67,0.012329722999999999,NCJPP,2,0.173397
0.014996622000000001,cc,52942,242668,-0.018735,10.8,S,0.86,0.014996622000000001,NCCBR,2,0.10673
0.002100107,cc,52942,242668,-0.0303,10.8,S,0.88,0.002100107,NCCCO,2,0.43849
0.014311125000000001,cc,52942,242668,-0.0171493,10.8,S,0.96,0.014311125000000001,NCCCY,2,0.152377
0.003174379,cc,52942,242668,-0.0319699,10.8,S,0.81,0.003174379,NCCDU,2,0.400261
0.0012101,cc,52942,242668,-0.0339855,10.8,S,0.87,-0.0012101,NCCLC,2,0.434803
0.000767204,cc,52942,242668,-0.0343007,10.8,S,0.81,-0.000767204,NCCMN,2,0.404965
0.004532834,cc,52942,242668,-0.0272802,10.8,S,0.84,0.004532834,NCCMC,2,0.407328
0.003591852,cc,52942,242668,-0.0289,10.8,S,0.91,0.003591852,NCCMJ,2,0.447742
0.011477994,cc,52942,242668,-0.0212,10.8,S,0.91,0.011477994,NCCPL,2,0.263282
0.005718052,cc,52942,242668,-0.037515,10.8,S,0.97,-0.005718052,NCCSP,2,0.454908
0.003864718,cc,52942,242668,-0.0278996,10.8,S,0.94,0.003864718,NCJAL,2,0.460819
0.006163885,cc,52942,242668,-0.036949,10.8,S,0.87,-0.006163885,NCJBM,2,0.402915
0.004391409000000001,cc,52942,242668,-0.02505,10.8,S,0.76,0.004391409000000001,NCJEG,2,0.370286
0.004703939,cc,52942,242668,-0.0254496,10.8,S,0.85,0.004703939,NCJHP,2,0.411204
0.002829952,cc,52942,242668,-0.0263155,10.8,S,0.58,0.002829952,NCJMG,2,0.288121
0.008560001,cc,52942,242668,-0.0390995,10.8,S,0.88,-0.008560001,NCJPP,2,0.356364
0.00577534,cc,52942,242668,-0.035899,10.8,S,0.88,-0.00577534,NCJPS,2,0.412654
0.0005489039999999999,cc,52942,242668,-0.0299996,10.8,S,0.88,-0.0005489039999999999,NCJSA,2,0.439964
0.003824917,cc,52942,242668,-0.0347002,10.8,S,0.91,-0.003824917,NCJSC,2,0.446856
0.0038419020000000003,cc,52942,242668,-0.0346001,10.8,S,0.81,-0.0038419020000000003,NCJSF,2,0.397615
0.012052424,cc,52942,242668,-0.0191,10.8,S,0.71,0.012052424,NCJSG,2,0.189096
0.003548151,cc,52942,242668,-0.0348996,10.8,S,0.93,-0.003548151,NCNCF,2,0.457817
0.004268134,cc,52942,242668,-0.0357998,10.8,S,0.83,-0.004268134,NCNFR,2,0.404491
0.003130215,cc,52942,242668,-0.0307001,10.8,S,0.87,0.003130215,NCNGV,2,0.430554
0.001986336,cc,52942,242668,-0.03241,10.8,S,0.95,0.001986336,NCNLH,2,0.473665
0.005619763,cc,52942,242668,-0.0365003,10.8,S,0.95,-0.005619763,NCNLN,2,0.446762
0.013128373,cc,52942,242668,-0.0432499,10.8,S,0.87,-0.013128373,NCNOL,2,0.182684
0.004111548,cc,52942,242668,-0.0283488,10.8,S,0.98,0.004111548,NCNSH,2,0.479375
0.001422384,cc,52942,242668,-0.0308002,10.8,S,0.74,0.001422384,NCNSP,2,0.369691
0.003927214,cc,52942,242668,-0.02574,10.8,S,0.97,0.003927214,NCNTA,2,0.476595
0.00227147,cc,52942,242668,-0.0285004,10.8,S,0.82,0.00227147,NCNTB,2,0.408667
0.003327746,cc,52942,242668,-0.0286501,10.8,S,0.97,0.003327746,NCNTY,2,0.479557
0.0009943250000000001,cc,52942,242668,-0.0338,10.8,S,0.99,-0.0009943250000000001,NCNVE,2,0.494833
0.001519916,cc,52942,30034705,-0.032805,263.4,S,0.67,0.001519916,NCCDU,2,0.33271
0.017642942,cc,52942,30034705,0.0046301,263.4,S,0.72,0.017642942,NCCLC,2,0.029371
0.018438103,cc,52942,30034705,-0.02055,263.4,S,0.56,0.018438103,NCCMC,2,0.015146
0.008132413,cc,52942,30034705,-0.0231004,263.4,S,0.83,0.008132413,NCJMG,2,0.340738
0.00398657,cc,52942,30034705,-0.04672,263.4,S,0.78,0.00398657,NCJPR,2,0.378575
0.0037274219999999998,cc,52942,30034705,-0.0213499,263.4,S,0.56,0.0037274219999999998,NCJSA,2,0.273216
0.016340247999999998,cc,52942,30034705,0.0047007,263.4,S,0.73,0.016340247999999998,NCJSF,2,0.054543
0.013587999,cc,52942,402094,-0.0395498,172.4,S,0.86,0.013587999,NCCCY,2,0.161013
0.009771710000000001,cc,52942,402094,-0.0606151,172.4,S,0.79,-0.009771710000000001,NCCLC,2,0.294257
0.009001816,cc,52942,402094,-0.0602801,172.4,S,0.71,-0.009001816,NCCMC,2,0.287561
0.014766586,cc,52942,402094,0.0462098,172.4,S,0.52,0.014766586,NCCSP,2,0.065155
0.002323448,cc,52942,402094,-0.0453,172.4,S,0.81,0.002323448,NCJAL,2,0.403298
0.008865173,cc,52942,402094,-0.0596004,172.4,S,0.67,-0.008865173,NCJSF,2,0.267405
0.0070970930000000005,cc,52942,402094,-0.0547004,172.4,S,0.7,-0.0070970930000000005,NCJST,2,0.308998
0.004852622,cc,52942,30058032,0.1686001,369.2,S,0.69,0.004852622,NCJAL,2,0.318772
0.00274165,cc,52942,30065107,-0.133599,400.4,S,0.64,0.00274165,NCNCF,2,0.299321
5.7878e-05,cc,52942,30065107,-0.1037691,400.4,S,0.55,5.7878e-05,NCNLH,2,0.260717
0.001557966,cc,52942,484120,0.0230841,57.4,S,0.8,0.001557966,NCCBR,2,0.399347
9.256399999999999e-05,cc,52942,484120,0.030734,57.4,S,0.92,9.256399999999999e-05,NCCBW,2,0.459995
0.002363761,cc,52942,484120,0.0175144,57.4,S,0.89,-0.002363761,NCCLC,2,0.443342
0.006406129,cc,52942,484120,0.0159789,57.4,S,0.6,-0.006406129,NCCMC,2,0.276639
0.000345279,cc,52942,484120,0.0252992,57.4,S,0.53,-0.000345279,NCJHP,2,0.264995
0.000319723,cc,52942,484120,0.0410336,57.4,S,0.81,-0.000319723,NCJPR,2,0.40499
0.0010486249999999999,cc,52942,484120,0.0312992,57.4,S,0.81,0.0010486249999999999,NCJSA,2,0.404867
0.018427371999999997,cc,86036,238298,0.0972,338.1,S,0.72,0.018427371999999997,NCCCY,2,0.013878
0.012983831,cc,86036,238298,0.0617,338.1,S,0.55,-0.012983831,NCJBM,2,0.118377
0.000385963,cc,86036,242027,-0.0136999,71.1,S,0.88,-0.000385963,NCCAI,2,0.439995
0.009732186,cc,86036,242027,0.0196996,71.1,S,0.88,0.009732186,NCCCY,2,0.3242
0.00511093,cc,86036,242027,0.0024849,71.1,S,0.81,-0.00511093,NCCLC,2,0.386279
0.013472545,cc,86036,242027,-0.0078,71.1,S,0.72,-0.013472545,NCCDV,2,0.135919
0.014955225,cc,86036,242027,0.0230149,71.1,S,0.77,0.014955225,NCCMC,2,0.097187
0.001110146,cc,86036,242027,0.00735,71.1,S,0.75,-0.001110146,NCCMJ,2,0.374745
0.006230103,cc,86036,242027,-0.0319399,71.1,S,0.79,-0.006230103,NCCSP,2,0.366832
0.007798335,cc,86036,242027,0.0003501,71.1,S,0.74,0.007798335,NCJPR,2,0.313206
0.007605870000000001,cc,86036,242027,-0.0028495,71.1,S,0.82,-0.007605870000000001,NCJSA,2,0.356077
0.0032219220000000003,cc,86036,242668,-0.1152501,385.7,S,0.82,-0.0032219220000000003,NCCCY,2,0.38878
0.000786403,cc,86036,30034705,-0.0038999,391.3,S,0.76,-0.000786403,NCCAI,2,0.362177
0.0029534270000000002,cc,86036,30034705,-0.10985,391.3,S,0.52,0.0029534270000000002,NCCMC,2,0.245173
0.001139773,cc,86036,402094,0.001445,558.1,S,0.87,0.001139773,NCCBW,2,0.326353
0.003744299,cc,86036,402094,-0.1374498,558.1,S,0.73,-0.003744299,NCCCY,2,0.270424
0.000512806,cc,86036,30058032,0.0869753,66.8,S,0.95,-0.000512806,NCCAI,2,0.474989
0.004007139999999999,cc,86036,30058032,0.0865652,66.8,S,0.95,0.004007139999999999,NCCBW,2,0.465847
0.011373106,cc,86036,30058032,0.088915,66.8,S,0.85,0.011373106,NCCMC,2,0.247796
0.002326034,cc,86036,30058032,0.0879048,66.8,S,0.86,0.002326034,NCCSP,2,0.427987
0.005850353,cc,86036,30058032,0.0977987,66.8,S,0.84,0.005850353,NCJAL,2,0.397212
0.010540777999999999,cc,86036,30058032,0.0837006,66.8,S,0.61,-0.010540777999999999,NCNOL,2,0.202016
0.008970795,cc,86036,30058032,0.1021446,66.8,S,0.86,0.008970795,NCNTA,2,0.337988
0.0014393329999999999,cc,86036,30065107,-0.0080889,55.6,S,0.93,-0.0014393329999999999,NCCAI,2,0.464711
0.005374208,cc,86036,30065107,-0.0016292,55.6,S,0.96,0.005374208,NCCBW,2,0.457633
0.012710496,cc,86036,30065107,0.015001,55.6,S,0.97,0.012710496,NCCCY,2,0.230463
0.00064943,cc,86036,30065107,0.0015508,55.6,S,0.9,0.00064943,NCCLC,2,0.449973
0.009156415000000001,cc,86036,30065107,-0.007048,55.6,S,0.91,-0.009156415000000001,NCCDV,2,0.345507
0.00145401,cc,86036,30065107,0.0005003,55.6,S,0.69,-0.00145401,NCCMN,2,0.344494
0.005326296,cc,86036,30065107,0.0007361,55.6,S,0.9,0.005326296,NCCMC,2,0.42574
0.002988588,cc,86036,30065107,-0.0151638,55.6,S,0.85,-0.002988588,NCCSP,2,0.421794
0.011867493,cc,86036,30065107,0.0196997,55.6,S,0.97,0.011867493,NCJAL,2,0.280578
0.0018604350000000001,cc,86036,30065107,0.0026504,55.6,S,0.73,0.0018604350000000001,NCJEG,2,0.364116
0.009640464,cc,86036,30065107,0.0113512,55.6,S,0.82,0.009640464,NCJHP,2,0.300651
0.011248447,cc,86036,30065107,0.0112006,55.6,S,0.84,0.011248447,NCJMG,2,0.250922
0.011598134,cc,86036,30065107,0.0086712,55.6,S,0.81,0.011598134,NCJPR,2,0.228677
0.000565861,cc,86036,30065107,0.0012013,55.6,S,0.9,-0.000565861,NCJPS,2,0.44998
0.0010042809999999999,cc,86036,30065107,-0.0002993,55.6,S,0.94,-0.0010042809999999999,NCJSA,2,0.469886
0.008243612,cc,86036,30065107,0.0105006,55.6,S,0.96,0.008243612,NCJSC,2,0.398005
0.003449517,cc,86036,30065107,-0.0012992,55.6,S,0.87,-0.003449517,NCJSF,2,0.429355
0.010867821,cc,86036,30065107,-0.0084985,55.6,S,0.75,-0.010867821,NCJSG,2,0.239744
0.0006149059999999999,cc,86036,30065107,0.001701,55.6,S,0.9,-0.0006149059999999999,NCJSJ,2,0.449964
0.01169941,cc,86036,30065107,-0.0038494,55.6,S,0.9,-0.01169941,NCJST,2,0.242155
0.003714908,cc,86036,30065107,-0.000749,55.6,S,0.92,0.003714908,NCNGV,2,0.45436
0.003445413,cc,86036,30065107,-0.0081485,55.6,S,0.94,-0.003445413,NCNLN,2,0.463099
0.005209188,cc,86036,30065107,-0.0102991,55.6,S,0.94,-0.005209188,NCNSP,2,0.445907
0.007430532,cc,86036,30065107,0.0035459,55.6,S,0.85,0.007430532,NCNTA,2,0.371284
0.020233633,cc,86036,30107759,0.1016488,412.6,S,0.73,0.020233633,NCCCY,2,0.000698
0.009021844,cc,86036,30107759,0.0842188,412.6,S,0.69,0.009021844,NCCLC,2,0.258781
0.012388978,cc,86036,30107759,0.0320988,412.6,S,0.62,0.012388978,NCJMG,2,0.141578
0.01013111,cc,86036,30107759,-0.0238909,412.6,S,0.74,0.01013111,NCJPR,2,0.235372
0.006158995,cc,86036,30107759,0.0834985,412.6,S,0.61,0.006158995,NCJSC,2,0.26686
0.004220176,cc,86036,484120,0.045959,441.8,S,0.85,0.004220176,NCCBW,2,0.382155
0.0036913230000000003,cc,238298,242027,-0.07387,268.6,S,0.8,-0.0036913230000000003,NCCSL,2,0.390879
0.007665351,cc,238298,242027,-0.0737796,268.6,S,0.81,-0.007665351,NCCLC,2,0.347256
0.008669314,cc,238298,30058032,-0.0079,373.8,S,0.78,-0.008669314,NCCMC,2,0.301132
0.00596674,cc,238298,30065107,-0.0824489,340.0,S,0.69,-0.00596674,NCCCY,2,0.315721
0.007667876,cc,238298,30065107,-0.0655989,340.0,S,0.7,-0.007667876,NCJAL,2,0.297798
0.005844935999999999,cc,238298,30065107,-0.0232339,340.0,S,0.7,0.005844935999999999,NCJMG,2,0.320571
0.004052587,cc,238298,30065107,0.0074561,340.0,S,0.73,-0.004052587,NCJPR,2,0.348708
0.014732594,cc,238298,30065107,-0.0585484,340.0,S,0.65,0.014732594,NCJSC,2,0.087038
0.003456982,cc,238298,30107759,-0.02926,75.4,S,0.94,-0.003456982,NCCAI,2,0.464284
0.004962263,cc,238298,30107759,-0.0028015,75.4,S,0.88,-0.004962263,NCCAL,2,0.422483
0.000307121,cc,238298,30107759,0.0029497,75.4,S,0.92,0.000307121,NCCCY,2,0.459991
0.002184679,cc,238298,30107759,0.0022006,75.4,S,0.87,0.002184679,NCCDV,2,0.433631
0.000420922,cc,238298,30107759,0.00024,75.4,S,0.86,-0.000420922,NCCMC,2,0.42998
0.002283789,cc,238298,30107759,0.0044503,75.4,S,0.82,0.002283789,NCCMJ,2,0.408494
0.005257386,cc,238298,30107759,-0.0417848,75.4,S,0.67,-0.005257386,NCCSP,2,0.319952
0.0039278559999999995,cc,238298,30107759,0.0049996,75.4,S,0.89,0.0039278559999999995,NCJAL,2,0.436256
0.002213842,cc,238298,30107759,0.0038008,75.4,S,0.87,0.002213842,NCJBM,2,0.433456
0.002115516,cc,238298,30107759,-0.00275,75.4,S,0.74,-0.002115516,NCJHP,2,0.368912
0.000521031,cc,238298,30107759,-0.0088001,75.4,S,0.89,0.000521031,NCJMG,2,0.444964
0.0024552190000000002,cc,238298,30107759,0.0016999,75.4,S,0.86,0.0024552190000000002,NCJPS,2,0.427865
0.003650624,cc,238298,30107759,-0.0091005,75.4,S,0.89,-0.003650624,NCJSA,2,0.438372
0.010999114,cc,238298,30107759,0.0128006,75.4,S,0.86,0.010999114,NCJSC,2,0.270234
0.001987943,cc,238298,30107759,0.0034995,75.4,S,0.8,0.001987943,NCJSF,2,0.398968
0.005592153,cc,238298,30107759,0.0069003,75.4,S,0.66,0.005592153,NCJSM,2,0.3116
0.000740437,cc,238298,30107759,-0.0393997,75.4,S,0.84,-0.000740437,NCNCF,2,0.41996
0.003902238,cc,238298,30107759,-0.0334998,75.4,S,0.88,0.003902238,NCNLN,2,0.430882
0.010667589,cc,238298,30107759,-0.0446992,75.4,S,0.7,-0.010667589,NCNOL,2,0.233392
0.001464378,cc,238298,30107759,-0.0411497,75.4,S,0.82,-0.001464378,NCNSP,2,0.409646
0.003662433,cc,238298,30107759,-0.0333505,75.4,S,0.8,0.003662433,NCNTB,2,0.393091
0.000501312,cc,238298,30107759,-0.0078049,75.4,S,0.68,-0.000501312,NCJSB,2,0.339987
0.000870331,cc,242027,242668,-0.0129202,454.7,S,0.67,-0.000870331,NCCBW,2,0.302695
0.013954042,cc,242027,242668,-0.1359496,454.7,S,0.69,-0.013954042,NCCCY,2,0.119207
0.013561422,cc,242027,242668,0.0014801,454.7,S,0.64,-0.013561422,NCJPR,2,0.114263
0.000660562,cc,242027,30034705,0.0095399,448.1,S,0.71,-0.000660562,NCCAI,2,0.323394
0.000361916,cc,242027,30058032,0.1004401,112.7,S,0.86,-0.000361916,NCCAI,2,0.42995
0.003697268,cc,242027,30058032,0.065785,112.7,S,0.85,-0.003697268,NCCMC,2,0.418272
0.0047114060000000004,cc,242027,30058032,0.116,112.7,S,0.86,0.0047114060000000004,NCCSP,2,0.415824
0.001469791,cc,242027,30058032,0.08476,112.7,S,0.75,-0.001469791,NCJMG,2,0.37454
0.009814073999999999,cc,242027,30058032,0.0919498,112.7,S,0.8,0.009814073999999999,NCJSA,2,0.291027
0.001121937,cc,242027,30058032,0.080975,112.7,S,0.9,-0.001121937,NCCVP,2,0.449778
0.004797479,cc,242027,30058032,0.0844496,112.7,S,0.71,0.004797479,NCJCH,2,0.342677
0.0021274709999999997,cc,242027,30065107,-0.0067636,82.2,S,0.94,0.0021274709999999997,NCCSL,2,0.468389
0.001143254,cc,242027,30065107,0.0055211,82.2,S,0.89,-0.001143254,NCCAI,2,0.444768
0.003681387,cc,242027,30065107,-0.0083887,82.2,S,0.78,-0.003681387,NCCBR,2,0.384091
0.002928242,cc,242027,30065107,-0.0047488,82.2,S,0.89,0.002928242,NCCCY,2,0.441192
0.005330016,cc,242027,30065107,-0.0013644,82.2,S,0.93,0.005330016,NCCLC,2,0.441888
0.0037658599999999998,cc,242027,30065107,0.0002018,82.2,S,0.75,0.0037658599999999998,NCCDV,2,0.368292
0.00039622800000000004,cc,242027,30065107,0.0139309,82.2,S,0.86,0.00039622800000000004,NCCSP,2,0.429984
0.00765206,cc,242027,30065107,0.0036007,82.2,S,0.87,0.00765206,NCJSA,2,0.374569
0.003842673,cc,242027,30065107,0.011426,82.2,S,0.89,-0.003842673,NCCPI,2,0.436862
0.0020818850000000003,cc,242027,30065107,0.024901,82.2,S,0.92,0.0020818850000000003,NCNCF,2,0.458794
0.00319321,cc,242027,30065107,0.0181065,82.2,S,0.72,0.00319321,NCNTA,2,0.356427
0.007345565,cc,242027,30065107,0.0040012,82.2,S,0.75,0.007345565,NCJSB,2,0.328751
0.0025490219999999997,cc,242027,30065107,-0.008969,82.2,S,0.91,-0.0025490219999999997,NCCVP,2,0.452877
0.007601324,cc,242027,30107759,0.0790491,342.8,S,0.75,0.007601324,NCCCY,2,0.317771
0.001132819,cc,242027,30107759,-0.025441,342.8,S,0.77,0.001132819,NCJPR,2,0.375693
0.008631078,cc,242668,30034705,-0.0316402,265.1,S,0.86,0.008631078,NCCAI,2,0.33822
0.001699288,cc,242668,30034705,-0.020065,265.1,S,0.84,0.001699288,NCJPR,2,0.416218
0.002776669,cc,242668,30034705,0.00715,265.1,S,0.63,0.002776669,NCJSA,2,0.310347
0.011478776999999999,cc,242668,30034705,-0.0186502,265.1,S,0.84,0.011478776999999999,NCNTY,2,0.231799
0.016918718,cc,242668,30034705,-0.0205003,265.1,S,0.68,-0.016918718,NCNWR,2,0.053428
0.0022227790000000002,cc,242668,402094,-0.0239002,174.5,S,0.86,-0.0022227790000000002,NCCCY,2,0.428346
0.014074668,cc,242668,402094,-0.0335399,174.5,S,0.79,-0.014074668,NCCMC,2,0.150955
0.00199045,cc,242668,402094,-0.0178496,174.5,S,0.74,-0.00199045,NCJAL,2,0.368452
0.0018206119999999999,cc,242668,402094,-0.0219008,174.5,S,0.64,-0.0018206119999999999,NCJBM,2,0.319224
0.009352214,cc,242668,402094,-0.0110995,174.5,S,0.76,0.009352214,NCJSC,2,0.284899
0.003723413,cc,242668,402094,-0.0237004,174.5,S,0.69,-0.003723413,NCJSF,2,0.33952
0.002920089,cc,242668,402094,-0.0241496,174.5,S,0.67,-0.002920089,NCJSG,2,0.332331
0.005033085,cc,242668,402094,0.0801004,174.5,S,0.58,0.005033085,NCNSP,2,0.278204
0.00564806,cc,242668,402094,0.0742353,174.5,S,0.69,0.00564806,NCNHF,2,0.324937
0.010306877999999998,cc,242668,402094,0.0821594,174.5,S,0.82,0.010306877999999998,NCNMI,2,0.280146
0.008544666,cc,242668,30058032,0.058875,368.6,S,0.76,0.008544666,NCCAI,2,0.299646
0.001238721,cc,242668,30058032,0.1967505,368.6,S,0.66,0.001238721,NCJAL,2,0.318357
0.008856117,cc,242668,30065107,0.1202517,399.8,S,0.62,0.008856117,NCJAL,2,0.228884
0.0016681040000000001,cc,242668,30065107,-0.0710987,399.8,S,0.53,-0.0016681040000000001,NCNLH,2,0.251444
0.001475894,cc,242668,484120,0.0509789,56.5,S,0.68,-0.001475894,NCCSL,2,0.339667
0.00038405,cc,242668,484120,0.0522694,56.5,S,0.81,-0.00038405,NCCLC,2,0.404992
0.010854088000000001,cc,242668,484120,0.043344,56.5,S,0.61,-0.010854088000000001,NCCMC,2,0.19832
0.005149358000000001,cc,242668,484120,0.0506487,56.5,S,0.66,-0.005149358000000001,NCJHP,2,0.315859
0.002247931,cc,242668,484120,0.0619492,56.5,S,0.79,0.002247931,NCJSA,2,0.393476
0.0027434829999999997,cc,242668,484120,0.0646989,56.5,S,0.89,-0.0027434829999999997,NCCVP,2,0.442778
0.018762045,cc,30034705,402094,0.0229001,347.9,S,0.66,-0.018762045,NCCBW,2,0.019188
0.021012249,cc,30034705,402094,-0.0653,347.9,S,0.9,-0.021012249,NCCCY,2,1.8e-05
0.010642209,cc,30034705,402094,0.0368402,347.9,S,0.86,-0.010642209,NCCYB,2,0.290606
0.00015343399999999998,cc,30034705,30058032,0.090755,335.7,S,0.74,0.00015343399999999998,NCCAI,2,0.361975
0.007384704,cc,30034705,30058032,0.1977301,335.7,S,0.67,0.007384704,NCCMC,2,0.28863
0.002971066,cc,30034705,30058032,0.1691499,335.7,S,0.48,-0.002971066,NCCNI,2,0.23303
0.000807903,cc,30034705,30065107,-0.004344,367.8,S,0.7,-0.000807903,NCCAI,2,0.33802
0.000185736,cc,30034705,30065107,0.0894015,367.8,S,0.5,-0.000185736,NCCNI,2,0.241538
0.016731638,cc,30034705,484120,0.0663642,294.4,S,0.67,-0.016731638,NCCBW,2,0.057641
0.0026520830000000004,cc,402094,30058032,0.0849049,537.6,S,0.87,0.0026520830000000004,NCCBW,2,0.34188
0.004234676000000001,cc,402094,30065107,-0.0030739,569.7,S,0.87,0.004234676000000001,NCCBW,2,0.309422
0.017554859,cc,402094,30065107,0.1535509,569.7,S,0.76,0.017554859,NCCCY,2,0.025655
0.006685968,cc,402094,30065107,-0.0273638,569.7,S,0.62,0.006685968,NCJPR,2,0.206889
0.01543492,cc,402094,30065107,0.1414506,569.7,S,0.69,0.01543492,NCJSF,2,0.064441
0.002225437,cc,402094,484120,0.0436591,121.5,S,0.94,0.002225437,NCCBW,2,0.468711
0.008757394,cc,402094,484120,0.0794789,121.5,S,0.82,0.008757394,NCCLC,2,0.330811
0.004475854,cc,402094,484120,0.0781392,121.5,S,0.61,0.004475854,NCCMC,2,0.297909
0.001317585,cc,402094,484120,0.0732991,121.5,S,0.73,0.001317585,NCCGP,2,0.364738
0.000942753,cc,402094,484120,0.0477089,121.5,S,0.69,0.000942753,NCJPR,2,0.344882
0.000826391,cc,30058032,30065107,-0.094964,33.9,S,0.95,-0.000826391,NCCAI,2,0.474929
0.001407599,cc,30058032,30065107,-0.0881539,33.9,S,0.97,0.001407599,NCCBW,2,0.484572
0.004716911,cc,30058032,30065107,-0.086849,33.9,S,0.91,-0.004716911,NCCMC,2,0.440381
0.004794869,cc,30058032,30065107,-0.1025489,33.9,S,0.93,-0.004794869,NCCSP,2,0.448804
0.007117679,cc,30058032,30065107,-0.0769985,33.9,S,0.81,0.007117679,NCJAL,2,0.359611
0.002333631,cc,30058032,30065107,-0.0817492,33.9,S,0.81,0.002333631,NCJHP,2,0.40322
0.0006241290000000001,cc,30058032,30065107,-0.087229,33.9,S,0.86,0.0006241290000000001,NCJMG,2,0.429956
0.0029409640000000003,cc,30058032,30065107,-0.0804489,33.9,S,0.89,0.0029409640000000003,NCJPP,2,0.441162
0.000654442,cc,30058032,30065107,-0.0972288,33.9,S,0.96,-0.000654442,NCCPI,2,0.479952
1.4860999999999999e-05,cc,30058032,30065107,-0.0970733,33.9,S,0.82,-1.4860999999999999e-05,NCNTA,2,0.41
0.000897192,cc,30058032,30065107,-0.0894141,33.9,S,0.98,-0.000897192,NCCVP,2,0.48991
0.001421692,cc,30058032,30065107,-0.0983489,33.9,S,0.94,0.001421692,NCNHF,2,0.469577
0.001286856,cc,30058032,484120,-0.042106,425.0,S,0.83,-0.001286856,NCCBW,2,0.38607
0.007273274,cc,30065107,30107759,0.086398,412.0,S,0.74,0.007273274,NCCCY,2,0.308768
0.012145012,cc,30065107,30107759,0.0711478,412.0,S,0.74,0.012145012,NCJAL,2,0.188638
0.000847136,cc,30065107,30107759,-0.0319422,412.0,S,0.82,-0.000847136,NCJPR,2,0.386103
0.001592415,cc,30065107,30107759,-0.1377021,412.0,S,0.56,-0.001592415,NCNCF,2,0.263466
0.005022161,cc,30065107,484120,0.0600929,456.2,S,0.57,-0.005022161,NCCVP,2,0.251084
0.010834288000000001,ct,38542,38520,0.0,58.5,P,1.0,-0.010834288000000001,NCCBW,3,0.009995
0.008903127,ct,38542,38520,0.01,58.5,P,1.0,-0.008903127,NCCSP,3,0.009997
0.019441662000000002,ct,38542,38520,0.0,58.5,P,1.0,-0.019441662000000002,NCNLN,3,0.009974
0.006255692,ct,38542,38520,0.02,58.5,P,1.0,0.006255692,NCCAI,3,0.009998
0.057552044000000004,ct,38542,38520,0.0600002,58.5,P,0.2,0.057552044000000004,NCCMC,3,0.001871
0.004304465,ct,38542,38520,0.0,58.5,P,1.0,-0.004304465,NCCBR,3,0.009999
0.002356877,ct,38542,38520,0.0,58.5,P,0.75,-0.002356877,NCCLC,3,0.007499
0.031020639,ct,38542,38520,-0.02,58.5,P,0.3,-0.031020639,NCJPR,3,0.00297
0.011659214999999999,ct,38542,38520,0.0300002,58.5,P,0.2,0.011659214999999999,NCNLH,3,0.001999
0.091865311,ct,38542,38520,-0.0899997,58.5,P,0.15,-0.091865311,NCCSH,3,0.001135
0.023667227,ct,38542,38520,0.04,58.5,P,0.15,0.023667227,NCNTA,3,0.001493
0.023399853,ct,38542,38520,0.0299997,58.5,P,0.35,0.023399853,NCJMG,3,0.003484
0.042227993,ct,38542,38520,-0.04,58.5,P,0.5,-0.042227993,NCCPL,3,0.004871
0.015043055000000001,ct,38542,38520,0.02,58.5,P,1.0,0.015043055000000001,NCJSA,3,0.009987
0.054098408,ct,38542,38520,-0.0500002,58.5,P,0.2,-0.054098408,NCCDO,3,0.001893
0.005006562,ct,38542,38520,0.0099998,58.5,P,0.35,0.005006562,NCJEG,3,0.0035
0.097033142,ct,38542,38520,0.0999994,58.5,P,0.6,0.097033142,NCJHP,3,0.00431
0.027817432,ct,38542,38520,-0.0100002,58.5,P,0.3,-0.027817432,NCNOL,3,0.002978
0.055557312000000005,ct,38542,45165,0.04,67.9,P,1.0,0.055557312000000005,NCCSP,3,0.009421
0.02006571,ct,38542,45165,0.0,67.9,P,1.0,0.02006571,NCCBW,3,0.009972
0.02926016,ct,38542,45165,0.01,67.9,P,1.0,0.02926016,NCCAI,3,0.009911
0.001993139,ct,38542,45165,-0.0100002,67.9,P,1.0,0.001993139,NCNLN,3,0.009999
0.078619446,ct,38542,45165,0.0500002,67.9,P,0.6,0.078619446,NCCMC,3,0.005055
0.004793564,ct,38542,45165,-0.02,67.9,P,1.0,0.004793564,NCCBR,3,0.009998
0.004118971,ct,38542,45165,-0.0299997,67.9,P,0.75,-0.004118971,NCCLC,3,0.007499
0.019571079,ct,38542,45165,-0.0400004,67.9,P,0.55,-0.019571079,NCJPR,3,0.005486
0.051443218,ct,38542,45165,0.04,67.9,P,0.2,0.051443218,NCNLH,3,0.001909
0.035242645,ct,38542,45165,0.02,67.9,P,0.55,0.035242645,NCNTA,3,0.005416
0.044444798,ct,38542,45165,-0.0700002,67.9,P,0.75,-0.044444798,NCCPL,3,0.007274
0.014779844,ct,38542,45165,-0.0100002,67.9,P,1.0,0.014779844,NCJSA,3,0.009987
0.043460205,ct,38542,45165,0.0199995,67.9,P,0.2,0.043460205,NCCDO,3,0.001945
0.014713693,ct,38542,45165,-0.0100002,67.9,P,0.6,0.014713693,NCJEG,3,0.005993
0.086064568,ct,38542,45165,0.0599995,67.9,P,0.75,0.086064568,NCJHP,3,0.005973
0.016306595,ct,38542,45165,-0.0300007,67.9,P,0.55,-0.016306595,NCNOL,3,0.005491
0.04594989,ct,38542,45165,0.0199995,67.9,P,0.1,0.04594989,NCJBG,3,0.000967
0.10363389599999999,ct,38542,45165,-0.1300001,67.9,P,0.1,-0.10363389599999999,NCJPP,3,0.000666
0.022173798,ct,38542,45165,0.0100002,67.9,P,0.3,0.022173798,NCNTB,3,0.002988
0.00393936,ct,38542,86036,-0.01,191.3,P,1.0,0.00393936,NCCSP,3,0.009974
0.010851910999999999,ct,38542,86036,0.01,191.3,P,1.0,0.010851910999999999,NCCAI,3,0.00997
0.026403515,ct,38542,86036,-0.04,191.3,P,1.0,-0.026403515,NCNLN,3,0.009916
0.009010782,ct,38542,86036,0.01,191.3,P,1.0,-0.009010782,NCCBW,3,0.009972
0.060376967999999996,ct,38542,86036,0.1000001,191.3,P,0.35,0.060376967999999996,NCCMC,3,0.00324
0.02474898,ct,38542,86036,0.02,191.3,P,0.75,-0.02474898,NCCLC,3,0.007443
0.011332422,ct,38542,86036,0.02,191.3,P,0.1,0.011332422,NCJPR,3,0.000997
0.0029023680000000002,ct,38542,86036,0.0,191.3,P,0.2,0.0029023680000000002,NCNLH,3,0.001995
0.026311596000000003,ct,38542,86036,0.02,191.3,P,0.15,0.026311596000000003,NCNTA,3,0.001486
0.026145586000000002,ct,38542,86036,0.0499997,191.3,P,0.6,0.026145586000000002,NCJMG,3,0.005948
0.055520172,ct,38542,86036,-0.0099998,191.3,P,0.5,-0.055520172,NCCPL,3,0.004705
0.020167337,ct,38542,86036,0.0499997,191.3,P,1.0,0.020167337,NCJSA,3,0.009946
0.010247903000000001,ct,38542,86036,0.04,191.3,P,0.2,0.010247903000000001,NCJEG,3,0.001994
0.11218955200000001,ct,38542,86036,0.1499996,191.3,P,0.6,0.11218955200000001,NCJHP,3,0.003533
1.5739e-05,ct,38542,86036,-0.0100002,191.3,P,0.15,-1.5739e-05,NCNOL,3,0.001496
0.062849918,ct,38542,86036,0.0999994,191.3,P,0.1,0.062849918,NCJBG,3,0.000915
0.015635002,ct,38542,30034705,0.01,325.2,P,1.0,0.015635002,NCCAI,3,0.009866
0.012121751,ct,38542,30034705,-0.02,325.2,P,1.0,-0.012121751,NCCBW,3,0.009872
0.020086832000000002,ct,38542,30034705,0.0,325.2,P,1.0,-0.020086832000000002,NCNLN,3,0.009852
0.034807346,ct,38542,30034705,0.03,325.2,P,1.0,0.034807346,NCCSP,3,0.009742
0.118564766,ct,38542,30034705,0.0900002,325.2,P,0.35,0.118564766,NCCMC,3,0.001851
0.0026681300000000003,ct,38542,30034705,-0.01,325.2,P,1.0,0.0026681300000000003,NCCBR,3,0.009879
0.008929005,ct,38542,30034705,-0.02,325.2,P,0.75,-0.008929005,NCCLC,3,0.007407
0.117493362,ct,38542,30034705,-0.1200004,325.2,P,0.3,-0.117493362,NCJPR,3,0.001605
0.018385736,ct,38542,30034705,0.0300002,325.2,P,0.55,0.018385736,NCNTA,3,0.005421
0.025872898,ct,38542,30034705,0.02,325.2,P,0.6,0.025872898,NCJMG,3,0.005892
0.017981571,ct,38542,30034705,0.0099998,325.2,P,1.0,0.017981571,NCJSA,3,0.009859
0.017534641,ct,38542,30034705,0.0099998,325.2,P,0.6,0.017534641,NCJEG,3,0.005916
0.10974633,ct,38542,30034705,0.0999994,325.2,P,0.6,0.10974633,NCJHP,3,0.003626
0.046001507,ct,38542,30034705,-0.0300007,325.2,P,0.15,-0.046001507,NCNOL,3,0.001434
0.080128922,ct,38542,30034705,-0.0900002,325.2,P,0.55,-0.080128922,NCJPP,3,0.004531
0.009840189000000001,ct,38542,30034705,0.0100002,325.2,P,0.55,-0.009840189000000001,NCNTB,3,0.005432
0.00323843,ct,38542,484120,0.0499997,262.0,P,1.0,-0.00323843,NCJSA,3,0.009933
0.01015077,ct,38542,484120,0.0800002,262.0,P,0.75,-0.01015077,NCCAI,3,0.007447
0.000607538,ct,38542,484120,0.0700002,262.0,P,0.6,0.000607538,NCCBW,3,0.00596
0.027766317000000002,ct,38542,484120,0.0799999,262.0,P,0.6,-0.027766317000000002,NCCSP,3,0.005915
0.073850334,ct,38542,484120,0.1100001,262.0,P,0.15,0.073850334,NCCMC,3,0.001295
0.023421057000000002,ct,38542,484120,0.02,262.0,P,0.75,-0.023421057000000002,NCCBR,3,0.007417
0.13717926,ct,38542,484120,-0.0999999,262.0,P,0.5,-0.13717926,NCCLC,3,0.001742
0.009190144999999999,ct,38542,484120,0.0699997,262.0,P,0.15,0.009190144999999999,NCJMG,3,0.00149
0.020803529999999997,ct,38542,484120,0.1299992,262.0,P,0.1,0.020803529999999997,NCNOL,3,0.00099
0.00294532,ct,38542,242668,0.0,208.8,P,0.75,-0.00294532,NCCBW,3,0.007475
0.019015160000000003,ct,38542,242668,0.0199995,208.8,P,1.0,-0.019015160000000003,NCNLN,3,0.009942
0.021760124000000002,ct,38542,242668,0.04,208.8,P,1.0,0.021760124000000002,NCCAI,3,0.009932
0.008115221,ct,38542,242668,0.04,208.8,P,1.0,0.008115221,NCCSP,3,0.009965
0.09382092299999999,ct,38542,242668,0.0700002,208.8,P,0.35,0.09382092299999999,NCCMC,3,0.002597
0.007161590999999999,ct,38542,242668,-0.01,208.8,P,1.0,0.007161590999999999,NCCBR,3,0.009965
0.010670219,ct,38542,242668,0.0,208.8,P,0.15,-0.010670219,NCJPR,3,0.001494
0.018102497,ct,38542,242668,-0.04,208.8,P,0.75,-0.018102497,NCCLC,3,0.007459
0.002390941,ct,38542,242668,0.0300002,208.8,P,0.35,-0.002390941,NCNLH,3,0.003488
0.030969702,ct,38542,242668,0.0599999,208.8,P,0.3,0.030969702,NCNTA,3,0.00296
0.029913349,ct,38542,242668,0.02,208.8,P,1.0,0.029913349,NCJSA,3,0.009876
0.048334896,ct,38542,242668,-0.0700002,208.8,P,0.35,-0.048334896,NCCPL,3,0.003355
0.07395658899999999,ct,38542,242668,-0.0900002,208.8,P,0.2,-0.07395658899999999,NCCDO,3,0.00173
0.022483488000000003,ct,38542,242668,0.0600004,208.8,P,0.2,0.022483488000000003,NCNGV,3,0.001986
0.009720556,ct,38542,242668,0.0,208.8,P,0.35,0.009720556,NCJEG,3,0.003487
0.027195667,ct,38542,242668,0.0099993,208.8,P,1.0,0.027195667,NCJHP,3,0.009898
0.033967475999999996,ct,38542,242668,0.0,208.8,P,0.55,-0.033967475999999996,NCNOL,3,0.005407
0.038491352,ct,38542,242668,0.0,208.8,P,0.55,-0.038491352,NCNTB,3,0.005374
0.056441161999999996,ct,38542,48565,-0.0500002,346.9,P,1.0,-0.056441161999999996,NCNLN,3,0.009266
0.005852255000000001,ct,38542,48565,0.04,346.9,P,1.0,0.005852255000000001,NCCAI,3,0.009842
0.007902451,ct,38542,48565,0.0,346.9,P,1.0,-0.007902451,NCCSP,3,0.009841
0.013655011,ct,38542,48565,0.05,346.9,P,0.6,-0.013655011,NCCBW,3,0.005901
0.073159004,ct,38542,48565,0.1800001,346.9,P,0.2,0.073159004,NCCMC,3,0.001718
0.0019113720000000002,ct,38542,48565,0.1000001,346.9,P,1.0,-0.0019113720000000002,NCCBR,3,0.009843
0.022517,ct,38542,48565,0.0900002,346.9,P,0.75,-0.022517,NCCLC,3,0.007354
0.10106253800000001,ct,38542,48565,-0.0500002,346.9,P,0.15,-0.10106253800000001,NCJPR,3,0.001015
0.081151794,ct,38542,48565,-0.0599999,346.9,P,0.35,-0.081151794,NCNLH,3,0.002867
0.011385911,ct,38542,48565,0.0899997,346.9,P,0.6,0.011385911,NCJMG,3,0.005903
0.063611992,ct,38542,48565,0.0500002,346.9,P,0.75,-0.063611992,NCCPL,3,0.006757
0.010727690000000002,ct,38542,48565,0.0999999,346.9,P,1.0,0.010727690000000002,NCJSA,3,0.009839
0.094270081,ct,38542,48565,-0.0800009,346.9,P,0.3,-0.094270081,NCNOL,3,0.002194
0.01145578,ct,38542,30065107,-0.01,221.4,P,0.6,0.01145578,NCCSP,3,0.005973
0.005173863,ct,38542,30065107,0.0,221.4,P,1.0,0.005173863,NCCAI,3,0.00996
0.013205518,ct,38542,30065107,-0.0299997,221.4,P,1.0,-0.013205518,NCNLN,3,0.009953
0.014484054,ct,38542,30065107,0.0,221.4,P,0.75,-0.014484054,NCCBW,3,0.007463
0.07350865899999999,ct,38542,30065107,0.1100001,221.4,P,0.6,0.07350865899999999,NCCMC,3,0.005211
0.012283352,ct,38542,30065107,0.05,221.4,P,1.0,0.012283352,NCCBR,3,0.009954
0.034791752,ct,38542,30065107,0.0100002,221.4,P,0.75,-0.034791752,NCCLC,3,0.007364
0.026496973,ct,38542,30065107,-0.02,221.4,P,0.15,-0.026496973,NCJPR,3,0.001484
0.045833458,ct,38542,30065107,0.04,221.4,P,0.2,0.045833458,NCNLH,3,0.001924
0.029036692,ct,38542,30065107,0.02,221.4,P,0.55,0.029036692,NCNTA,3,0.005431
0.016650612,ct,38542,30065107,0.04,221.4,P,0.6,0.016650612,NCJMG,3,0.005967
0.01023958,ct,38542,30065107,0.04,221.4,P,1.0,0.01023958,NCJSA,3,0.009957
0.091145988,ct,38542,30065107,0.0799999,221.4,P,0.15,0.091145988,NCNGV,3,0.00113
0.060269699,ct,38542,30065107,0.0899997,221.4,P,0.2,0.060269699,NCJEG,3,0.001847
0.081678604,ct,38542,30065107,0.1199999,221.4,P,0.75,0.081678604,NCJHP,3,0.006163
0.03713755,ct,38542,30065107,-0.0500002,221.4,P,0.55,-0.03713755,NCNOL,3,0.005385
0.057647732,ct,38542,30065107,-0.0200005,221.4,P,0.1,-0.057647732,NCJBG,3,0.000932
0.101352829,ct,38542,30065107,-0.0600004,221.4,P,0.1,-0.101352829,NCJPP,3,0.000681
0.003667896,ct,38542,30065107,-0.0200005,221.4,P,0.3,-0.003667896,NCNTB,3,0.002988
0.01817001,ct,38542,402094,0.01,381.6,P,1.0,-0.01817001,NCCBW,3,0.009773
0.009191785,ct,38542,402094,0.0599999,381.6,P,1.0,0.009191785,NCCAI,3,0.00979
0.029815577000000003,ct,38542,402094,0.0599995,381.6,P,0.75,-0.029815577000000003,NCNLN,3,0.007277
0.010191052,ct,38542,402094,0.0899999,381.6,P,0.75,0.010191052,NCCSP,3,0.007342
0.10370224,ct,38542,402094,0.0800002,381.6,P,0.6,0.10370224,NCCMC,3,0.003903
0.000683269,ct,38542,402094,-0.01,381.6,P,0.6,0.000683269,NCCBR,3,0.005876
0.000970852,ct,38542,402094,-0.02,381.6,P,0.5,0.000970852,NCCLC,3,0.004896
0.06564194500000001,ct,38542,402094,-0.0300002,381.6,P,0.55,-0.06564194500000001,NCJPR,3,0.004879
0.089183907,ct,38542,402094,0.1700001,381.6,P,0.2,0.089183907,NCNLH,3,0.00152
0.019835978,ct,38542,402094,0.0900002,381.6,P,0.3,0.019835978,NCNTA,3,0.00293
0.008301446,ct,38542,402094,0.0,381.6,P,0.2,-0.008301446,NCJMG,3,0.001958
0.0022291620000000002,ct,38542,402094,0.0,381.6,P,1.0,0.0022291620000000002,NCJSA,3,0.009793
0.060239285000000004,ct,38542,402094,0.1500006,381.6,P,0.2,0.060239285000000004,NCNGV,3,0.001816
0.008109861000000001,ct,38542,402094,-0.0100002,381.6,P,0.15,-0.008109861000000001,NCJEG,3,0.001469
0.049733242,ct,38542,402094,0.0299997,381.6,P,0.15,-0.049733242,NCNOL,3,0.001407
0.068733932,ct,38542,402094,0.0200005,381.6,P,0.3,-0.068733932,NCNTB,3,0.002622
0.00229429,ct,38542,30107759,-0.05,591.9,P,1.0,0.00229429,NCCAI,3,0.009232
0.001896701,ct,38542,30107759,-0.1000001,591.9,P,0.75,-0.001896701,NCCSP,3,0.006924
0.035185253,ct,38542,30107759,-0.1400003,591.9,P,1.0,-0.035185253,NCNLN,3,0.009102
0.06957634,ct,38542,30107759,0.1400001,591.9,P,0.6,0.06957634,NCCMC,3,0.004935
0.023911018,ct,38542,30107759,0.0800002,591.9,P,1.0,0.023911018,NCCBR,3,0.009189
0.034256058000000006,ct,38542,30107759,0.04,591.9,P,0.75,-0.034256058000000006,NCCLC,3,0.006829
0.025042704,ct,38542,30107759,-0.0500002,591.9,P,0.3,-0.025042704,NCJPR,3,0.002755
0.015364431,ct,38542,30107759,-0.0700002,591.9,P,0.35,0.015364431,NCNLH,3,0.003227
0.006595744,ct,38542,30107759,-0.0699997,591.9,P,0.55,0.006595744,NCNTA,3,0.005077
0.008711729,ct,38542,30107759,0.0299997,591.9,P,0.6,0.008711729,NCJMG,3,0.005538
0.000956783,ct,38542,30107759,0.04,591.9,P,1.0,0.000956783,NCJSA,3,0.009232
0.008842788,ct,38542,30107759,0.0500002,591.9,P,0.15,-0.008842788,NCCDO,3,0.001385
0.088560982,ct,38542,30107759,0.1499996,591.9,P,1.0,0.088560982,NCJHP,3,0.00721
0.039747836999999994,ct,38542,30107759,-0.1300001,591.9,P,0.3,-0.039747836999999994,NCNOL,3,0.002713
0.080372398,ct,38542,30107759,0.1399994,591.9,P,0.15,0.080372398,NCJBG,3,0.001153
0.10873133900000001,ct,38542,30107759,-0.04,591.9,P,0.3,-0.10873133900000001,NCJPP,3,0.001718
0.014505825,ct,238298,242027,0.01,268.6,P,1.0,0.014505825,NCCVP,3,0.009918
0.007316365,ct,238298,242027,-0.0099998,268.6,P,1.0,0.007316365,NCCSV,3,0.009926
0.006190681,ct,238298,242027,0.03,268.6,P,0.5,-0.006190681,NCCSP,3,0.004963
0.0022424949999999997,ct,238298,242027,-0.04,268.6,P,0.35,-0.0022424949999999997,NCCMC,3,0.003475
0.018391995999999997,ct,238298,242027,0.05,268.6,P,0.75,0.018391995999999997,NCCPI,3,0.00743
0.019378720999999998,ct,238298,242027,-0.02,268.6,P,0.5,-0.019378720999999998,NCCBW,3,0.004951
0.003165707,ct,238298,242027,0.02,268.6,P,1.0,0.003165707,NCCAI,3,0.009928
0.013845811,ct,238298,242027,0.0500002,268.6,P,0.75,0.013845811,NCCPM,3,0.007439
0.016254507,ct,238298,242027,-0.02,268.6,P,0.5,0.016254507,NCCLC,3,0.004956
0.003999063,ct,238298,242027,0.0099998,268.6,P,0.6,0.003999063,NCJPR,3,0.005956
0.001844428,ct,238298,242027,-0.02,268.6,P,1.0,-0.001844428,NCJSB,3,0.009928
0.002862377,ct,238298,242027,0.04,268.6,P,0.75,-0.002862377,NCNHF,3,0.007446
0.000488952,ct,238298,242027,0.0300002,268.6,P,0.35,0.000488952,NCNTA,3,0.003475
0.003908193,ct,238298,242027,-0.0099998,268.6,P,0.35,0.003908193,NCJMG,3,0.003475
0.001609448,ct,238298,242027,-0.02,268.6,P,1.0,0.001609448,NCJSA,3,0.009928
0.032189953,ct,238298,242027,-0.0700002,268.6,P,0.35,-0.032189953,NCCCY,3,0.003435
0.003447798,ct,238298,242027,-0.0300002,268.6,P,1.0,-0.003447798,NCJCH,3,0.009928
0.058835232,ct,238298,242027,-0.0900002,268.6,P,0.15,-0.058835232,NCJHP,3,0.001388
0.014192621,ct,238298,242027,0.0500002,268.6,P,0.75,0.014192621,NCNOL,3,0.007438
0.00449539,ct,238298,30065107,0.0,340.0,P,1.0,0.00449539,NCCVP,3,0.009853
0.012264329999999999,ct,238298,30065107,0.0600002,340.0,P,0.35,0.012264329999999999,NCCSP,3,0.003447
0.011347512,ct,238298,30065107,-0.03,340.0,P,0.75,0.011347512,NCCMC,3,0.007386
0.015844208999999998,ct,238298,30065107,0.0599999,340.0,P,1.0,0.015844208999999998,NCCPI,3,0.00984
0.005766403999999999,ct,238298,30065107,0.0,340.0,P,0.5,-0.005766403999999999,NCCBW,3,0.004926
0.005591911,ct,238298,30065107,0.03,340.0,P,1.0,0.005591911,NCCAI,3,0.009853
0.001327096,ct,238298,30065107,0.0500002,340.0,P,1.0,0.001327096,NCCPM,3,0.009853
0.08002211,ct,238298,30065107,0.04,340.0,P,0.2,0.08002211,NCCSL,3,0.001644
0.012533312000000001,ct,238298,30065107,0.0,340.0,P,1.0,0.012533312000000001,NCCSV,3,0.009847
0.003597086,ct,238298,30065107,-0.04,340.0,P,0.75,-0.003597086,NCCLC,3,0.00739
0.057665169,ct,238298,30065107,0.0700002,340.0,P,0.6,0.057665169,NCJPR,3,0.005533
0.020109698999999998,ct,238298,30065107,0.04,340.0,P,0.75,-0.020109698999999998,NCNMI,3,0.007369
0.0036322760000000003,ct,238298,30065107,-0.02,340.0,P,1.0,-0.0036322760000000003,NCJSB,3,0.009853
0.037970337,ct,238298,30065107,0.0900002,340.0,P,0.2,0.037970337,NCNLH,3,0.001934
0.001131094,ct,238298,30065107,0.0599999,340.0,P,1.0,0.001131094,NCNHF,3,0.009853
0.001851773,ct,238298,30065107,0.04,340.0,P,0.75,-0.001851773,NCNTA,3,0.00739
0.008452356999999999,ct,238298,30065107,-0.02,340.0,P,1.0,0.008452356999999999,NCJCP,3,0.009851
0.001124002,ct,238298,30065107,-0.0099998,340.0,P,0.75,0.001124002,NCJMG,3,0.00739
0.009769336,ct,238298,30065107,-0.0299997,340.0,P,1.0,-0.009769336,NCJSA,3,0.00985
0.008525897000000001,ct,238298,30065107,-0.0300002,340.0,P,0.5,0.008525897000000001,NCCCY,3,0.004926
0.075110275,ct,238298,30065107,0.1399999,340.0,P,0.35,0.075110275,NCNSP,3,0.002972
0.0299856,ct,238298,30065107,0.0099998,340.0,P,0.6,0.0299856,NCJEG,3,0.005857
0.00871753,ct,238298,30065107,-0.04,340.0,P,0.3,-0.00871753,NCJHP,3,0.002955
0.0013964840000000001,ct,238298,30065107,0.0600004,340.0,P,1.0,0.0013964840000000001,NCNLN,3,0.009853
8.026800000000001e-05,ct,238298,30065107,0.0500002,340.0,P,1.0,8.026800000000001e-05,NCNOL,3,0.009853
0.12964035000000002,ct,238298,30065107,-0.1599998,340.0,P,0.3,-0.12964035000000002,NCJBG,3,0.001254
0.11093979600000001,ct,238298,30065107,0.0799999,340.0,P,0.5,0.11093979600000001,NCCDV,3,0.002959
0.074662079,ct,238298,30065107,0.04,340.0,P,0.15,0.074662079,NCJPP,3,0.001277
0.037657288000000004,ct,238298,30065107,0.0199995,340.0,P,0.75,-0.037657288000000004,NCNTB,3,0.007255
0.014413078000000001,ct,238298,30065107,-0.0500002,340.0,P,0.35,-0.014413078000000001,NCJSM,3,0.003445
0.00108815,ct,238298,30107759,-0.03,75.4,P,0.5,-0.00108815,NCCSP,3,0.004999
0.007415188,ct,238298,30107759,0.0,75.4,P,0.75,0.007415188,NCCMC,3,0.007498
0.0027123370000000004,ct,238298,30107759,-0.02,75.4,P,1.0,0.0027123370000000004,NCCAI,3,0.009998
0.0025525310000000002,ct,238298,30107759,-0.0099998,75.4,P,1.0,0.0025525310000000002,NCCSV,3,0.009998
0.0030613890000000003,ct,238298,30107759,-0.0100002,75.4,P,0.75,-0.0030613890000000003,NCCLC,3,0.007499
0.059119442,ct,238298,30107759,0.04,75.4,P,0.75,0.059119442,NCJPR,3,0.006978
0.007980683,ct,238298,30107759,-0.02,75.4,P,1.0,-0.007980683,NCJSB,3,0.009997
0.007501314,ct,238298,30107759,-0.02,75.4,P,0.35,0.007501314,NCNLH,3,0.003499
0.020455387000000002,ct,238298,30107759,-0.0500002,75.4,P,1.0,-0.020455387000000002,NCNHF,3,0.009969
0.024292721,ct,238298,30107759,-0.0499997,75.4,P,0.75,-0.024292721,NCNTA,3,0.007462
0.011061583,ct,238298,30107759,-0.02,75.4,P,1.0,-0.011061583,NCJCP,3,0.009994
0.006814879,ct,238298,30107759,-0.02,75.4,P,0.75,-0.006814879,NCJMG,3,0.007498
0.019052132,ct,238298,30107759,-0.0299997,75.4,P,1.0,-0.019052132,NCJSA,3,0.009975
0.003730267,ct,238298,30107759,-0.0100002,75.4,P,0.5,-0.003730267,NCCCY,3,0.004999
0.001193398,ct,238298,30107759,-0.0100002,75.4,P,0.6,0.001193398,NCCMO,3,0.005999
0.04073782,ct,238298,30107759,0.0099998,75.4,P,0.3,0.04073782,NCNSP,3,0.00293
0.000496004,ct,238298,30107759,-0.0100002,75.4,P,0.75,-0.000496004,NCJCH,3,0.007499
0.001835153,ct,238298,30107759,-0.0100002,75.4,P,0.55,-0.001835153,NCJHP,3,0.005499
0.020583248000000002,ct,238298,30107759,-0.0500002,75.4,P,1.0,-0.020583248000000002,NCNLN,3,0.009969
0.0025300229999999997,ct,238298,30107759,-0.0299997,75.4,P,0.75,-0.0025300229999999997,NCNOL,3,0.007499
0.008379785999999998,ct,238298,30107759,0.0,75.4,P,0.35,0.008379785999999998,NCJBG,3,0.003499
0.087787918,ct,238298,30107759,0.0799999,75.4,P,0.35,0.087787918,NCCDV,3,0.00275
0.067283569,ct,238298,30107759,0.0600004,75.4,P,0.35,0.067283569,NCJPP,3,0.003146
0.025112766,ct,238298,30034705,-0.0200001,702.1,P,1.0,0.025112766,NCCVP,3,0.008705
0.035615898,ct,238298,30034705,0.1000001,702.1,P,0.75,0.035615898,NCCSP,3,0.006466
0.056403622,ct,238298,30034705,-0.05,702.1,P,0.5,0.056403622,NCCMC,3,0.004113
0.021830712999999998,ct,238298,30034705,0.0799999,702.1,P,1.0,0.021830712999999998,NCCPI,3,0.008722
0.003404102,ct,238298,30034705,-0.02,702.1,P,0.75,-0.003404102,NCCBW,3,0.006562
0.016053049,ct,238298,30034705,0.04,702.1,P,1.0,0.016053049,NCCAI,3,0.008738
0.009075718,ct,238298,30034705,0.0800002,702.1,P,1.0,0.009075718,NCCPM,3,0.008748
0.149562958,ct,238298,30034705,0.0499997,702.1,P,0.15,0.149562958,NCCSL,3,0.000311
0.017413572,ct,238298,30034705,-0.0299997,702.1,P,1.0,0.017413572,NCCSV,3,0.008736
0.022265661000000003,ct,238298,30034705,-0.0700002,702.1,P,0.75,0.022265661000000003,NCCLC,3,0.006539
0.033331218999999995,ct,238298,30034705,-0.0300002,702.1,P,0.75,-0.033331218999999995,NCJPR,3,0.00648
0.014850410999999999,ct,238298,30034705,0.0799999,702.1,P,0.75,-0.014850410999999999,NCNMI,3,0.006554
0.001302187,ct,238298,30034705,-0.0500002,702.1,P,1.0,0.001302187,NCJSB,3,0.00875
0.015350793,ct,238298,30034705,0.0799999,702.1,P,1.0,-0.015350793,NCNHF,3,0.008739
0.012502728,ct,238298,30034705,0.0500002,702.1,P,0.75,-0.012502728,NCNTA,3,0.006558
0.0042207239999999995,ct,238298,30034705,-0.0699997,702.1,P,1.0,0.0042207239999999995,NCJCP,3,0.00875
0.010346289,ct,238298,30034705,-0.0299997,702.1,P,0.75,0.010346289,NCJMG,3,0.00656
0.002027344,ct,238298,30034705,-0.0599999,702.1,P,1.0,-0.002027344,NCJSA,3,0.00875
0.062023285000000004,ct,238298,30034705,0.0099998,702.1,P,0.2,0.062023285000000004,NCCMO,3,0.001614
0.052875427,ct,238298,30034705,0.1599998,702.1,P,0.5,0.052875427,NCNSP,3,0.004164
0.000944022,ct,238298,30034705,-0.0700002,702.1,P,1.0,-0.000944022,NCJCH,3,0.00875
0.012749456999999999,ct,238298,30034705,-0.0700002,702.1,P,1.0,-0.012749456999999999,NCJEG,3,0.008744
0.019350186999999998,ct,238298,30034705,-0.0600004,702.1,P,0.15,0.019350186999999998,NCJHP,3,0.001309
0.005484831,ct,238298,30034705,0.0900002,702.1,P,1.0,-0.005484831,NCNLN,3,0.00875
0.008783688,ct,238298,30034705,0.0699997,702.1,P,0.6,-0.008783688,NCNOL,3,0.005249
0.12975056499999998,ct,238298,30034705,0.0499992,702.1,P,0.5,0.12975056499999998,NCCDV,3,0.001861
0.095885986,ct,238298,30034705,0.0100002,702.1,P,0.6,0.095885986,NCJPP,3,0.003814
0.043829578,ct,238298,30034705,0.0500002,702.1,P,1.0,-0.043829578,NCNTB,3,0.008494
0.04229464,ct,238298,30034705,-0.1300001,702.1,P,0.75,-0.04229464,NCJSM,3,0.006395
0.027748284999999998,ct,238298,242668,0.02,720.5,P,1.0,0.027748284999999998,NCCVP,3,0.008584
0.008923772,ct,238298,242668,0.1100001,720.5,P,0.75,0.008923772,NCCSP,3,0.006484
0.031659779,ct,238298,242668,-0.0699999,720.5,P,0.5,0.031659779,NCCMC,3,0.004276
0.025515879,ct,238298,242668,0.1100001,720.5,P,1.0,0.025515879,NCCPI,3,0.008601
0.005772329,ct,238298,242668,0.0,720.5,P,0.5,0.005772329,NCCBW,3,0.004323
0.022178173000000002,ct,238298,242668,0.0699999,720.5,P,1.0,0.022178173000000002,NCCAI,3,0.008616
0.020252388,ct,238298,242668,0.1200001,720.5,P,1.0,0.020252388,NCCPM,3,0.008624
0.027918278,ct,238298,242668,-0.0800004,720.5,P,0.35,0.027918278,NCCSL,3,0.003004
0.013976667000000002,ct,238298,242668,-0.04,720.5,P,1.0,0.013976667000000002,NCCSV,3,0.00864
0.07349191999999999,ct,238298,242668,0.0900002,720.5,P,0.6,0.07349191999999999,NCJPR,3,0.004519
0.013092171,ct,238298,242668,-0.0900002,720.5,P,0.75,0.013092171,NCCLC,3,0.00648
0.022842955,ct,238298,242668,0.0900002,720.5,P,0.75,-0.022842955,NCNMI,3,0.006456
0.010205989,ct,238298,242668,-0.04,720.5,P,1.0,0.010205989,NCJSB,3,0.008644
0.010254059,ct,238298,242668,0.0800004,720.5,P,0.35,-0.010254059,NCNLH,3,0.003025
0.00473774,ct,238298,242668,0.1199999,720.5,P,1.0,0.00473774,NCNHF,3,0.008647
8.1236e-05,ct,238298,242668,0.0799999,720.5,P,0.5,8.1236e-05,NCNTA,3,0.004324
0.009904432999999999,ct,238298,242668,-0.0499997,720.5,P,1.0,0.009904432999999999,NCJSA,3,0.008644
0.006172438,ct,238298,242668,-0.1100001,720.5,P,0.35,-0.006172438,NCCPL,3,0.003026
0.036514446,ct,238298,242668,-0.0700002,720.5,P,0.35,0.036514446,NCCCY,3,0.002976
0.035155972,ct,238298,242668,0.0899997,720.5,P,0.5,-0.035155972,NCNSP,3,0.004255
0.01373204,ct,238298,242668,-0.0599999,720.5,P,1.0,0.01373204,NCJCH,3,0.008639
0.020563541,ct,238298,242668,-0.0799999,720.5,P,0.75,-0.020563541,NCJEG,3,0.006466
0.063200474,ct,238298,242668,-0.1500006,720.5,P,0.55,-0.063200474,NCJHP,3,0.004357
0.004413157,ct,238298,242668,0.1099997,720.5,P,1.0,-0.004413157,NCNLN,3,0.008647
0.0032503389999999997,ct,238298,242668,0.1000004,720.5,P,1.0,0.0032503389999999997,NCNOL,3,0.008647
0.054448883000000003,ct,238298,242668,-0.1499996,720.5,P,0.15,-0.054448883000000003,NCJPP,3,0.001227
0.072480743,ct,238298,242668,0.04,720.5,P,1.0,-0.072480743,NCNTB,3,0.00754
0.006024783000000001,ct,238298,402094,0.02,894.2,P,1.0,0.006024783000000001,NCCVP,3,0.007525
0.010999603,ct,238298,402094,0.1600001,894.2,P,0.5,0.010999603,NCCSP,3,0.003761
0.041541096000000007,ct,238298,402094,-0.0599999,894.2,P,0.75,0.041541096000000007,NCCMC,3,0.005503
0.009480304,ct,238298,402094,0.1400001,894.2,P,1.0,0.009480304,NCCPI,3,0.007524
0.009452362,ct,238298,402094,0.01,894.2,P,0.75,-0.009452362,NCCBW,3,0.005643
0.009609833,ct,238298,402094,0.0899999,894.2,P,1.0,0.009609833,NCCAI,3,0.007524
0.013811281,ct,238298,402094,0.1600001,894.2,P,1.0,0.013811281,NCCPM,3,0.00752
0.038791679,ct,238298,402094,-0.0700002,894.2,P,0.35,0.038791679,NCCSL,3,0.002581
4.3218e-05,ct,238298,402094,-0.04,894.2,P,1.0,-4.3218e-05,NCCSV,3,0.007526
0.03216552,ct,238298,402094,-0.0700002,894.2,P,0.5,0.03216552,NCCLC,3,0.00372
0.018520192999999997,ct,238298,402094,0.0599999,894.2,P,1.0,0.018520192999999997,NCJPR,3,0.00751
0.005746254,ct,238298,402094,0.1599998,894.2,P,0.75,-0.005746254,NCNMI,3,0.005644
0.010514965999999999,ct,238298,402094,-0.0300002,894.2,P,1.0,0.010514965999999999,NCJSB,3,0.007523
0.08132078599999999,ct,238298,402094,0.2200003,894.2,P,0.2,0.08132078599999999,NCNLH,3,0.001252
0.016277988,ct,238298,402094,0.1499996,894.2,P,0.75,-0.016277988,NCNHF,3,0.005635
0.011052488000000001,ct,238298,402094,0.1100001,894.2,P,0.5,-0.011052488000000001,NCNTA,3,0.003761
0.0040499460000000004,ct,238298,402094,-0.0799999,894.2,P,1.0,-0.0040499460000000004,NCJCP,3,0.007526
0.023828054,ct,238298,402094,-0.0499997,894.2,P,0.35,-0.023828054,NCJMG,3,0.002622
0.017779755,ct,238298,402094,-0.0699997,894.2,P,1.0,-0.017779755,NCJSA,3,0.007512
0.022325735000000003,ct,238298,402094,-0.1300001,894.2,P,0.35,-0.022325735000000003,NCCCY,3,0.002624
0.020082138,ct,238298,402094,0.1999998,894.2,P,0.35,0.020082138,NCNSP,3,0.002628
0.011042274000000001,ct,238298,402094,-0.0799999,894.2,P,0.6,-0.011042274000000001,NCJCH,3,0.004514
0.038393959000000005,ct,238298,402094,-0.0900002,894.2,P,0.55,-0.038393959000000005,NCJEG,3,0.00406
0.015213573999999999,ct,238298,402094,0.1499996,894.2,P,0.75,-0.015213573999999999,NCNLN,3,0.005637
0.012515426,ct,238298,402094,0.1300001,894.2,P,0.6,-0.012515426,NCNOL,3,0.004512
0.10272332,ct,238298,402094,0.0600004,894.2,P,0.75,-0.10272332,NCNTB,3,0.003767
0.011801513999999999,ct,238298,86036,0.0500002,338.1,P,1.0,-0.011801513999999999,NCNLN,3,0.009851
0.00474791,ct,238298,86036,0.0600002,338.1,P,0.75,0.00474791,NCCSP,3,0.007392
0.000293133,ct,238298,86036,0.01,338.1,P,0.75,-0.000293133,NCCBW,3,0.007392
0.0017841789999999999,ct,238298,86036,-0.04,338.1,P,0.5,-0.0017841789999999999,NCCMC,3,0.004928
0.011269958,ct,238298,86036,0.04,338.1,P,1.0,0.011269958,NCCAI,3,0.009852
0.006445688,ct,238298,86036,-0.0300002,338.1,P,0.75,0.006445688,NCCLC,3,0.007392
0.095494568,ct,238298,86036,0.1100001,338.1,P,0.55,0.095494568,NCJPR,3,0.003961
0.00496075,ct,238298,86036,0.0500002,338.1,P,0.2,-0.00496075,NCNLH,3,0.001971
0.004576868,ct,238298,86036,0.04,338.1,P,0.35,-0.004576868,NCNTA,3,0.00345
0.010618978999999999,ct,238298,86036,0.0,338.1,P,0.75,0.010618978999999999,NCJMG,3,0.007389
0.000158422,ct,238298,86036,-0.02,338.1,P,1.0,0.000158422,NCJSA,3,0.009857
0.013357715000000001,ct,238298,86036,-0.0499997,338.1,P,0.5,-0.013357715000000001,NCCPL,3,0.004924
0.010628721,ct,238298,86036,-0.0500002,338.1,P,0.35,-0.010628721,NCCCY,3,0.003448
0.036387127,ct,238298,86036,0.02,338.1,P,0.2,0.036387127,NCCMO,3,0.001938
0.071688812,ct,238298,86036,0.1399999,338.1,P,0.3,0.071688812,NCNSP,3,0.002597
0.020036193999999997,ct,238298,86036,-0.04,338.1,P,0.6,-0.020036193999999997,NCJEG,3,0.005898
0.021793413,ct,238298,86036,-0.0100002,338.1,P,0.15,0.021793413,NCJHP,3,0.001473
0.037202080000000005,ct,238298,86036,0.0900002,338.1,P,0.6,0.037202080000000005,NCNOL,3,0.00581
0.009142699,ct,238298,86036,-0.04,338.1,P,0.3,-0.009142699,NCJBG,3,0.002956
0.111677719,ct,238298,86036,0.0799999,338.1,P,0.5,0.111677719,NCCDV,3,0.002919
0.004839661,ct,238298,38520,0.0900002,574.9,P,1.0,-0.004839661,NCNLN,3,0.009295
0.008094576,ct,238298,38520,0.0800002,574.9,P,0.75,-0.008094576,NCCSP,3,0.00697
0.004609102,ct,238298,38520,-0.0799999,574.9,P,0.35,-0.004609102,NCCMC,3,0.003253
0.002116638,ct,238298,38520,0.0,574.9,P,0.75,-0.002116638,NCCBW,3,0.006971
0.006673739999999999,ct,238298,38520,0.05,574.9,P,1.0,0.006673739999999999,NCCAI,3,0.009294
0.028837790999999998,ct,238298,38520,-0.0500002,574.9,P,0.75,0.028837790999999998,NCCLC,3,0.006915
0.053141506,ct,238298,38520,0.0700002,574.9,P,0.75,0.053141506,NCJPR,3,0.006617
0.0037960980000000004,ct,238298,38520,0.0800004,574.9,P,0.2,0.0037960980000000004,NCNLH,3,0.001859
0.007221238,ct,238298,38520,0.0599999,574.9,P,0.35,-0.007221238,NCNTA,3,0.003253
0.007873243,ct,238298,38520,-0.02,574.9,P,0.5,0.007873243,NCJMG,3,0.004647
0.00496586,ct,238298,38520,-0.0499997,574.9,P,1.0,-0.00496586,NCJSA,3,0.009295
6.553599999999999e-05,ct,238298,38520,-0.0799999,574.9,P,0.5,-6.553599999999999e-05,NCCPL,3,0.004648
0.028172278999999998,ct,238298,38520,-0.0200005,574.9,P,0.2,0.028172278999999998,NCCMO,3,0.001846
0.025277536,ct,238298,38520,-0.0700002,574.9,P,0.75,-0.025277536,NCJEG,3,0.006933
0.006637003,ct,238298,38520,-0.0600004,574.9,P,0.15,0.006637003,NCJHP,3,0.001394
0.009400384000000001,ct,238298,38520,0.0900002,574.9,P,0.75,0.009400384000000001,NCNOL,3,0.00697
0.007093899999999999,ct,238298,48565,0.0700002,180.1,P,0.75,-0.007093899999999999,NCCSP,3,0.007482
0.041839161,ct,238298,48565,0.04,180.1,P,1.0,-0.041839161,NCNLN,3,0.00973
0.010997859,ct,238298,48565,0.04,180.1,P,0.35,0.010997859,NCCMC,3,0.003491
0.004937362,ct,238298,48565,0.05,180.1,P,0.35,-0.004937362,NCCBW,3,0.003492
0.006270302,ct,238298,48565,0.0699999,180.1,P,1.0,0.006270302,NCCAI,3,0.009977
0.008677668000000001,ct,238298,48565,0.04,180.1,P,0.75,0.008677668000000001,NCCLC,3,0.007482
0.016900394,ct,238298,48565,0.04,180.1,P,0.6,-0.016900394,NCJPR,3,0.005977
0.089014908,ct,238298,48565,-0.0099998,180.1,P,0.35,-0.089014908,NCNLH,3,0.002714
0.0041406970000000005,ct,238298,48565,0.04,180.1,P,0.75,-0.0041406970000000005,NCJMG,3,0.007483
0.009281224999999999,ct,238298,48565,0.0300002,180.1,P,1.0,-0.009281224999999999,NCJSA,3,0.009975
0.021449532,ct,238298,48565,0.0100002,180.1,P,0.75,-0.021449532,NCCPL,3,0.007459
0.057052265,ct,238298,48565,0.0199995,180.1,P,0.75,-0.057052265,NCNOL,3,0.007018
0.051668701,ct,238298,48565,-0.0199995,180.1,P,0.6,-0.051668701,NCJPP,3,0.005711
0.000418047,ct,238298,38542,0.03,516.6,P,1.0,0.000418047,NCCAI,3,0.009485
0.008717649,ct,238298,38542,0.0,516.6,P,0.75,0.008717649,NCCBW,3,0.007112
0.014602002000000001,ct,238298,38542,0.0900002,516.6,P,1.0,0.014602002000000001,NCNLN,3,0.009476
0.00080855,ct,238298,38542,0.0700002,516.6,P,0.75,0.00080855,NCCSP,3,0.007114
0.062161148,ct,238298,38542,-0.1400001,516.6,P,0.35,-0.062161148,NCCMC,3,0.003059
0.031194666000000003,ct,238298,38542,-0.0500002,516.6,P,0.5,0.031194666000000003,NCCLC,3,0.004693
0.084162148,ct,238298,38542,0.0900002,516.6,P,0.55,0.084162148,NCJPR,3,0.004223
0.007863117,ct,238298,38542,0.0500002,516.6,P,0.2,-0.007863117,NCNLH,3,0.001897
0.030888463999999997,ct,238298,38542,0.02,516.6,P,0.3,-0.030888463999999997,NCNTA,3,0.002816
0.015526607999999999,ct,238298,38542,-0.0499997,516.6,P,0.35,-0.015526607999999999,NCJMG,3,0.003315
0.020008917,ct,238298,38542,-0.0699997,516.6,P,1.0,-0.020008917,NCJSA,3,0.009459
0.042162460000000006,ct,238298,38542,-0.04,516.6,P,0.5,0.042162460000000006,NCCPL,3,0.004622
0.030284098,ct,238298,38542,-0.0799999,516.6,P,0.6,-0.030284098,NCJEG,3,0.005637
0.090396141,ct,238298,38542,-0.1599998,516.6,P,0.55,-0.090396141,NCJHP,3,0.004009
0.037217815,ct,238298,38542,0.1000004,516.6,P,0.55,0.037217815,NCNOL,3,0.005128
0.07199262199999999,ct,238298,38542,-0.1399994,516.6,P,0.3,-0.07199262199999999,NCJBG,3,0.002498
0.033989391,ct,238298,38542,0.04,516.6,P,0.55,-0.033989391,NCNTB,3,0.005143
0.029076492,ct,86036,45165,-0.01,234.5,P,1.0,0.029076492,NCCBW,3,0.009871
0.028396654,ct,86036,45165,0.0299997,234.5,P,1.0,0.028396654,NCNLN,3,0.009877
0.05161795,ct,86036,45165,0.05,234.5,P,1.0,0.05161795,NCCSP,3,0.009488
0.018242477,ct,86036,45165,-0.05,234.5,P,0.75,0.018242477,NCCMC,3,0.007446
0.018408253,ct,86036,45165,0.0,234.5,P,1.0,0.018408253,NCCAI,3,0.009928
0.020630007,ct,86036,45165,-0.0499997,234.5,P,1.0,0.020630007,NCCLC,3,0.009922
0.030903502,ct,86036,45165,-0.0600004,234.5,P,0.55,-0.030903502,NCJPR,3,0.005419
0.048540852,ct,86036,45165,0.04,234.5,P,0.2,0.048540852,NCNLH,3,0.001919
0.008931049,ct,86036,45165,0.0,234.5,P,0.6,0.008931049,NCNTA,3,0.005969
0.011075376999999999,ct,86036,45165,-0.0600004,234.5,P,0.75,0.011075376999999999,NCCPL,3,0.00746
0.0053874940000000005,ct,86036,45165,-0.0599999,234.5,P,1.0,-0.0053874940000000005,NCJSA,3,0.00995
0.021156517,ct,86036,45165,-0.0499997,234.5,P,0.2,0.021156517,NCCCY,3,0.001984
0.019366928000000002,ct,86036,45165,-0.0400004,234.5,P,0.6,0.019366928000000002,NCCMO,3,0.005957
0.054292553,ct,86036,45165,-0.0500002,234.5,P,0.15,-0.054292553,NCNSP,3,0.001408
0.004465789,ct,86036,45165,-0.0500002,234.5,P,0.6,0.004465789,NCJEG,3,0.00597
0.026124981,ct,86036,45165,-0.0900002,234.5,P,0.35,-0.026124981,NCJHP,3,0.003462
0.111474365,ct,86036,45165,0.04,234.5,P,0.75,0.111474365,NCCMJ,3,0.004475
0.016290855,ct,86036,45165,-0.0200005,234.5,P,0.6,-0.016290855,NCNOL,3,0.005961
0.016900027999999997,ct,86036,45165,-0.0799999,234.5,P,0.1,-0.016900027999999997,NCJBG,3,0.000993
0.028582911,ct,86036,45165,-0.04,234.5,P,0.3,0.028582911,NCCDV,3,0.002963
0.001487311,ct,86036,45165,-0.0699997,234.5,P,0.35,-0.001487311,NCJBM,3,0.003483
0.030037649,ct,86036,48565,-0.0100002,160.5,P,1.0,-0.030037649,NCNLN,3,0.009891
0.011841810000000001,ct,86036,48565,0.01,160.5,P,1.0,-0.011841810000000001,NCCSP,3,0.009979
0.004644229000000001,ct,86036,48565,0.04,160.5,P,0.6,-0.004644229000000001,NCCBW,3,0.005991
0.012782038,ct,86036,48565,0.0799999,160.5,P,0.35,0.012782038,NCCMC,3,0.003492
0.0049996549999999996,ct,86036,48565,0.03,160.5,P,1.0,-0.0049996549999999996,NCCAI,3,0.009984
0.00223198,ct,86036,48565,0.0700002,160.5,P,1.0,0.00223198,NCCLC,3,0.009985
0.112394958,ct,86036,48565,-0.0700002,160.5,P,0.15,-0.112394958,NCJPR,3,0.000883
0.08405415299999999,ct,86036,48565,-0.0599999,160.5,P,0.35,-0.08405415299999999,NCNLH,3,0.002824
0.014759676000000001,ct,86036,48565,0.04,160.5,P,1.0,-0.014759676000000001,NCJMG,3,0.009974
0.008091817000000001,ct,86036,48565,0.0599999,160.5,P,0.75,-0.008091817000000001,NCCPL,3,0.007487
0.009439648,ct,86036,48565,0.0500002,160.5,P,1.0,-0.009439648,NCJSA,3,0.009982
0.09425434099999999,ct,86036,48565,-0.0700006,160.5,P,0.35,-0.09425434099999999,NCNOL,3,0.002584
0.047887928,ct,86036,48565,0.0199995,160.5,P,0.35,-0.047887928,NCJBM,3,0.003365
0.006961852,ct,86036,38520,0.04,247.1,P,1.0,0.006961852,NCNLN,3,0.009942
0.012842485999999998,ct,86036,38520,0.02,247.1,P,1.0,-0.012842485999999998,NCCSP,3,0.009936
0.001823505,ct,86036,38520,-0.01,247.1,P,1.0,-0.001823505,NCCBW,3,0.009943
0.0028249240000000004,ct,86036,38520,-0.04,247.1,P,0.35,-0.0028249240000000004,NCCMC,3,0.00348
0.004596218,ct,86036,38520,0.01,247.1,P,1.0,-0.004596218,NCCAI,3,0.009943
0.022392101,ct,86036,38520,-0.02,247.1,P,1.0,0.022392101,NCCLC,3,0.009906
0.042353062000000004,ct,86036,38520,-0.04,247.1,P,0.3,-0.042353062000000004,NCJPR,3,0.002907
0.008756847,ct,86036,38520,0.0300002,247.1,P,0.2,0.008756847,NCNLH,3,0.001988
0.00264437,ct,86036,38520,0.02,247.1,P,0.2,-0.00264437,NCNTA,3,0.001989
0.002745735,ct,86036,38520,-0.02,247.1,P,0.75,-0.002745735,NCJMG,3,0.007457
0.013292178,ct,86036,38520,-0.0300002,247.1,P,0.5,0.013292178,NCCPL,3,0.004968
0.005124283,ct,86036,38520,-0.0299997,247.1,P,1.0,-0.005124283,NCJSA,3,0.009943
0.008214847,ct,86036,38520,-0.0400004,247.1,P,0.2,-0.008214847,NCCMO,3,0.001988
0.005241342,ct,86036,38520,-0.0300002,247.1,P,0.35,-0.005241342,NCJEG,3,0.00348
0.015156409999999999,ct,86036,38520,-0.0500002,247.1,P,0.2,-0.015156409999999999,NCJHP,3,0.001986
0.07368962899999999,ct,86036,38520,0.0300007,247.1,P,0.3,0.07368962899999999,NCCMJ,3,0.002597
0.027801693,ct,86036,38520,0.0,247.1,P,0.35,-0.027801693,NCNOL,3,0.003453
0.040057373,ct,86036,38520,-0.0799999,247.1,P,0.35,-0.040057373,NCJBM,3,0.003404
0.009618320000000001,ct,86036,484120,0.0600002,441.8,P,0.6,0.009618320000000001,NCCBW,3,0.005803
0.021002680000000003,ct,86036,484120,0.0700002,441.8,P,0.75,-0.021002680000000003,NCCAI,3,0.007233
0.023405767,ct,86036,484120,0.0,441.8,P,1.0,-0.023405767,NCJSA,3,0.009632
0.031705677,ct,86036,484120,0.0899999,441.8,P,0.6,-0.031705677,NCCSP,3,0.00574
0.013473369,ct,86036,484120,0.01,441.8,P,0.3,0.013473369,NCCMC,3,0.0029
0.112430275,ct,86036,484120,-0.1199999,441.8,P,0.75,-0.112430275,NCCLC,3,0.004252
0.016955442,ct,86036,484120,0.02,441.8,P,0.55,-0.016955442,NCJMG,3,0.005312
0.020819268999999998,ct,86036,484120,0.1399994,441.8,P,0.15,0.020819268999999998,NCNOL,3,0.001447
0.030867987,ct,86036,30034705,0.04,391.3,P,1.0,0.030867987,NCCSP,3,0.009677
0.0063166820000000005,ct,86036,30034705,0.04,391.3,P,1.0,0.0063166820000000005,NCNLN,3,0.009771
0.003110968,ct,86036,30034705,-0.03,391.3,P,1.0,-0.003110968,NCCBW,3,0.009771
0.058187801,ct,86036,30034705,-0.01,391.3,P,0.5,0.058187801,NCCMC,3,0.004564
0.004783092,ct,86036,30034705,0.0,391.3,P,1.0,0.004783092,NCCAI,3,0.009771
0.015819974,ct,86036,30034705,-0.04,391.3,P,1.0,0.015819974,NCCLC,3,0.009759
0.12882579000000002,ct,86036,30034705,-0.1400003,391.3,P,0.3,-0.12882579000000002,NCJPR,3,0.001269
0.00792586,ct,86036,30034705,0.0100002,391.3,P,0.6,-0.00792586,NCNTA,3,0.005862
0.000272689,ct,86036,30034705,-0.0299997,391.3,P,1.0,-0.000272689,NCJMG,3,0.009771
0.002185766,ct,86036,30034705,-0.04,391.3,P,1.0,-0.002185766,NCJSA,3,0.009771
0.025636158,ct,86036,30034705,-0.0100002,391.3,P,0.2,0.025636158,NCCMO,3,0.001944
0.018813393,ct,86036,30034705,0.02,391.3,P,0.3,-0.018813393,NCNSP,3,0.002924
0.007286737,ct,86036,30034705,-0.0300002,391.3,P,0.6,0.007286737,NCJEG,3,0.005862
0.002443225,ct,86036,30034705,-0.0500002,391.3,P,0.2,-0.002443225,NCJHP,3,0.001954
0.083044052,ct,86036,30034705,0.0300007,391.3,P,0.5,0.083044052,NCCMJ,3,0.003999
0.045985767000000004,ct,86036,30034705,-0.0200005,391.3,P,0.2,-0.045985767000000004,NCNOL,3,0.001889
0.018072838,ct,86036,30034705,-0.0300007,391.3,P,0.5,0.018072838,NCCDV,3,0.004877
0.002006757,ct,86036,30034705,-0.0500002,391.3,P,0.5,0.002006757,NCJBM,3,0.004886
0.009159226999999999,ct,86036,402094,0.0,558.1,P,1.0,-0.009159226999999999,NCCBW,3,0.009348
0.0062516920000000005,ct,86036,402094,0.0999999,558.1,P,0.75,0.0062516920000000005,NCCSP,3,0.007013
0.003412061,ct,86036,402094,0.0999994,558.1,P,0.75,-0.003412061,NCNLN,3,0.007013
0.043325274999999996,ct,86036,402094,-0.02,558.1,P,0.75,0.043325274999999996,NCCMC,3,0.006813
0.0016601250000000001,ct,86036,402094,0.05,558.1,P,1.0,-0.0016601250000000001,NCCAI,3,0.009351
0.025719833,ct,86036,402094,-0.04,558.1,P,0.75,0.025719833,NCCLC,3,0.006973
0.076974373,ct,86036,402094,-0.0500002,558.1,P,0.55,-0.076974373,NCJPR,3,0.00438
0.08628154,ct,86036,402094,0.1700001,558.1,P,0.2,0.08628154,NCNLH,3,0.001501
0.006475621,ct,86036,402094,0.0700002,558.1,P,0.35,-0.006475621,NCNTA,3,0.003272
0.034447032999999995,ct,86036,402094,-0.0499997,558.1,P,0.6,-0.034447032999999995,NCJMG,3,0.005533
0.017938177,ct,86036,402094,-0.0499997,558.1,P,1.0,-0.017938177,NCJSA,3,0.009333
0.011697013999999999,ct,86036,402094,-0.0799999,558.1,P,0.2,-0.011697013999999999,NCCCY,3,0.001869
0.051606678,ct,86036,402094,0.0599999,558.1,P,0.15,-0.051606678,NCNSP,3,0.001334
0.018357765,ct,86036,402094,-0.0500002,558.1,P,0.15,-0.018357765,NCJEG,3,0.0014
0.049717506,ct,86036,402094,0.04,558.1,P,0.2,-0.049717506,NCNOL,3,0.00179
0.008781734,ct,86036,30107759,-0.1000004,412.6,P,1.0,-0.008781734,NCNLN,3,0.009737
0.005836061,ct,86036,30107759,-0.0900002,412.6,P,0.75,-0.005836061,NCCSP,3,0.007304
0.009199368,ct,86036,30107759,0.04,412.6,P,0.75,0.009199368,NCCMC,3,0.007303
0.008557619,ct,86036,30107759,-0.0599999,412.6,P,1.0,-0.008557619,NCCAI,3,0.009738
0.009507077000000001,ct,86036,30107759,0.02,412.6,P,1.0,-0.009507077000000001,NCCLC,3,0.009736
0.036375126,ct,86036,30107759,-0.0700002,412.6,P,0.3,-0.036375126,NCJPR,3,0.002874
0.129119858,ct,86036,30107759,0.0799999,412.6,P,0.2,0.129119858,NCCDU,3,0.000842
0.012462064,ct,86036,30107759,-0.0700002,412.6,P,0.35,0.012462064,NCNLH,3,0.003407
0.019715853,ct,86036,30107759,-0.0899997,412.6,P,0.6,-0.019715853,NCNTA,3,0.005828
0.017433857,ct,86036,30107759,-0.02,412.6,P,1.0,-0.017433857,NCJMG,3,0.009722
0.019210553999999998,ct,86036,30107759,-0.0099998,412.6,P,1.0,-0.019210553999999998,NCJSA,3,0.009716
0.006898455,ct,86036,30107759,0.04,412.6,P,0.35,0.006898455,NCCCY,3,0.003408
0.035193725999999995,ct,86036,30107759,-0.0300002,412.6,P,0.6,-0.035193725999999995,NCCMO,3,0.005754
0.030950996,ct,86036,30107759,-0.1300001,412.6,P,0.1,-0.030950996,NCNSP,3,0.000964
0.023628567,ct,86036,30107759,0.0,412.6,P,0.6,-0.023628567,NCJHP,3,0.005817
0.068990402,ct,86036,30107759,0.1000004,412.6,P,0.5,0.068990402,NCCMJ,3,0.004347
0.039732098,ct,86036,30107759,-0.1199999,412.6,P,0.35,-0.039732098,NCNOL,3,0.003336
0.017522486,ct,86036,30107759,0.04,412.6,P,0.15,0.017522486,NCJBG,3,0.001458
0.023889801,ct,86036,30107759,0.0,412.6,P,0.35,-0.023889801,NCCDV,3,0.003392
0.020127054000000002,ct,86036,30107759,0.0100002,412.6,P,0.35,-0.020127054000000002,NCJBM,3,0.003399
0.013197998,ct,86036,30065107,0.0100002,55.6,P,1.0,0.013197998,NCNLN,3,0.009992
0.00751642,ct,86036,30065107,0.0,55.6,P,0.6,0.00751642,NCCSP,3,0.005999
0.0054732700000000006,ct,86036,30065107,-0.01,55.6,P,0.75,-0.0054732700000000006,NCCBW,3,0.007499
0.013131690000000001,ct,86036,30065107,0.01,55.6,P,0.75,0.013131690000000001,NCCMC,3,0.007494
0.005678047,ct,86036,30065107,-0.01,55.6,P,1.0,-0.005678047,NCCAI,3,0.009999
0.010042773,ct,86036,30065107,-0.0099998,55.6,P,1.0,-0.010042773,NCCLC,3,0.009996
0.037829394999999995,ct,86036,30065107,-0.04,55.6,P,0.15,-0.037829394999999995,NCJPR,3,0.001472
0.042931087,ct,86036,30065107,0.04,55.6,P,0.2,0.042931087,NCNLH,3,0.001947
0.002725095,ct,86036,30065107,0.0,55.6,P,0.6,0.002725095,NCNTA,3,0.006
0.009494975999999999,ct,86036,30065107,-0.0099998,55.6,P,1.0,-0.009494975999999999,NCJMG,3,0.009996
0.009927758,ct,86036,30065107,-0.0099998,55.6,P,1.0,-0.009927758,NCJSA,3,0.009996
0.019154617,ct,86036,30065107,0.02,55.6,P,0.35,0.019154617,NCCCY,3,0.003491
0.003421453,ct,86036,30065107,0.0,55.6,P,0.15,0.003421453,NCNSP,3,0.0015
0.050021793,ct,86036,30065107,0.0499997,55.6,P,0.2,0.050021793,NCJEG,3,0.001915
0.030510942,ct,86036,30065107,-0.0299997,55.6,P,0.35,-0.030510942,NCJHP,3,0.003466
0.037121811,ct,86036,30065107,-0.04,55.6,P,0.6,-0.037121811,NCNOL,3,0.005894
0.10064933000000001,ct,86036,30065107,-0.0999994,55.6,P,0.1,-0.10064933000000001,NCCMN,3,0.000688
0.12049765,ct,86036,30065107,-0.1199999,55.6,P,0.1,-0.12049765,NCJBG,3,0.000512
0.000737926,ct,86036,30065107,0.0,55.6,P,0.5,-0.000737926,NCCDV,3,0.005
0.020794342,ct,86036,30065107,-0.0200005,55.6,P,0.35,-0.020794342,NCJBM,3,0.003489
0.08945510899999999,ct,86036,30065107,0.0900002,55.6,P,0.15,0.08945510899999999,NCJPS,3,0.001162
0.010938591000000001,ct,86036,242027,-0.0300002,71.1,P,0.75,-0.010938591000000001,NCCSP,3,0.007496
0.019085588,ct,86036,242027,-0.03,71.1,P,0.75,-0.019085588,NCCBW,3,0.007481
0.000458316,ct,86036,242027,0.0,71.1,P,0.35,-0.000458316,NCCMC,3,0.0035
0.008104251,ct,86036,242027,-0.02,71.1,P,1.0,-0.008104251,NCCAI,3,0.009997
0.009808819,ct,86036,242027,0.0100002,71.1,P,0.75,0.009808819,NCCLC,3,0.007497
0.091495499,ct,86036,242027,-0.1000004,71.1,P,0.15,-0.091495499,NCJPR,3,0.00114
0.00506582,ct,86036,242027,-0.0099998,71.1,P,0.2,0.00506582,NCNTA,3,0.002
0.0067107849999999995,ct,86036,242027,-0.0099998,71.1,P,0.6,-0.0067107849999999995,NCJMG,3,0.005999
0.001451025,ct,86036,242027,0.0,71.1,P,1.0,0.001451025,NCJSA,3,0.009999
0.021561234,ct,86036,242027,-0.02,71.1,P,0.2,-0.021561234,NCCCY,3,0.001993
0.080628647,ct,86036,242027,-0.0799999,71.1,P,0.2,-0.080628647,NCJHP,3,0.001661
0.020692616,ct,86036,242027,-0.0199995,71.1,P,0.3,-0.020692616,NCCMJ,3,0.00299
0.023009457,ct,86036,242027,-0.04,71.1,P,0.35,-0.023009457,NCNOL,3,0.003485
0.009034785,ct,52942,44289,-0.04,447.8,P,0.55,-0.009034785,NCNLH,3,0.005314
0.018420259,ct,52942,44289,0.01,447.8,P,1.0,-0.018420259,NCCBW,3,0.009645
0.0024232290000000003,ct,52942,44289,-0.0499992,447.8,P,1.0,-0.0024232290000000003,NCNLN,3,0.009664
0.000119305,ct,52942,44289,-0.04,447.8,P,0.5,0.000119305,NCCSP,3,0.004832
0.006290941,ct,52942,44289,0.0799999,447.8,P,0.6,-0.006290941,NCCMC,3,0.005798
0.026112325999999998,ct,52942,44289,0.0500002,447.8,P,0.75,-0.026112325999999998,NCCBR,3,0.007205
0.037122978,ct,52942,44289,0.0500002,447.8,P,0.15,0.037122978,NCJPR,3,0.001424
0.00868468,ct,52942,44289,0.0799999,447.8,P,0.6,-0.00868468,NCCLC,3,0.005797
0.082284615,ct,52942,44289,0.0900002,447.8,P,0.75,0.082284615,NCCDU,3,0.005922
0.043570186999999996,ct,52942,44289,-0.0700002,447.8,P,0.15,-0.043570186999999996,NCNTA,3,0.00141
0.12108504499999999,ct,52942,44289,-0.0300002,447.8,P,0.3,-0.12108504499999999,NCCSH,3,0.001476
0.037287685,ct,52942,44289,0.0099998,447.8,P,0.6,-0.037287685,NCJMG,3,0.005697
0.020682341,ct,52942,44289,0.04,447.8,P,1.0,-0.020682341,NCJSA,3,0.009635
0.009322224,ct,52942,44289,0.0800004,447.8,P,0.35,-0.009322224,NCCPL,3,0.003382
0.020464932999999998,ct,52942,44289,0.0699997,447.8,P,0.1,-0.020464932999999998,NCCCY,3,0.000964
0.014293983000000001,ct,52942,44289,0.0800004,447.8,P,0.15,0.014293983000000001,NCCMO,3,0.001448
0.066230247,ct,52942,44289,-0.1199999,447.8,P,0.1,-0.066230247,NCNSP,3,0.000876
0.010372947,ct,52942,44289,0.0500002,447.8,P,0.2,-0.010372947,NCJEG,3,0.001932
0.085826706,ct,52942,44289,0.0,447.8,P,0.6,-0.085826706,NCCVL,3,0.004643
0.07767411,ct,52942,44289,0.0,447.8,P,0.1,-0.07767411,NCJHP,3,0.00082
0.013173615,ct,52942,44289,-0.0499992,447.8,P,0.2,-0.013173615,NCNOL,3,0.001931
0.010204557,ct,52942,44289,0.0799999,447.8,P,0.1,-0.010204557,NCCMJ,3,0.000966
0.038616535,ct,52942,44289,-0.0900002,447.8,P,0.3,-0.038616535,NCNCF,3,0.002845
0.063583607,ct,52942,44289,-0.1099997,447.8,P,0.6,-0.063583607,NCNTB,3,0.005314
0.032601269,ct,52942,484120,0.0,57.4,P,1.0,-0.032601269,NCJSA,3,0.009881
0.002826688,ct,52942,484120,0.0300002,57.4,P,0.6,-0.002826688,NCCBW,3,0.006
0.06397485,ct,52942,484120,-0.02,57.4,P,0.35,-0.06397485,NCCSP,3,0.003196
0.008054252999999999,ct,52942,484120,0.02,57.4,P,0.15,-0.008054252999999999,NCCMC,3,0.0015
0.047558262,ct,52942,484120,-0.02,57.4,P,0.5,-0.047558262,NCCBR,3,0.004819
0.126604584,ct,52942,484120,-0.0999999,57.4,P,0.35,-0.126604584,NCCLC,3,0.001589
0.02450676,ct,52942,484120,0.0099998,57.4,P,0.15,-0.02450676,NCJMG,3,0.001492
0.0357104,ct,52942,484120,0.0799999,57.4,P,0.15,0.0357104,NCNOL,3,0.001477
0.084983421,ct,52942,402094,0.0999999,172.4,P,0.6,0.084983421,NCNLH,3,0.004814
0.021604237000000002,ct,52942,402094,-0.03,172.4,P,1.0,-0.021604237000000002,NCCBW,3,0.009947
0.019425225999999997,ct,52942,402094,0.0,172.4,P,0.75,-0.019425225999999997,NCNLN,3,0.007466
0.026017481,ct,52942,402094,-0.01,172.4,P,0.5,-0.026017481,NCCSP,3,0.004961
0.021797653,ct,52942,402094,-0.01,172.4,P,0.6,0.021797653,NCCMC,3,0.005966
0.023453935999999998,ct,52942,402094,-0.05,172.4,P,0.35,-0.023453935999999998,NCCBR,3,0.003478
0.074715317,ct,52942,402094,-0.0799999,172.4,P,0.6,-0.074715317,NCJPR,3,0.005173
0.011545522999999999,ct,52942,402094,-0.02,172.4,P,0.35,0.011545522999999999,NCCLC,3,0.003491
0.030459999,ct,52942,402094,-0.02,172.4,P,0.35,-0.030459999,NCNTA,3,0.003459
0.041998348,ct,52942,402094,-0.0599999,172.4,P,0.2,-0.041998348,NCJMG,3,0.001946
0.027133675,ct,52942,402094,-0.0499997,172.4,P,1.0,-0.027133675,NCJSA,3,0.009913
0.0171292,ct,52942,402094,-0.0500002,172.4,P,0.15,-0.0171292,NCCCY,3,0.001495
0.0026102449999999998,ct,52942,402094,0.02,172.4,P,0.15,-0.0026102449999999998,NCNSP,3,0.001497
0.169162003,ct,52942,402094,-0.1499996,172.4,P,0.15,-0.169162003,NCNGV,3,0.000134
0.017284035,ct,52942,402094,-0.04,172.4,P,0.15,-0.017284035,NCJEG,3,0.001494
0.034826369999999995,ct,52942,402094,-0.0199995,172.4,P,0.2,-0.034826369999999995,NCNOL,3,0.001967
0.078929008,ct,52942,402094,-0.0599995,172.4,P,0.35,-0.078929008,NCNTB,3,0.002936
0.08535227199999999,ct,52942,48565,-0.1300001,546.6,P,0.75,-0.08535227199999999,NCNLH,3,0.005686
0.046050812,ct,52942,48565,-0.1099997,546.6,P,1.0,-0.046050812,NCNLN,3,0.009095
0.044110985,ct,52942,48565,-0.0999999,546.6,P,0.75,-0.044110985,NCCSP,3,0.006846
0.017089237,ct,52942,48565,0.01,546.6,P,0.6,-0.017089237,NCCBW,3,0.005628
0.008745583999999999,ct,52942,48565,0.0899999,546.6,P,0.2,-0.008745583999999999,NCCMC,3,0.001878
0.026048576,ct,52942,48565,0.0600002,546.6,P,0.75,-0.026048576,NCCBR,3,0.007004
0.11013590200000001,ct,52942,48565,-0.0999999,546.6,P,0.2,-0.11013590200000001,NCJPR,3,0.001147
0.011942327,ct,52942,48565,0.0900002,546.6,P,0.6,-0.011942327,NCCLC,3,0.005633
0.022310993,ct,52942,48565,0.0299997,546.6,P,0.6,-0.022310993,NCJMG,3,0.005615
0.018635147,ct,52942,48565,0.0500002,546.6,P,1.0,-0.018635147,NCJSA,3,0.009374
0.022861298000000002,ct,52942,48565,0.0800004,546.6,P,0.75,-0.022861298000000002,NCCPL,3,0.007018
0.079363213,ct,52942,48565,-0.1300001,546.6,P,0.35,-0.079363213,NCNOL,3,0.002766
0.016043592,ct,52942,48565,0.0799999,546.6,P,1.0,-0.016043592,NCJPP,3,0.009381
0.01238349,ct,52942,45165,-0.0699997,152.5,P,1.0,0.01238349,NCNLN,3,0.00998
0.016631485,ct,52942,45165,-0.04,152.5,P,1.0,0.016631485,NCCBW,3,0.009971
0.047242737,ct,52942,45165,-0.0300002,152.5,P,0.6,0.047242737,NCNLH,3,0.005779
0.019348778,ct,52942,45165,-0.0599999,152.5,P,0.75,0.019348778,NCCSP,3,0.00747
0.003285142,ct,52942,45165,-0.04,152.5,P,0.6,-0.003285142,NCCMC,3,0.005992
0.019343641,ct,52942,45165,-0.0599999,152.5,P,0.75,-0.019343641,NCCBR,3,0.007471
0.028644449000000002,ct,52942,45165,-0.0900002,152.5,P,0.6,-0.028644449000000002,NCJPR,3,0.005945
0.0064556990000000005,ct,52942,45165,-0.0299997,152.5,P,0.6,0.0064556990000000005,NCCLC,3,0.005991
0.01505333,ct,52942,45165,-0.0900002,152.5,P,0.6,-0.01505333,NCNTA,3,0.005985
0.014582993,ct,52942,45165,-0.0599999,152.5,P,1.0,-0.014582993,NCJSA,3,0.009977
0.0036941039999999997,ct,52942,45165,-0.04,152.5,P,0.75,-0.0036941039999999997,NCCPL,3,0.00749
0.015724331,ct,52942,45165,-0.02,152.5,P,0.15,0.015724331,NCCCY,3,0.001496
0.044530781,ct,52942,45165,0.0,152.5,P,0.6,0.044530781,NCCMO,3,0.005815
0.170477081,ct,52942,45165,0.1300001,152.5,P,0.2,0.170477081,NCCDO,3,0.000165
0.005296119,ct,52942,45165,-0.0900002,152.5,P,0.15,-0.005296119,NCNSP,3,0.001498
0.008926086,ct,52942,45165,-0.0900002,152.5,P,0.15,-0.008926086,NCNGV,3,0.001498
0.005539518,ct,52942,45165,-0.04,152.5,P,0.6,0.005539518,NCJEG,3,0.005992
0.009823202999999999,ct,52942,45165,-0.0300007,152.5,P,0.3,0.009823202999999999,NCJHP,3,0.002995
0.09534135399999999,ct,52942,45165,-0.1800003,152.5,P,0.1,-0.09534135399999999,NCNBR,3,0.000731
0.001399724,ct,52942,45165,-0.0799999,152.5,P,0.6,-0.001399724,NCNOL,3,0.005992
0.014014378000000001,ct,52942,45165,-0.0500002,152.5,P,0.55,-0.014014378000000001,NCCMJ,3,0.005487
0.052227261,ct,52942,45165,-0.0900002,152.5,P,0.15,-0.052227261,NCJLT,3,0.001426
0.110301094,ct,52942,45165,0.0699997,152.5,P,0.15,0.110301094,NCJBG,3,0.000908
0.098204918,ct,52942,45165,0.0600004,152.5,P,0.15,0.098204918,NCCDV,3,0.001064
0.0046531409999999995,ct,52942,45165,-0.0799999,152.5,P,0.1,0.0046531409999999995,NCNTY,3,0.000999
0.046870776999999995,ct,52942,45165,0.0100002,152.5,P,0.1,0.046870776999999995,NCJSC,3,0.000964
0.123758881,ct,52942,45165,0.04,152.5,P,0.15,0.123758881,NCNCF,3,0.000719
0.108006111,ct,52942,45165,0.0699997,152.5,P,0.55,0.108006111,NCJPP,3,0.003442
0.011978721,ct,52942,45165,-0.0699997,152.5,P,0.35,0.011978721,NCNTB,3,0.003493
0.029293123,ct,52942,45165,-0.1100006,152.5,P,0.35,-0.029293123,NCNHB,3,0.003465
0.001298113,ct,52942,86036,-0.0700002,386.4,P,0.6,-0.001298113,NCNLH,3,0.005869
0.032269176000000004,ct,52942,86036,-0.1099999,386.4,P,0.75,-0.032269176000000004,NCCSP,3,0.007254
0.016013165,ct,52942,86036,-0.0999994,386.4,P,1.0,-0.016013165,NCNLN,3,0.009769
0.012445008,ct,52942,86036,-0.03,386.4,P,1.0,-0.012445008,NCCBW,3,0.009775
0.021527622,ct,52942,86036,0.01,386.4,P,0.35,-0.021527622,NCCMC,3,0.003411
0.0022590509999999998,ct,52942,86036,-0.0299997,386.4,P,0.15,0.0022590509999999998,NCJPR,3,0.001467
0.014174309,ct,52942,86036,0.02,386.4,P,0.6,-0.014174309,NCCLC,3,0.005863
0.0049501400000000004,ct,52942,86036,-0.04,386.4,P,0.35,-0.0049501400000000004,NCCDU,3,0.003423
0.023984379,ct,52942,86036,-0.0900002,386.4,P,0.2,-0.023984379,NCNTA,3,0.001947
0.007551316,ct,52942,86036,-0.0100002,386.4,P,0.6,-0.007551316,NCJMG,3,0.005868
0.009195499,ct,52942,86036,0.0,386.4,P,1.0,-0.009195499,NCJSA,3,0.009778
0.014769481000000001,ct,52942,86036,0.0200005,386.4,P,0.5,-0.014769481000000001,NCCPL,3,0.004885
0.0054321859999999994,ct,52942,86036,0.0299997,386.4,P,0.15,-0.0054321859999999994,NCCCY,3,0.001467
0.025163851,ct,52942,86036,0.0400004,386.4,P,0.2,0.025163851,NCCMO,3,0.001945
0.048996433000000006,ct,52942,86036,-0.04,386.4,P,0.1,0.048996433000000006,NCNSP,3,0.000937
0.0010737289999999998,ct,52942,86036,0.0100002,386.4,P,0.2,0.0010737289999999998,NCJEG,3,0.001956
0.035948185,ct,52942,86036,0.0599995,386.4,P,0.15,0.035948185,NCJHP,3,0.001444
0.014891131,ct,52942,86036,-0.0599995,386.4,P,0.2,0.014891131,NCNOL,3,0.001954
0.125488747,ct,52942,86036,-0.0900002,386.4,P,0.3,-0.125488747,NCCMJ,3,0.001371
0.127201126,ct,52942,86036,0.1499996,386.4,P,0.15,0.127201126,NCJBG,3,0.000657
0.06962200900000001,ct,52942,86036,0.1000004,386.4,P,0.35,0.06962200900000001,NCCDV,3,0.003035
0.09357333400000001,ct,52942,86036,-0.0699997,386.4,P,0.15,-0.09357333400000001,NCJPS,3,0.001093
0.006379546000000001,ct,52942,242668,-0.04,10.8,P,0.75,-0.006379546000000001,NCCBW,3,0.007499
0.008624809,ct,52942,242668,-0.04,10.8,P,1.0,-0.008624809,NCNLN,3,0.009998
0.0065914219999999996,ct,52942,242668,-0.04,10.8,P,0.75,-0.0065914219999999996,NCNLH,3,0.007499
0.028093312999999998,ct,52942,242668,-0.0599999,10.8,P,0.75,-0.028093312999999998,NCCSP,3,0.007443
0.011916335,ct,52942,242668,-0.02,10.8,P,0.35,0.011916335,NCCMC,3,0.003498
0.016975613,ct,52942,242668,-0.05,10.8,P,0.75,-0.016975613,NCCBR,3,0.007488
0.019743590999999998,ct,52942,242668,-0.0499997,10.8,P,0.2,-0.019743590999999998,NCJPR,3,0.001995
0.007527825,ct,52942,242668,-0.04,10.8,P,0.6,-0.007527825,NCCLC,3,0.005999
0.013840674999999998,ct,52942,242668,-0.02,10.8,P,0.35,0.013840674999999998,NCCDU,3,0.003497
0.019326275,ct,52942,242668,-0.0500002,10.8,P,0.35,-0.019326275,NCNTA,3,0.003491
0.000550512,ct,52942,242668,-0.0299997,10.8,P,1.0,0.000550512,NCJSA,3,0.01
0.007584204,ct,52942,242668,-0.04,10.8,P,0.35,-0.007584204,NCCPL,3,0.003499
0.041710983,ct,52942,242668,0.0099998,10.8,P,0.15,0.041710983,NCCCY,3,0.001463
0.053060295,ct,52942,242668,0.0200005,10.8,P,0.2,0.053060295,NCCDO,3,0.001899
0.057848357999999996,ct,52942,242668,-0.0900002,10.8,P,0.3,-0.057848357999999996,NCNSP,3,0.002805
0.000546383,ct,52942,242668,-0.0299997,10.8,P,0.35,0.000546383,NCJEG,3,0.0035
0.0490457,ct,52942,242668,-0.0800009,10.8,P,0.55,-0.0490457,NCJHP,3,0.00528
0.019060606,ct,52942,242668,-0.0499992,10.8,P,0.6,-0.019060606,NCNOL,3,0.005986
0.027690522999999998,ct,52942,242668,-0.0599995,10.8,P,0.15,-0.027690522999999998,NCCMJ,3,0.001489
0.011647721000000002,ct,52942,242668,-0.0199995,10.8,P,0.55,0.011647721000000002,NCNCF,3,0.005497
0.018823778,ct,52942,242668,-0.0500002,10.8,P,0.55,-0.018823778,NCJPP,3,0.005487
0.048686428,ct,52942,242668,-0.0799999,10.8,P,0.6,-0.048686428,NCNTB,3,0.005765
0.015555976,ct,52942,30034705,-0.0599999,263.4,P,1.0,-0.015555976,NCCBW,3,0.00992
0.009696483,ct,52942,30034705,-0.0599995,263.4,P,1.0,-0.009696483,NCNLN,3,0.009931
0.001401188,ct,52942,30034705,-0.0699999,263.4,P,0.75,-0.001401188,NCCSP,3,0.00745
0.036660179,ct,52942,30034705,0.0,263.4,P,0.35,0.036660179,NCCMC,3,0.00342
0.021469076,ct,52942,30034705,-0.05,263.4,P,0.75,-0.021469076,NCCBR,3,0.007424
0.126566734,ct,52942,30034705,-0.1700001,263.4,P,0.35,-0.126566734,NCJPR,3,0.001583
0.001645666,ct,52942,30034705,-0.02,263.4,P,0.6,0.001645666,NCCLC,3,0.00596
0.03191024,ct,52942,30034705,-0.0799999,263.4,P,0.6,-0.03191024,NCNTA,3,0.005896
0.007824006,ct,52942,30034705,-0.04,263.4,P,0.6,-0.007824006,NCJMG,3,0.005959
0.011381265000000002,ct,52942,30034705,-0.04,263.4,P,1.0,-0.011381265000000002,NCJSA,3,0.009929
0.050800011,ct,52942,30034705,0.0300002,263.4,P,0.2,0.050800011,NCCMO,3,0.001899
0.030183039000000002,ct,52942,30034705,-0.02,263.4,P,0.3,0.030183039000000002,NCNSP,3,0.002952
0.008360467,ct,52942,30034705,-0.02,263.4,P,0.6,0.008360467,NCJEG,3,0.005959
0.033504959,ct,52942,30034705,0.0099993,263.4,P,0.15,0.033504959,NCJHP,3,0.001471
0.109805542,ct,52942,30034705,-0.1599998,263.4,P,0.15,-0.109805542,NCNBR,3,0.000914
0.031094633000000003,ct,52942,30034705,-0.0799999,263.4,P,0.2,-0.031094633000000003,NCNOL,3,0.001967
0.042444691,ct,52942,30034705,-0.0599995,263.4,P,0.3,-0.042444691,NCCMJ,3,0.002903
0.08769484699999999,ct,52942,30034705,0.0699997,263.4,P,0.35,0.08769484699999999,NCCDV,3,0.002735
0.059709518,ct,52942,30034705,-0.0799999,263.4,P,0.55,-0.059709518,NCJSC,3,0.005075
0.131511093,ct,52942,30034705,0.1099997,263.4,P,1.0,0.131511093,NCJPP,3,0.004025
0.020035265,ct,52942,30034705,-0.0699997,263.4,P,0.6,-0.020035265,NCNTB,3,0.005944
0.017918279999999998,ct,52942,30065107,-0.04,400.4,P,0.75,-0.017918279999999998,NCCBW,3,0.007305
0.0028151670000000004,ct,52942,30065107,-0.0899992,400.4,P,1.0,-0.0028151670000000004,NCNLN,3,0.009758
0.041632976999999995,ct,52942,30065107,-0.0300002,400.4,P,0.6,0.041632976999999995,NCNLH,3,0.005703
0.024752754,ct,52942,30065107,-0.1099999,400.4,P,0.35,-0.024752754,NCCSP,3,0.003398
0.00839593,ct,52942,30065107,0.02,400.4,P,0.6,-0.00839593,NCCMC,3,0.005854
0.011853852,ct,52942,30065107,0.01,400.4,P,0.75,-0.011853852,NCCBR,3,0.007315
0.035570346999999995,ct,52942,30065107,-0.0699997,400.4,P,0.2,-0.035570346999999995,NCJPR,3,0.001922
0.024217083,ct,52942,30065107,0.0100002,400.4,P,0.6,-0.024217083,NCCLC,3,0.005827
0.021259283,ct,52942,30065107,-0.0900002,400.4,P,0.6,-0.021259283,NCNTA,3,0.005837
0.017046292999999997,ct,52942,30065107,-0.02,400.4,P,0.6,-0.017046292999999997,NCJMG,3,0.005845
0.019123256999999998,ct,52942,30065107,-0.0099998,400.4,P,1.0,-0.019123256999999998,NCJSA,3,0.009735
0.013722432,ct,52942,30065107,0.0499997,400.4,P,0.3,0.013722432,NCCCY,3,0.002925
0.052417885,ct,52942,30065107,-0.04,400.4,P,0.15,0.052417885,NCNSP,3,0.00139
0.138255295,ct,52942,30065107,-0.2200003,400.4,P,0.1,-0.138255295,NCNGV,3,0.00034
0.051095523999999996,ct,52942,30065107,0.0599999,400.4,P,0.2,0.051095523999999996,NCJEG,3,0.001864
0.005437241000000001,ct,52942,30065107,0.0299997,400.4,P,0.3,0.005437241000000001,NCJHP,3,0.002927
0.022230677,ct,52942,30065107,-0.0999994,400.4,P,0.6,-0.022230677,NCNOL,3,0.005834
0.006703474,ct,52942,30065107,0.0299997,400.4,P,0.15,0.006703474,NCJBG,3,0.001464
0.068884079,ct,52942,30065107,0.1000004,400.4,P,0.35,0.068884079,NCCDV,3,0.003043
0.032956733999999994,ct,52942,30065107,0.0,400.4,P,0.3,-0.032956733999999994,NCJSC,3,0.002892
0.11028718600000001,ct,52942,30065107,0.1399994,400.4,P,0.55,0.11028718600000001,NCJPP,3,0.003259
0.110428909,ct,52942,30065107,0.0200005,400.4,P,0.1,0.110428909,NCNCF,3,0.000586
0.013862973,ct,52942,30065107,-0.1000004,400.4,P,0.35,-0.013862973,NCNTB,3,0.003413
0.004118233,ct,52942,30065107,0.0200005,400.4,P,0.1,-0.004118233,NCJPS,3,0.000976
0.04511166,ct,52942,38520,-0.0899999,154.7,P,0.75,-0.04511166,NCCSP,3,0.007264
0.014268514,ct,52942,38520,-0.04,154.7,P,1.0,-0.014268514,NCCBW,3,0.009977
0.007458735,ct,52942,38520,-0.04,154.7,P,0.6,0.007458735,NCNLH,3,0.005991
0.009051311999999999,ct,52942,38520,-0.0599995,154.7,P,1.0,-0.009051311999999999,NCNLN,3,0.009984
0.024352545,ct,52942,38520,-0.03,154.7,P,0.2,-0.024352545,NCCMC,3,0.001988
0.028441669,ct,52942,38520,-0.04,154.7,P,0.75,-0.028441669,NCCBR,3,0.007432
0.040094009,ct,52942,38520,-0.0699997,154.7,P,0.35,-0.040094009,NCJPR,3,0.00342
0.008217793000000001,ct,52942,38520,0.0,154.7,P,0.6,0.008217793000000001,NCCLC,3,0.005991
0.02662875,ct,52942,38520,-0.0700002,154.7,P,0.2,-0.02662875,NCNTA,3,0.001985
0.017648893000000002,ct,52942,38520,0.0100002,154.7,P,0.15,0.017648893000000002,NCCSH,3,0.001495
0.010297051,ct,52942,38520,-0.0300002,154.7,P,0.35,-0.010297051,NCJMG,3,0.003494
0.014319782,ct,52942,38520,-0.0299997,154.7,P,1.0,-0.014319782,NCJSA,3,0.009977
0.001477302,ct,52942,38520,-0.0099998,154.7,P,0.5,-0.001477302,NCCPL,3,0.004993
0.016949005,ct,52942,38520,0.0,154.7,P,0.2,0.016949005,NCCMO,3,0.001994
0.072918465,ct,52942,38520,0.0600004,154.7,P,0.2,0.072918465,NCCDO,3,0.001744
0.004167613000000001,ct,52942,38520,-0.02,154.7,P,0.35,-0.004167613000000001,NCJEG,3,0.003495
0.020791775000000002,ct,52942,38520,0.0099993,154.7,P,0.15,0.020791775000000002,NCJHP,3,0.001493
0.012910562,ct,52942,38520,-0.0599995,154.7,P,0.35,-0.012910562,NCNOL,3,0.003493
0.051799109999999995,ct,52942,38520,-0.0599995,154.7,P,0.1,-0.051799109999999995,NCCMJ,3,0.000952
0.04163625,ct,52942,38520,-0.0500002,154.7,P,0.1,-0.04163625,NCJSC,3,0.000974
0.018093504,ct,48565,402094,0.0899999,718.4,P,0.75,0.018093504,NCCSP,3,0.006482
0.026625587,ct,48565,402094,0.1099997,718.4,P,0.75,0.026625587,NCNLN,3,0.006456
0.030543236,ct,48565,402094,-0.0999999,718.4,P,0.6,0.030543236,NCCMC,3,0.005144
0.0045149990000000004,ct,48565,402094,-0.04,718.4,P,0.6,-0.0045149990000000004,NCCBW,3,0.005196
0.00333953,ct,48565,402094,0.02,718.4,P,1.0,0.00333953,NCCAI,3,0.00866
0.00259464,ct,48565,402094,-0.1100001,718.4,P,0.6,0.00259464,NCCBR,3,0.005196
0.02348785,ct,48565,402094,-0.1100001,718.4,P,0.75,0.02348785,NCCLC,3,0.006466
0.035420586,ct,48565,402094,0.02,718.4,P,0.6,0.035420586,NCJPR,3,0.005118
0.17033569299999998,ct,48565,402094,0.23,718.4,P,0.35,0.17033569299999998,NCNLH,3,0.000264
0.019687357,ct,48565,402094,-0.0899997,718.4,P,0.6,-0.019687357,NCJMG,3,0.005182
0.008498528,ct,48565,402094,-0.0999999,718.4,P,1.0,-0.008498528,NCJSA,3,0.008658
0.044536839,ct,48565,402094,0.1100006,718.4,P,0.35,0.044536839,NCNOL,3,0.002943
0.019863867,ct,48565,484120,0.0799999,601.5,P,0.6,-0.019863867,NCCSP,3,0.005503
0.016003022999999998,ct,48565,484120,0.0400002,601.5,P,0.75,-0.016003022999999998,NCCAI,3,0.006889
0.01396612,ct,48565,484120,-0.0500002,601.5,P,1.0,-0.01396612,NCJSA,3,0.00919
0.000691331,ct,48565,484120,-0.0699999,601.5,P,0.15,0.000691331,NCCMC,3,0.00138
0.014262549,ct,48565,484120,0.0200002,601.5,P,0.2,0.014262549,NCCBW,3,0.001838
0.021509686,ct,48565,484120,-0.0800002,601.5,P,0.75,-0.021509686,NCCBR,3,0.006875
0.114662262,ct,48565,484120,-0.1900001,601.5,P,0.75,-0.114662262,NCCLC,3,0.003903
0.002195766,ct,48565,484120,-0.02,601.5,P,0.55,-0.002195766,NCJMG,3,0.005059
0.115073616,ct,48565,484120,0.21,601.5,P,0.3,0.115073616,NCNOL,3,0.001569
0.043627583000000004,ct,48565,44289,0.0600004,99.1,P,1.0,0.043627583000000004,NCNLN,3,0.009716
0.044230289,ct,48565,44289,0.0599999,99.1,P,0.75,0.044230289,NCCSP,3,0.007278
0.0024546420000000004,ct,48565,44289,-0.01,99.1,P,0.6,0.0024546420000000004,NCCMC,3,0.005998
0.00133102,ct,48565,44289,0.0,99.1,P,0.6,-0.00133102,NCCBW,3,0.005998
0.007508104999999999,ct,48565,44289,0.0,99.1,P,1.0,-0.007508104999999999,NCCAI,3,0.009995
6.3749e-05,ct,48565,44289,-0.01,99.1,P,1.0,-6.3749e-05,NCCBR,3,0.009996
0.003257648,ct,48565,44289,-0.0100002,99.1,P,1.0,0.003257648,NCCLC,3,0.009996
0.147258896,ct,48565,44289,0.1500001,99.1,P,0.15,0.147258896,NCJPR,3,0.000384
0.07631749,ct,48565,44289,0.0900002,99.1,P,0.3,0.07631749,NCNLH,3,0.002567
0.014976694,ct,48565,44289,-0.02,99.1,P,1.0,-0.014976694,NCJMG,3,0.009985
0.013539075000000001,ct,48565,44289,0.0,99.1,P,0.6,0.013539075000000001,NCCPL,3,0.005993
0.002047194,ct,48565,44289,-0.0100002,99.1,P,1.0,-0.002047194,NCJSA,3,0.009996
0.066189598,ct,48565,44289,0.0800009,99.1,P,0.35,0.066189598,NCNOL,3,0.003163
0.00600575,ct,48565,30107759,-0.1000001,253.4,P,0.75,0.00600575,NCCSP,3,0.007453
0.021255915,ct,48565,30107759,-0.0900002,253.4,P,1.0,0.021255915,NCNLN,3,0.009906
0.0035826699999999996,ct,48565,30107759,-0.04,253.4,P,0.6,-0.0035826699999999996,NCCMC,3,0.005963
0.0035579649999999997,ct,48565,30107759,-0.0899999,253.4,P,1.0,-0.0035579649999999997,NCCAI,3,0.009938
0.025822388,ct,48565,30107759,-0.02,253.4,P,1.0,0.025822388,NCCBR,3,0.009881
0.011739058,ct,48565,30107759,-0.0500002,253.4,P,1.0,-0.011739058,NCCLC,3,0.009933
0.076019829,ct,48565,30107759,0.0,253.4,P,0.35,0.076019829,NCJPR,3,0.002981
0.09651622,ct,48565,30107759,-0.0100002,253.4,P,0.5,0.09651622,NCNLH,3,0.003589
0.002674182,ct,48565,30107759,-0.0599999,253.4,P,1.0,-0.002674182,NCJMG,3,0.009938
0.009770906,ct,48565,30107759,-0.0599999,253.4,P,1.0,-0.009770906,NCJSA,3,0.009935
0.054522243000000005,ct,48565,30107759,-0.0499992,253.4,P,0.5,0.054522243000000005,NCNOL,3,0.004698
0.027760876,ct,48565,30107759,-0.0099993,253.4,P,0.2,0.027760876,NCJBM,3,0.001973
0.118952271,ct,48565,30107759,0.0799999,253.4,P,0.75,0.118952271,NCJPP,3,0.003939
0.058434303,ct,48565,45165,0.04,394.4,P,1.0,0.058434303,NCNLN,3,0.00913
0.063459763,ct,48565,45165,0.04,394.4,P,1.0,0.063459763,NCCSP,3,0.008941
0.005460441,ct,48565,45165,-0.1299999,394.4,P,0.6,0.005460441,NCCMC,3,0.005861
0.033720722,ct,48565,45165,-0.05,394.4,P,0.6,0.033720722,NCCBW,3,0.005788
0.023407906,ct,48565,45165,-0.03,394.4,P,1.0,0.023407906,NCCAI,3,0.009725
0.006704936,ct,48565,45165,-0.1200001,394.4,P,1.0,0.006704936,NCCBR,3,0.009768
0.018398026999999997,ct,48565,45165,-0.1199999,394.4,P,1.0,0.018398026999999997,NCCLC,3,0.009749
0.081491455,ct,48565,45165,0.0099998,394.4,P,0.6,0.081491455,NCJPR,3,0.004836
0.13259501599999998,ct,48565,45165,0.0999999,394.4,P,0.35,0.13259501599999998,NCNLH,3,0.001381
0.018551693,ct,48565,45165,-0.1100001,394.4,P,0.3,0.018551693,NCCRA,3,0.002925
0.019167194,ct,48565,45165,-0.1200004,394.4,P,1.0,0.019167194,NCCPL,3,0.009746
0.004052154,ct,48565,45165,-0.1100001,394.4,P,1.0,0.004052154,NCJSA,3,0.009768
0.077963486,ct,48565,45165,0.0500002,394.4,P,0.75,0.077963486,NCNOL,3,0.006212
0.046400620000000004,ct,48565,45165,-0.0899992,394.4,P,0.2,0.046400620000000004,NCJBM,3,0.001888
0.124049706,ct,48565,45165,-0.0100002,394.4,P,0.55,0.124049706,NCJPP,3,0.00257
0.019358231,ct,48565,30065107,-0.01,160.4,P,0.6,0.019358231,NCCSP,3,0.005976
0.043235644999999996,ct,48565,30065107,0.0200005,160.4,P,1.0,0.043235644999999996,NCNLN,3,0.009712
0.000349653,ct,48565,30065107,-0.0699999,160.4,P,0.6,0.000349653,NCCMC,3,0.005991
0.000829041,ct,48565,30065107,-0.05,160.4,P,0.35,-0.000829041,NCCBW,3,0.003495
0.000678391,ct,48565,30065107,-0.04,160.4,P,1.0,-0.000678391,NCCAI,3,0.009985
0.014194724,ct,48565,30065107,-0.0500002,160.4,P,1.0,0.014194724,NCCBR,3,0.009975
0.012274755,ct,48565,30065107,-0.0799999,160.4,P,1.0,-0.012274755,NCCLC,3,0.009978
0.07456555899999999,ct,48565,30065107,0.0300002,160.4,P,0.2,0.07456555899999999,NCJPR,3,0.001728
0.126985252,ct,48565,30065107,0.0999999,160.4,P,0.35,0.126985252,NCNLH,3,0.001571
0.005264699,ct,48565,30065107,-0.0499997,160.4,P,1.0,0.005264699,NCJMG,3,0.009984
0.00048811,ct,48565,30065107,-0.0599999,160.4,P,1.0,-0.00048811,NCJSA,3,0.009985
0.057132534,ct,48565,30065107,0.0300007,160.4,P,0.75,0.057132534,NCNOL,3,0.007022
0.027093589999999997,ct,48565,30065107,-0.04,160.4,P,0.2,0.027093589999999997,NCJBM,3,0.001984
0.12633078,ct,48565,30065107,0.0599995,160.4,P,0.55,0.12633078,NCJPP,3,0.002511
0.00090322,ct,48565,242027,-0.0400002,91.0,P,0.75,0.00090322,NCCSP,3,0.007498
0.013240354,ct,48565,242027,-0.0799999,91.0,P,0.2,-0.013240354,NCCMC,3,0.001998
0.014441359,ct,48565,242027,-0.0699999,91.0,P,0.35,-0.014441359,NCCBW,3,0.003495
0.0031045950000000004,ct,48565,242027,-0.05,91.0,P,1.0,-0.0031045950000000004,NCCAI,3,0.009997
0.007576838000000001,ct,48565,242027,-0.0599999,91.0,P,0.75,0.007576838000000001,NCCLC,3,0.007497
0.020899456,ct,48565,242027,-0.0300002,91.0,P,0.2,0.020899456,NCJPR,3,0.001993
0.00804889,ct,48565,242027,-0.0499997,91.0,P,0.6,0.00804889,NCJMG,3,0.005997
0.010890673,ct,48565,242027,-0.0500002,91.0,P,1.0,0.010890673,NCJSA,3,0.009993
0.071244888,ct,48565,242027,0.0300007,91.0,P,0.5,0.071244888,NCNOL,3,0.004405
0.042709797,ct,48565,30034705,0.03,526.0,P,1.0,0.042709797,NCCSP,3,0.009221
0.036354328000000005,ct,48565,30034705,0.0500002,526.0,P,1.0,0.036354328000000005,NCNLN,3,0.009312
0.045405766,ct,48565,30034705,-0.0899999,526.0,P,0.35,0.045405766,NCCMC,3,0.003208
0.001533261,ct,48565,30034705,-0.0699999,526.0,P,0.6,0.001533261,NCCBW,3,0.005677
0.009782747000000001,ct,48565,30034705,-0.03,526.0,P,1.0,0.009782747000000001,NCCAI,3,0.009459
0.004579501,ct,48565,30034705,-0.1100001,526.0,P,1.0,0.004579501,NCCBR,3,0.009462
0.013587994,ct,48565,30034705,-0.1100001,526.0,P,1.0,0.013587994,NCCLC,3,0.009454
0.016430824,ct,48565,30034705,-0.0700002,526.0,P,0.35,-0.016430824,NCJPR,3,0.003307
0.014486986,ct,48565,30034705,-0.0699997,526.0,P,1.0,0.014486986,NCJMG,3,0.009452
0.007253882,ct,48565,30034705,-0.0900002,526.0,P,1.0,0.007253882,NCJSA,3,0.009461
0.048268578,ct,48565,30034705,0.0500002,526.0,P,0.35,0.048268578,NCNOL,3,0.003188
0.049894688,ct,48565,30034705,-0.0699997,526.0,P,0.35,0.049894688,NCJBM,3,0.003173
0.147554688,ct,48565,30034705,0.0299997,526.0,P,1.0,0.147554688,NCJPP,3,0.002407
0.0369995,ct,48565,38520,0.0500002,404.5,P,1.0,0.0369995,NCNLN,3,0.009591
0.0010006759999999998,ct,48565,38520,0.01,404.5,P,1.0,-0.0010006759999999998,NCCSP,3,0.009752
0.015606961,ct,48565,38520,-0.1199999,404.5,P,0.2,-0.015606961,NCCMC,3,0.001948
0.0028207239999999997,ct,48565,38520,-0.05,404.5,P,0.6,0.0028207239999999997,NCCBW,3,0.005851
0.000403438,ct,48565,38520,-0.02,404.5,P,1.0,0.000403438,NCCAI,3,0.009752
0.002393094,ct,48565,38520,-0.1000001,404.5,P,1.0,-0.002393094,NCCBR,3,0.009752
0.020160122000000003,ct,48565,38520,-0.0900002,404.5,P,1.0,0.020160122000000003,NCCLC,3,0.009726
0.07004189300000001,ct,48565,38520,0.0300002,404.5,P,0.35,0.07004189300000001,NCJPR,3,0.003027
0.092811012,ct,48565,38520,0.0900002,404.5,P,0.35,0.092811012,NCNLH,3,0.002583
0.012013939999999999,ct,48565,38520,-0.0599999,404.5,P,0.75,0.012013939999999999,NCJMG,3,0.00731
0.021383995,ct,48565,38520,-0.0900002,404.5,P,0.75,0.021383995,NCCPL,3,0.007291
0.004315365,ct,48565,38520,-0.0799999,404.5,P,1.0,0.004315365,NCJSA,3,0.009752
0.066452652,ct,48565,38520,0.0700006,404.5,P,0.5,0.066452652,NCNOL,3,0.00441
0.007830558,ct,48565,38520,-0.0999994,404.5,P,0.2,0.007830558,NCJBM,3,0.00195
0.021434803,ct,45165,38520,0.0100002,44.0,P,1.0,-0.021434803,NCNLN,3,0.009966
0.064460442,ct,45165,38520,-0.03,44.0,P,1.0,-0.064460442,NCCSP,3,0.009114
0.021067402000000002,ct,45165,38520,0.01,44.0,P,0.6,-0.021067402000000002,NCCMC,3,0.005981
0.030899998,ct,45165,38520,0.0,44.0,P,1.0,-0.030899998,NCCBW,3,0.009901
0.023004469,ct,45165,38520,0.01,44.0,P,1.0,-0.023004469,NCCAI,3,0.009958
0.009098029,ct,45165,38520,0.02,44.0,P,1.0,-0.009098029,NCCBR,3,0.009997
0.001762094,ct,45165,38520,0.0299997,44.0,P,1.0,0.001762094,NCCLC,3,0.01
0.011449559000000002,ct,45165,38520,0.0200005,44.0,P,0.75,-0.011449559000000002,NCJPR,3,0.007496
0.039784004000000005,ct,45165,38520,-0.0099998,44.0,P,0.2,-0.039784004000000005,NCNLH,3,0.001957
0.011575419,ct,45165,38520,0.02,44.0,P,0.6,-0.011575419,NCNTA,3,0.005997
0.002216801,ct,45165,38520,0.0300002,44.0,P,0.75,0.002216801,NCCPL,3,0.0075
0.00026321099999999996,ct,45165,38520,0.0300002,44.0,P,1.0,0.00026321099999999996,NCJSA,3,0.01
0.027581774,ct,45165,38520,0.0,44.0,P,0.6,-0.027581774,NCCMO,3,0.005957
0.097558617,ct,45165,38520,-0.0699997,44.0,P,0.2,-0.097558617,NCCDO,3,0.00143
0.00970713,ct,45165,38520,0.02,44.0,P,0.75,-0.00970713,NCJEG,3,0.007497
0.010968571,ct,45165,38520,0.04,44.0,P,0.35,0.010968571,NCJHP,3,0.003498
0.011510837999999999,ct,45165,38520,0.0200005,44.0,P,0.75,-0.011510837999999999,NCNOL,3,0.007496
0.037784733,ct,45165,38520,-0.0099993,44.0,P,0.55,-0.037784733,NCCMJ,3,0.005399
0.038570061,ct,45165,38520,-0.0100002,44.0,P,0.2,-0.038570061,NCJBM,3,0.001961
0.08850702699999999,ct,45165,38520,-0.0600004,44.0,P,0.1,-0.08850702699999999,NCJSC,3,0.00078
0.118351234,ct,45165,38520,-0.0900002,44.0,P,0.2,-0.118351234,NCJSG,3,0.001065
0.018018274,ct,45165,484120,0.0599999,207.4,P,1.0,-0.018018274,NCJSA,3,0.009946
0.039410930999999996,ct,45165,484120,0.0700002,207.4,P,0.75,-0.039410930999999996,NCCAI,3,0.007314
0.08332363100000001,ct,45165,484120,0.04,207.4,P,0.6,-0.08332363100000001,NCCSP,3,0.00486
0.0047691109999999995,ct,45165,484120,0.0599999,207.4,P,0.55,-0.0047691109999999995,NCCMC,3,0.005481
0.019458172000000003,ct,45165,484120,0.0700002,207.4,P,0.6,-0.019458172000000003,NCCBW,3,0.005965
0.028214621000000002,ct,45165,484120,0.04,207.4,P,0.75,-0.028214621000000002,NCCBR,3,0.007418
0.133060287,ct,45165,484120,-0.0700002,207.4,P,0.75,-0.133060287,NCCLC,3,0.002926
0.037110123,ct,45165,484120,0.1599998,207.4,P,0.55,0.037110123,NCNOL,3,0.005388
0.020749966,ct,45165,30034705,-0.01,267.5,P,1.0,-0.020749966,NCCSP,3,0.009901
0.039945324,ct,45165,30034705,0.04,267.5,P,0.75,0.039945324,NCCMC,3,0.007294
0.03218746199999999,ct,45165,30034705,-0.02,267.5,P,1.0,-0.03218746199999999,NCCBW,3,0.009817
0.013625159,ct,45165,30034705,0.0,267.5,P,1.0,-0.013625159,NCCAI,3,0.009924
0.002125434,ct,45165,30034705,0.01,267.5,P,1.0,-0.002125434,NCCBR,3,0.009934
0.004810033,ct,45165,30034705,0.0099998,267.5,P,1.0,-0.004810033,NCCLC,3,0.009933
0.097922279,ct,45165,30034705,-0.0799999,267.5,P,0.75,-0.097922279,NCJPR,3,0.005293
0.016856909000000003,ct,45165,30034705,0.0100002,267.5,P,1.0,-0.016856909000000003,NCNTA,3,0.009917
0.003201728,ct,45165,30034705,0.02,267.5,P,1.0,0.003201728,NCJSA,3,0.009934
0.006269232,ct,45165,30034705,0.0300002,267.5,P,0.6,0.006269232,NCCMO,3,0.00596
0.035479156000000005,ct,45165,30034705,0.0700002,267.5,P,0.35,0.035479156000000005,NCNSP,3,0.003423
0.002820949,ct,45165,30034705,0.02,267.5,P,1.0,0.002820949,NCJEG,3,0.009934
0.023681757,ct,45165,30034705,0.04,267.5,P,0.35,0.023681757,NCJHP,3,0.003461
0.014464184,ct,45165,30034705,0.0200005,267.5,P,0.15,-0.014464184,NCNBR,3,0.001489
0.022079973,ct,45165,30034705,0.0100002,267.5,P,1.0,-0.022079973,NCNLN,3,0.009897
0.02969491,ct,45165,30034705,0.0,267.5,P,0.6,-0.02969491,NCNOL,3,0.005907
0.028430313000000002,ct,45165,30034705,-0.0099993,267.5,P,0.75,-0.028430313000000002,NCCMJ,3,0.007392
0.085601074,ct,45165,30034705,-0.0499992,267.5,P,0.3,-0.085601074,NCNVE,3,0.002387
0.010510071999999999,ct,45165,30034705,0.0099993,267.5,P,0.3,-0.010510071999999999,NCCDV,3,0.002979
0.003494068,ct,45165,30034705,0.0199995,267.5,P,0.35,0.003494068,NCJBM,3,0.003477
0.106580292,ct,45165,30034705,-0.0900002,267.5,P,0.55,-0.106580292,NCJSC,3,0.003494
0.023504978000000003,ct,45165,30034705,0.04,267.5,P,0.55,0.023504978000000003,NCJPP,3,0.005439
0.06250913599999999,ct,45165,30034705,-0.04,267.5,P,0.15,-0.06250913599999999,NCCST,3,0.001369
0.032013984999999995,ct,45165,30034705,0.0,267.5,P,0.75,-0.032013984999999995,NCNTB,3,0.007367
0.053440472,ct,45165,30034705,0.0699997,267.5,P,0.6,0.053440472,NCJSM,3,0.005655
0.097742271,ct,45165,30034705,-0.0500002,267.5,P,0.3,-0.097742271,NCNSH,3,0.002131
0.045366261000000005,ct,45165,402094,0.05,324.8,P,0.75,-0.045366261000000005,NCCSP,3,0.007167
0.025082794,ct,45165,402094,0.03,324.8,P,1.0,0.025082794,NCCMC,3,0.009818
0.038235722,ct,45165,402094,0.01,324.8,P,1.0,-0.038235722,NCCBW,3,0.009687
0.020068375,ct,45165,402094,0.05,324.8,P,1.0,-0.020068375,NCCAI,3,0.009843
0.004110295,ct,45165,402094,0.01,324.8,P,0.6,-0.004110295,NCCBR,3,0.005923
0.005089824,ct,45165,402094,0.0099998,324.8,P,0.75,0.005089824,NCCLC,3,0.007403
0.046070869,ct,45165,402094,0.0100002,324.8,P,1.0,-0.046070869,NCJPR,3,0.009538
0.037740684999999996,ct,45165,402094,0.1300001,324.8,P,0.2,0.037740684999999996,NCNLH,3,0.001938
0.086993149,ct,45165,402094,-0.0500002,324.8,P,0.2,-0.086993149,NCCRP,3,0.001566
0.01540667,ct,45165,402094,0.0700002,324.8,P,0.75,-0.01540667,NCNTA,3,0.007394
0.012550682,ct,45165,402094,0.0100002,324.8,P,1.0,-0.012550682,NCJSA,3,0.009865
0.032853531,ct,45165,402094,-0.0300002,324.8,P,0.2,-0.032853531,NCCCY,3,0.001951
0.002685874,ct,45165,402094,0.1100001,324.8,P,0.2,0.002685874,NCNSP,3,0.001974
0.160235931,ct,45165,402094,-0.0599995,324.8,P,0.2,-0.160235931,NCNGV,3,0.000295
0.022823553,ct,45165,402094,0.0,324.8,P,0.55,-0.022823553,NCJEG,3,0.005407
0.031808716,ct,45165,402094,0.0699997,324.8,P,0.75,-0.031808716,NCNLN,3,0.007321
0.033426647000000004,ct,45165,402094,0.0600004,324.8,P,0.6,-0.033426647000000004,NCNOL,3,0.005846
0.09090772200000001,ct,45165,402094,0.0100002,324.8,P,0.5,-0.09090772200000001,NCNTB,3,0.003764
0.047442089,ct,45165,242668,0.0,151.6,P,1.0,-0.047442089,NCCSP,3,0.009617
0.015201476,ct,45165,242668,0.02,151.6,P,0.75,0.015201476,NCCMC,3,0.007482
0.023011028,ct,45165,242668,0.0,151.6,P,0.75,-0.023011028,NCCBW,3,0.007459
0.007500036,ct,45165,242668,0.03,151.6,P,1.0,-0.007500036,NCCAI,3,0.009985
0.002368027,ct,45165,242668,0.01,151.6,P,1.0,0.002368027,NCCBR,3,0.009987
0.00890086,ct,45165,242668,0.0400004,151.6,P,0.6,0.00890086,NCJPR,3,0.005991
0.013983523999999999,ct,45165,242668,-0.0100002,151.6,P,1.0,-0.013983523999999999,NCCLC,3,0.009978
0.05383416,ct,45165,242668,-0.0099998,151.6,P,0.35,-0.05383416,NCNLH,3,0.003313
0.004272945,ct,45165,242668,0.04,151.6,P,0.75,-0.004272945,NCNTA,3,0.00749
0.015133505,ct,45165,242668,0.0300002,151.6,P,1.0,0.015133505,NCJSA,3,0.009976
0.0038901,ct,45165,242668,0.0,151.6,P,0.6,-0.0038901,NCCPL,3,0.005992
0.02598665,ct,45165,242668,0.0299997,151.6,P,0.2,0.02598665,NCCCY,3,0.001985
0.11741679399999999,ct,45165,242668,-0.1099997,151.6,P,0.2,-0.11741679399999999,NCCDO,3,0.001086
0.052552235,ct,45165,242668,0.0,151.6,P,0.35,-0.052552235,NCNSP,3,0.003324
0.004993134999999999,ct,45165,242668,0.0100002,151.6,P,0.75,-0.004993134999999999,NCJEG,3,0.00749
0.058868904,ct,45165,242668,-0.0500002,151.6,P,0.75,-0.058868904,NCJHP,3,0.006975
0.021008297,ct,45165,242668,0.0299997,151.6,P,1.0,-0.021008297,NCNLN,3,0.009954
0.017660883,ct,45165,242668,0.0300007,151.6,P,1.0,-0.017660883,NCNOL,3,0.009967
0.013676145999999998,ct,45165,242668,-0.0099993,151.6,P,0.6,-0.013676145999999998,NCCMJ,3,0.005987
0.064472862,ct,45165,242668,0.0699997,151.6,P,0.2,0.064472862,NCCVA,3,0.001818
0.126829895,ct,45165,242668,-0.1199999,151.6,P,0.1,-0.126829895,NCJPP,3,0.00045
0.11211116800000001,ct,45165,242668,-0.0599995,151.6,P,0.6,-0.11211116800000001,NCNCF,3,0.00353
0.060665149999999994,ct,45165,242668,-0.0100002,151.6,P,0.75,-0.060665149999999994,NCNTB,3,0.006926
0.044101532,ct,45165,30065107,-0.05,252.7,P,0.6,-0.044101532,NCCSP,3,0.00579
0.005110788000000001,ct,45165,30065107,0.0599999,252.7,P,1.0,-0.005110788000000001,NCCMC,3,0.009939
0.034549763,ct,45165,30065107,0.0,252.7,P,0.75,-0.034549763,NCCBW,3,0.007353
0.024086298,ct,45165,30065107,-0.01,252.7,P,1.0,-0.024086298,NCCAI,3,0.00989
0.007489789,ct,45165,30065107,0.0699999,252.7,P,1.0,0.007489789,NCCBR,3,0.009938
0.030672781,ct,45165,30065107,0.04,252.7,P,1.0,-0.030672781,NCCLC,3,0.009843
0.006925894,ct,45165,30065107,0.0200005,252.7,P,0.6,-0.006925894,NCJPR,3,0.005963
0.005609763,ct,45165,30065107,0.0,252.7,P,0.2,-0.005609763,NCNLH,3,0.001988
0.068674011,ct,45165,30065107,-0.02,252.7,P,0.35,-0.068674011,NCCRP,3,0.003119
0.0062059540000000005,ct,45165,30065107,0.0,252.7,P,1.0,-0.0062059540000000005,NCNTA,3,0.009939
0.004540264,ct,45165,30065107,0.0500002,252.7,P,1.0,-0.004540264,NCJSA,3,0.009939
0.0020018989999999997,ct,45165,30065107,0.0699997,252.7,P,0.35,-0.0020018989999999997,NCCCY,3,0.003479
0.057714005,ct,45165,30065107,0.0500002,252.7,P,0.2,0.057714005,NCNSP,3,0.001856
0.12932922400000002,ct,45165,30065107,-0.1300001,252.7,P,0.15,-0.12932922400000002,NCNGV,3,0.00065
0.045556004000000004,ct,45165,30065107,0.0999999,252.7,P,0.6,0.045556004000000004,NCJEG,3,0.005775
0.004385962,ct,45165,30065107,0.0600004,252.7,P,0.5,-0.004385962,NCJHP,3,0.00497
0.015198657,ct,45165,30065107,-0.0199995,252.7,P,1.0,-0.015198657,NCNLN,3,0.009928
0.020830954,ct,45165,30065107,-0.0199995,252.7,P,1.0,-0.020830954,NCNOL,3,0.00991
0.069121223,ct,45165,30065107,0.0,252.7,P,0.2,-0.069121223,NCJSF,3,0.001771
0.103597618,ct,45165,30065107,-0.04,252.7,P,0.1,-0.103597618,NCJBG,3,0.00066
0.029320835,ct,45165,30065107,0.04,252.7,P,0.3,-0.029320835,NCCDV,3,0.002957
0.01930703,ct,45165,30065107,0.0499992,252.7,P,0.2,-0.01930703,NCJBM,3,0.001983
0.07982750699999999,ct,45165,30065107,-0.0100002,252.7,P,0.3,-0.07982750699999999,NCJSC,3,0.002491
0.021092234,ct,45165,30065107,0.0500002,252.7,P,0.15,-0.021092234,NCJSG,3,0.001486
0.002281075,ct,45165,30065107,0.0699997,252.7,P,0.1,0.002281075,NCJPP,3,0.000994
0.013329981,ct,45165,30065107,-0.0199995,252.7,P,0.15,-0.013329981,NCNCF,3,0.00149
0.025841694000000002,ct,45165,30065107,-0.0300007,252.7,P,0.5,-0.025841694000000002,NCNTB,3,0.004942
0.081322029,ct,45165,30065107,0.1499996,252.7,P,0.2,0.081322029,NCJSM,3,0.001645
0.14300531,ct,45165,30065107,-0.0700006,252.7,P,0.15,-0.14300531,NCJST,3,0.000448
0.052736523,ct,45165,30065107,0.0200005,252.7,P,0.3,-0.052736523,NCJAL,3,0.002839
0.057454014,ct,45165,30107759,-0.1400001,644.5,P,0.75,-0.057454014,NCCSP,3,0.006334
0.009043112,ct,45165,30107759,0.0899999,644.5,P,1.0,-0.009043112,NCCMC,3,0.009013
0.026965872000000002,ct,45165,30107759,-0.0599999,644.5,P,1.0,-0.026965872000000002,NCCAI,3,0.008954
0.019117455,ct,45165,30107759,0.1000001,644.5,P,1.0,0.019117455,NCCBR,3,0.008994
0.030137084999999997,ct,45165,30107759,0.0699997,644.5,P,1.0,-0.030137084999999997,NCCLC,3,0.008933
0.0054716240000000005,ct,45165,30107759,-0.0099998,644.5,P,0.75,-0.0054716240000000005,NCJPR,3,0.006762
0.036078789,ct,45165,30107759,-0.1100001,644.5,P,0.35,-0.036078789,NCNLH,3,0.003109
0.028646904,ct,45165,30107759,-0.0899997,644.5,P,1.0,-0.028646904,NCNTA,3,0.008945
0.01382306,ct,45165,30107759,0.0500002,644.5,P,1.0,-0.01382306,NCJSA,3,0.009007
0.014258062,ct,45165,30107759,0.0899997,644.5,P,0.35,-0.014258062,NCCCY,3,0.003152
0.054560658,ct,45165,30107759,0.0100002,644.5,P,1.0,-0.054560658,NCCMO,3,0.008537
0.052302994,ct,45165,30107759,0.0300007,644.5,P,0.15,-0.052302994,NCCDO,3,0.001289
0.023341553,ct,45165,30107759,-0.0799999,644.5,P,0.15,0.023341553,NCNSP,3,0.001346
0.002496414,ct,45165,30107759,0.0900002,644.5,P,0.75,0.002496414,NCJHP,3,0.006762
0.037178391,ct,45165,30107759,-0.1300001,644.5,P,1.0,-0.037178391,NCNLN,3,0.008865
0.042483963,ct,45165,30107759,0.0600004,644.5,P,0.75,-0.042483963,NCCMJ,3,0.006588
0.023441246,ct,45165,30107759,-0.0999994,644.5,P,0.75,-0.023441246,NCNOL,3,0.006734
0.008291006,ct,45165,30107759,0.0900002,644.5,P,0.35,-0.008291006,NCJSF,3,0.003155
0.034422511999999995,ct,45165,30107759,0.1199999,644.5,P,0.15,0.034422511999999995,NCJBG,3,0.001334
0.05247271,ct,45165,30107759,0.04,644.5,P,0.15,-0.05247271,NCCDV,3,0.001288
0.018639744,ct,45165,30107759,0.0799999,644.5,P,0.2,-0.018639744,NCJBM,3,0.001799
0.040250935,ct,45165,30107759,0.1399994,644.5,P,0.15,0.040250935,NCJSC,3,0.001323
0.02704854,ct,45165,30107759,-0.1300001,644.5,P,0.1,-0.02704854,NCNTY,3,0.000896
0.032348300999999996,ct,45165,30107759,0.0699997,644.5,P,0.2,-0.032348300999999996,NCJSG,3,0.001782
0.005097436,ct,45165,30107759,0.0900002,644.5,P,0.3,-0.005097436,NCJPP,3,0.002705
0.00882594,ct,45165,30107759,-0.0900002,644.5,P,0.15,0.00882594,NCNCF,3,0.001352
0.090847969,ct,45165,30107759,0.1699991,644.5,P,0.15,0.090847969,NCCST,3,0.00103
0.13680191,ct,45165,30107759,-0.0500002,644.5,P,0.1,-0.13680191,NCJPS,3,0.000318
0.011918926000000002,ct,44289,484120,-0.04,502.8,P,1.0,-0.011918926000000002,NCJSA,3,0.009521
0.008494919,ct,44289,484120,0.0400002,502.8,P,0.75,-0.008494919,NCCAI,3,0.007144
0.064094154,ct,44289,484120,0.02,502.8,P,0.35,-0.064094154,NCCSP,3,0.003039
0.001763312,ct,44289,484120,-0.0599999,502.8,P,0.55,-0.001763312,NCCMC,3,0.00524
0.015593571,ct,44289,484120,0.0200002,502.8,P,0.6,0.015593571,NCCBW,3,0.005709
0.021445936,ct,44289,484120,-0.0700002,502.8,P,0.75,-0.021445936,NCCBR,3,0.00712
0.11791990699999999,ct,44289,484120,-0.1799998,502.8,P,0.75,-0.11791990699999999,NCCLC,3,0.003823
0.012780927000000001,ct,44289,484120,0.0,502.8,P,0.55,0.012780927000000001,NCJMG,3,0.005236
0.048884014,ct,44289,484120,0.1299992,502.8,P,0.15,0.048884014,NCNOL,3,0.001374
0.026136787,ct,44289,402094,0.03,619.7,P,0.5,-0.026136787,NCCSP,3,0.004534
0.028088594,ct,44289,402094,-0.0899999,619.7,P,1.0,0.028088594,NCCMC,3,0.009055
0.003183979,ct,44289,402094,-0.04,619.7,P,1.0,-0.003183979,NCCBW,3,0.009125
0.010847634,ct,44289,402094,0.02,619.7,P,1.0,0.010847634,NCCAI,3,0.009122
0.002658389,ct,44289,402094,-0.1000001,619.7,P,0.6,0.002658389,NCCBR,3,0.005475
0.020230204,ct,44289,402094,-0.0999999,619.7,P,0.75,0.020230204,NCCLC,3,0.006825
0.111838295,ct,44289,402094,-0.1300001,619.7,P,0.55,-0.111838295,NCJPR,3,0.002968
0.09401821099999999,ct,44289,402094,0.1399999,619.7,P,0.15,0.09401821099999999,NCNLH,3,0.001022
0.029663345,ct,44289,402094,-0.0900002,619.7,P,0.15,-0.029663345,NCCRP,3,0.001356
0.013110187,ct,44289,402094,0.0500002,619.7,P,0.3,0.013110187,NCNTA,3,0.002736
0.004710663,ct,44289,402094,-0.0699997,619.7,P,0.6,-0.004710663,NCJMG,3,0.005475
0.006451334,ct,44289,402094,-0.0899997,619.7,P,1.0,-0.006451334,NCJSA,3,0.009125
0.003335732,ct,44289,402094,-0.1199999,619.7,P,0.15,0.003335732,NCCCY,3,0.001369
0.063619995,ct,44289,402094,0.1399999,619.7,P,0.15,0.063619995,NCNSP,3,0.001255
0.058496257999999995,ct,44289,402094,0.1200008,619.7,P,0.15,0.058496257999999995,NCNGV,3,0.00128
0.006911089,ct,44289,402094,-0.0900002,619.7,P,0.15,-0.006911089,NCJEG,3,0.001369
0.017001995000000002,ct,44289,402094,0.0499992,619.7,P,0.75,-0.017001995000000002,NCNLN,3,0.006831
0.021652756,ct,44289,402094,0.0299997,619.7,P,0.2,-0.021652756,NCNOL,3,0.001818
0.015345401000000002,ct,44289,402094,0.0500002,619.7,P,0.75,-0.015345401000000002,NCNTB,3,0.006835
0.00597525,ct,44289,86036,-0.04,62.1,P,1.0,0.00597525,NCCBW,3,0.009998
0.013589935000000001,ct,44289,86036,-0.0500002,62.1,P,1.0,-0.013589935000000001,NCNLN,3,0.009991
0.032388477,ct,44289,86036,-0.0699999,62.1,P,0.75,-0.032388477,NCCSP,3,0.007412
0.015236679000000001,ct,44289,86036,-0.0699999,62.1,P,0.75,-0.015236679000000001,NCCMC,3,0.00749
0.01250776,ct,44289,86036,-0.03,62.1,P,1.0,0.01250776,NCCAI,3,0.009993
0.005489628,ct,44289,86036,-0.0599999,62.1,P,1.0,-0.005489628,NCCLC,3,0.009999
0.034863925999999996,ct,44289,86036,-0.0799999,62.1,P,0.1,-0.034863925999999996,NCJPR,3,0.000985
0.08723475600000001,ct,44289,86036,-0.1300001,62.1,P,0.6,-0.08723475600000001,NCCDU,3,0.004753
0.0077366729999999995,ct,44289,86036,-0.0300002,62.1,P,0.15,0.0077366729999999995,NCNLH,3,0.0015
0.019585808,ct,44289,86036,-0.02,62.1,P,0.15,0.019585808,NCNTA,3,0.001496
0.02973637,ct,44289,86036,-0.02,62.1,P,1.0,0.02973637,NCJMG,3,0.009911
0.005447258,ct,44289,86036,-0.0599999,62.1,P,0.35,-0.005447258,NCCPL,3,0.0035
0.011486841,ct,44289,86036,-0.04,62.1,P,1.0,0.011486841,NCJSA,3,0.009994
0.015032747,ct,44289,86036,-0.04,62.1,P,0.15,0.015032747,NCCCY,3,0.001498
0.010869868999999999,ct,44289,86036,-0.04,62.1,P,0.15,0.010869868999999999,NCCMO,3,0.001499
0.115226669,ct,44289,86036,0.0799999,62.1,P,0.1,0.115226669,NCNSP,3,0.000559
0.011446675000000002,ct,44289,86036,-0.04,62.1,P,0.2,0.011446675000000002,NCJEG,3,0.001999
0.113622292,ct,44289,86036,0.0599995,62.1,P,0.15,0.113622292,NCJHP,3,0.000868
0.11528418,ct,44289,86036,-0.1700001,62.1,P,0.3,-0.11528418,NCCMJ,3,0.001685
0.028064747,ct,44289,86036,-0.0100002,62.1,P,0.2,0.028064747,NCNOL,3,0.001985
0.123555191,ct,44289,86036,0.0700006,62.1,P,0.2,0.123555191,NCJPS,3,0.000969
0.019229471,ct,44289,45165,-0.02,295.5,P,0.75,0.019229471,NCCSP,3,0.007409
0.003005799,ct,44289,45165,-0.1199999,295.5,P,1.0,0.003005799,NCCMC,3,0.009902
0.035051743,ct,44289,45165,-0.05,295.5,P,1.0,0.035051743,NCCBW,3,0.009762
0.030916012,ct,44289,45165,-0.03,295.5,P,1.0,0.030916012,NCCAI,3,0.009801
0.0067686840000000005,ct,44289,45165,-0.1100001,295.5,P,1.0,0.0067686840000000005,NCCBR,3,0.009901
0.01514038,ct,44289,45165,-0.1099997,295.5,P,1.0,0.01514038,NCCLC,3,0.009891
0.065767433,ct,44289,45165,-0.1400003,295.5,P,0.55,-0.065767433,NCJPR,3,0.004934
0.056277523,ct,44289,45165,0.0099998,295.5,P,0.15,0.056277523,NCNLH,3,0.0014
0.057329807,ct,44289,45165,-0.04,295.5,P,0.15,0.057329807,NCCRP,3,0.001395
0.028516857000000003,ct,44289,45165,-0.02,295.5,P,0.55,0.028516857000000003,NCNTA,3,0.005404
0.005628119,ct,44289,45165,-0.1200004,295.5,P,0.6,0.005628119,NCCPL,3,0.005941
0.006099348,ct,44289,45165,-0.0999999,295.5,P,1.0,0.006099348,NCJSA,3,0.009901
0.036189266000000005,ct,44289,45165,-0.0899997,295.5,P,0.15,0.036189266000000005,NCCCY,3,0.001462
0.030236797,ct,44289,45165,-0.0800004,295.5,P,0.55,0.030236797,NCCMO,3,0.005398
0.060934124,ct,44289,45165,0.0299997,295.5,P,0.15,0.060934124,NCNSP,3,0.001376
0.015912464,ct,44289,45165,-0.0900002,295.5,P,0.6,0.015912464,NCJEG,3,0.005933
0.087497314,ct,44289,45165,-0.0300007,295.5,P,0.3,0.087497314,NCJHP,3,0.00234
0.09093351,ct,44289,45165,0.0599995,295.5,P,0.1,0.09093351,NCNBR,3,0.00076
0.01480672,ct,44289,45165,-0.0200005,295.5,P,1.0,0.01480672,NCNLN,3,0.009892
0.0038098200000000002,ct,44289,45165,-0.1300001,295.5,P,0.55,-0.0038098200000000002,NCCMJ,3,0.005446
0.01177389,ct,44289,45165,-0.0300007,295.5,P,0.6,0.01177389,NCNOL,3,0.005938
0.162375427,ct,44289,45165,0.1300001,295.5,P,0.35,0.162375427,NCNCF,3,0.000473
0.07556231699999999,ct,44289,45165,0.04,295.5,P,0.75,0.07556231699999999,NCNTB,3,0.006396
0.007628497999999999,ct,44289,45165,-0.1300001,295.5,P,0.2,-0.007628497999999999,NCJSM,3,0.00198
0.038224541,ct,44289,30107759,-0.1600001,350.6,P,0.5,-0.038224541,NCCSP,3,0.004826
0.006037313,ct,44289,30107759,-0.03,350.6,P,1.0,-0.006037313,NCCMC,3,0.009837
0.00395014,ct,44289,30107759,-0.0899999,350.6,P,1.0,0.00395014,NCCAI,3,0.009837
0.025886137,ct,44289,30107759,-0.01,350.6,P,1.0,0.025886137,NCCBR,3,0.00978
0.014996706,ct,44289,30107759,-0.04,350.6,P,1.0,-0.014996706,NCCLC,3,0.009826
0.071239052,ct,44289,30107759,-0.1500001,350.6,P,0.3,-0.071239052,NCJPR,3,0.0026
0.041885109,ct,44289,30107759,-0.0500002,350.6,P,0.6,0.041885109,NCCDU,3,0.005754
0.020198736000000002,ct,44289,30107759,-0.1000004,350.6,P,0.3,0.020198736000000002,NCNLH,3,0.002943
0.000130045,ct,44289,30107759,-0.1099997,350.6,P,0.55,-0.000130045,NCNTA,3,0.005411
0.012302512,ct,44289,30107759,-0.04,350.6,P,1.0,0.012302512,NCJMG,3,0.009831
0.007723713,ct,44289,30107759,-0.0499997,350.6,P,1.0,-0.007723713,NCJSA,3,0.009836
0.021931202,ct,44289,30107759,0.0,350.6,P,0.3,0.021931202,NCCCY,3,0.002941
0.024323858,ct,44289,30107759,-0.0700002,350.6,P,0.55,-0.024323858,NCCMO,3,0.005384
0.084275681,ct,44289,30107759,-0.0500002,350.6,P,0.1,0.084275681,NCNSP,3,0.000794
0.08999372900000001,ct,44289,30107759,0.0599995,350.6,P,0.55,0.08999372900000001,NCJHP,3,0.004177
0.046293785,ct,44289,30107759,-0.0699997,350.6,P,0.3,-0.046293785,NCCMJ,3,0.002851
0.022371670000000003,ct,44289,30107759,-0.1500006,350.6,P,1.0,-0.022371670000000003,NCNLN,3,0.0098
0.011667354,ct,44289,30107759,-0.1300001,350.6,P,0.35,-0.011667354,NCNOL,3,0.003441
0.0015204930000000001,ct,44289,30034705,-0.03,444.9,P,0.75,-0.0015204930000000001,NCCSP,3,0.007255
0.042951122,ct,44289,30034705,-0.0799999,444.9,P,0.75,0.042951122,NCCMC,3,0.007064
0.002864282,ct,44289,30034705,-0.0699999,444.9,P,1.0,0.002864282,NCCBW,3,0.009673
0.017290852000000002,ct,44289,30034705,-0.03,444.9,P,1.0,0.017290852000000002,NCCAI,3,0.009657
0.00464325,ct,44289,30034705,-0.1000001,444.9,P,1.0,0.00464325,NCCBR,3,0.009673
0.010330346,ct,44289,30034705,-0.0999999,444.9,P,1.0,0.010330346,NCCLC,3,0.00967
0.16368971300000001,ct,44289,30034705,-0.2200003,444.9,P,0.3,-0.16368971300000001,NCJPR,3,0.00036
0.011659947,ct,44289,30034705,-0.0099998,444.9,P,0.55,0.011659947,NCNTA,3,0.005318
0.02946368,ct,44289,30034705,-0.0499997,444.9,P,1.0,0.02946368,NCJMG,3,0.009589
0.009301076,ct,44289,30034705,-0.0799999,444.9,P,1.0,0.009301076,NCJSA,3,0.009671
0.036506027,ct,44289,30034705,-0.0500002,444.9,P,0.15,0.036506027,NCCMO,3,0.001428
0.096413284,ct,44289,30034705,0.0999999,444.9,P,0.3,0.096413284,NCNSP,3,0.002109
0.018733414,ct,44289,30034705,-0.0700002,444.9,P,0.6,0.018733414,NCJEG,3,0.005791
0.11117906999999999,ct,44289,30034705,0.0099993,444.9,P,0.15,0.11117906999999999,NCJHP,3,0.000871
0.076469322,ct,44289,30034705,0.0799999,444.9,P,0.15,0.076469322,NCNBR,3,0.001243
0.007273253,ct,44289,30034705,-0.0100002,444.9,P,1.0,-0.007273253,NCNLN,3,0.009672
0.032240135,ct,44289,30034705,-0.1399994,444.9,P,0.3,-0.032240135,NCCMJ,3,0.002868
0.017921019,ct,44289,30034705,-0.0300007,444.9,P,0.2,-0.017921019,NCNOL,3,0.001931
0.043548340000000005,ct,44289,30034705,0.04,444.9,P,1.0,0.043548340000000005,NCNTB,3,0.009407
0.04581197,ct,44289,30034705,-0.0600004,444.9,P,0.6,0.04581197,NCJSM,3,0.005617
0.024872060999999997,ct,44289,30065107,-0.0699999,80.6,P,0.35,-0.024872060999999997,NCCSP,3,0.003481
0.0021049899999999997,ct,44289,30065107,-0.0599999,80.6,P,1.0,-0.0021049899999999997,NCCMC,3,0.009998
0.0005019789999999999,ct,44289,30065107,-0.05,80.6,P,0.75,0.0005019789999999999,NCCBW,3,0.007499
0.006829713,ct,44289,30065107,-0.04,80.6,P,1.0,0.006829713,NCCAI,3,0.009997
0.014258473,ct,44289,30065107,-0.0400002,80.6,P,1.0,0.014258473,NCCBR,3,0.009988
0.015532401,ct,44289,30065107,-0.0699997,80.6,P,1.0,-0.015532401,NCCLC,3,0.009985
0.072693329,ct,44289,30065107,-0.1199999,80.6,P,0.15,-0.072693329,NCJPR,3,0.00131
0.050667763,ct,44289,30065107,0.0099998,80.6,P,0.15,0.050667763,NCNLH,3,0.001433
0.011344202,ct,44289,30065107,-0.0599999,80.6,P,0.3,-0.011344202,NCCRP,3,0.002998
0.022310904,ct,44289,30065107,-0.02,80.6,P,0.55,0.022310904,NCNTA,3,0.005478
0.020241392,ct,44289,30065107,-0.0299997,80.6,P,1.0,0.020241392,NCJMG,3,0.009971
0.0015590839999999999,ct,44289,30065107,-0.0499997,80.6,P,1.0,0.0015590839999999999,NCJSA,3,0.009998
0.034187366,ct,44289,30065107,-0.02,80.6,P,0.3,0.034187366,NCCCY,3,0.002959
0.118648125,ct,44289,30065107,0.0799999,80.6,P,0.15,0.118648125,NCNSP,3,0.000793
0.061468471999999996,ct,44289,30065107,0.0099998,80.6,P,0.2,0.061468471999999996,NCJEG,3,0.001846
0.089402969,ct,44289,30065107,0.0500002,80.6,P,0.1,0.089402969,NCNGV,3,0.000773
0.083111351,ct,44289,30065107,0.0299997,80.6,P,0.3,0.083111351,NCJHP,3,0.002451
0.000391938,ct,44289,30065107,-0.04,80.6,P,1.0,-0.000391938,NCNLN,3,0.009998
0.009057064,ct,44289,30065107,-0.0500002,80.6,P,0.6,-0.009057064,NCNOL,3,0.005997
0.149045441,ct,44289,30065107,0.1100006,80.6,P,0.3,0.149045441,NCNCF,3,0.00072
0.049720630999999994,ct,44289,30065107,0.0099993,80.6,P,0.75,0.049720630999999994,NCNTB,3,0.007187
0.07369352700000001,ct,44289,30065107,0.0199995,80.6,P,0.2,0.07369352700000001,NCJSM,3,0.00174
0.028212618,ct,44289,242668,-0.02,446.9,P,0.75,-0.028212618,NCCSP,3,0.007191
0.018207275,ct,44289,242668,-0.0999999,446.9,P,0.75,0.018207275,NCCMC,3,0.007235
0.012040711999999999,ct,44289,242668,-0.05,446.9,P,0.75,0.012040711999999999,NCCBW,3,0.007245
0.023415976,ct,44289,242668,0.0,446.9,P,1.0,0.023415976,NCCAI,3,0.009625
0.009136711,ct,44289,242668,-0.1000001,446.9,P,1.0,0.009136711,NCCBR,3,0.009663
0.056866570000000005,ct,44289,242668,-0.0999999,446.9,P,0.15,-0.056866570000000005,NCJPR,3,0.001359
0.001156855,ct,44289,242668,-0.1199999,446.9,P,1.0,0.001156855,NCCLC,3,0.009666
0.068443939,ct,44289,242668,-0.1100001,446.9,P,0.6,-0.068443939,NCCDU,3,0.005171
0.002443364,ct,44289,242668,0.0,446.9,P,0.3,0.002443364,NCNLH,3,0.0029
0.024243912000000003,ct,44289,242668,0.02,446.9,P,0.3,0.024243912000000003,NCNTA,3,0.002886
0.021232853,ct,44289,242668,-0.0699997,446.9,P,1.0,0.021232853,NCJSA,3,0.009635
0.001738019,ct,44289,242668,-0.1200004,446.9,P,0.2,0.001738019,NCCPL,3,0.001933
0.062175915000000005,ct,44289,242668,-0.0599999,446.9,P,0.15,0.062175915000000005,NCCCY,3,0.001335
0.008381886,ct,44289,242668,0.0299997,446.9,P,0.3,0.008381886,NCNSP,3,0.002899
0.020740462999999997,ct,44289,242668,0.0300007,446.9,P,0.15,0.020740462999999997,NCNGV,3,0.001446
0.01091933,ct,44289,242668,-0.0799999,446.9,P,0.35,0.01091933,NCJEG,3,0.003382
0.028628408,ct,44289,242668,-0.0800009,446.9,P,0.55,0.028628408,NCJHP,3,0.005274
0.006201579,ct,44289,242668,0.0099993,446.9,P,1.0,-0.006201579,NCNLN,3,0.009665
0.005886992000000001,ct,44289,242668,0.0,446.9,P,0.6,-0.005886992000000001,NCNOL,3,0.005799
0.017485966000000002,ct,44289,242668,-0.1399994,446.9,P,0.15,-0.017485966000000002,NCCMJ,3,0.001447
0.050264256,ct,44289,242668,0.0700006,446.9,P,0.75,0.050264256,NCNCF,3,0.00695
0.014897174,ct,44289,242668,0.0299997,446.9,P,1.0,0.014897174,NCNTB,3,0.009656
0.00064517,ct,38520,30034705,0.0,308.2,P,1.0,-0.00064517,NCNLN,3,0.009899
0.043710472,ct,38520,30034705,0.02,308.2,P,1.0,0.043710472,NCCSP,3,0.009629
0.061012726,ct,38520,30034705,0.03,308.2,P,0.35,0.061012726,NCCMC,3,0.003209
0.001287463,ct,38520,30034705,-0.02,308.2,P,1.0,-0.001287463,NCCBW,3,0.009899
0.00937931,ct,38520,30034705,-0.01,308.2,P,1.0,0.00937931,NCCAI,3,0.009897
0.006972595,ct,38520,30034705,-0.01,308.2,P,1.0,0.006972595,NCCBR,3,0.009898
0.006572128,ct,38520,30034705,-0.02,308.2,P,1.0,-0.006572128,NCCLC,3,0.009898
0.086472717,ct,38520,30034705,-0.1000004,308.2,P,0.5,-0.086472717,NCJPR,3,0.003931
0.00528149,ct,38520,30034705,-0.0099998,308.2,P,0.6,-0.00528149,NCNTA,3,0.005939
0.002473046,ct,38520,30034705,-0.0099998,308.2,P,0.75,0.002473046,NCJMG,3,0.007424
0.002938517,ct,38520,30034705,-0.0100002,308.2,P,1.0,0.002938517,NCJSA,3,0.009899
0.033851005999999996,ct,38520,30034705,0.0300002,308.2,P,0.2,0.033851005999999996,NCCMO,3,0.001954
0.012528079999999999,ct,38520,30034705,0.0,308.2,P,0.75,0.012528079999999999,NCJEG,3,0.007419
0.012713184,ct,38520,30034705,0.0,308.2,P,0.2,0.012713184,NCJHP,3,0.001978
0.018184071,ct,38520,30034705,-0.0200005,308.2,P,0.35,-0.018184071,NCNOL,3,0.003458
0.009354422,ct,38520,30034705,0.0,308.2,P,0.3,0.009354422,NCCMJ,3,0.002969
0.042064129,ct,38520,30034705,0.0299997,308.2,P,0.35,0.042064129,NCJBM,3,0.003377
0.018073267,ct,38520,30034705,-0.0299997,308.2,P,0.55,-0.018073267,NCJSC,3,0.005434
0.01886319,ct,38520,484120,0.0699999,204.9,P,0.6,-0.01886319,NCCSP,3,0.005966
0.016406462,ct,38520,484120,0.0600002,204.9,P,0.75,-0.016406462,NCCAI,3,0.007464
0.018281487,ct,38520,484120,0.0299997,204.9,P,1.0,-0.018281487,NCJSA,3,0.009947
0.016298292,ct,38520,484120,0.05,204.9,P,0.15,0.016298292,NCCMC,3,0.001493
0.011441826,ct,38520,484120,0.0700002,204.9,P,0.6,0.011441826,NCCBW,3,0.005978
0.019116592,ct,38520,484120,0.02,204.9,P,0.75,-0.019116592,NCCBR,3,0.007458
0.134822388,ct,38520,484120,-0.0999999,204.9,P,0.75,-0.134822388,NCCLC,3,0.002796
0.014209707,ct,38520,484120,0.04,204.9,P,0.3,-0.014209707,NCJMG,3,0.002987
0.04862096,ct,38520,484120,0.1399994,204.9,P,0.3,0.04862096,NCNOL,3,0.002875
0.00042650399999999997,ct,38520,242668,0.0199995,153.0,P,1.0,0.00042650399999999997,NCNLN,3,0.009987
0.017018349000000002,ct,38520,242668,0.03,153.0,P,1.0,0.017018349000000002,NCCSP,3,0.009972
0.036268879,ct,38520,242668,0.01,153.0,P,0.35,0.036268879,NCCMC,3,0.00344
0.007888968,ct,38520,242668,0.0,153.0,P,0.75,0.007888968,NCCBW,3,0.007489
0.015504433,ct,38520,242668,0.02,153.0,P,1.0,0.015504433,NCCAI,3,0.009975
0.011466056,ct,38520,242668,-0.01,153.0,P,1.0,0.011466056,NCCBR,3,0.009982
0.020350418000000002,ct,38520,242668,0.02,153.0,P,0.35,0.020350418000000002,NCJPR,3,0.003486
0.015745620000000002,ct,38520,242668,-0.04,153.0,P,1.0,-0.015745620000000002,NCCLC,3,0.009974
0.014050157,ct,38520,242668,0.0,153.0,P,0.35,-0.014050157,NCNLH,3,0.003492
0.007302474,ct,38520,242668,0.02,153.0,P,0.35,0.007302474,NCNTA,3,0.003495
0.014870294,ct,38520,242668,0.0,153.0,P,1.0,0.014870294,NCJSA,3,0.009976
0.006106902,ct,38520,242668,-0.0300002,153.0,P,0.35,-0.006106902,NCCPL,3,0.003495
0.019858173,ct,38520,242668,-0.04,153.0,P,0.2,-0.019858173,NCCDO,3,0.001992
0.0047139949999999995,ct,38520,242668,-0.0099998,153.0,P,0.5,0.0047139949999999995,NCJEG,3,0.004993
0.069837471,ct,38520,242668,-0.0900002,153.0,P,0.6,-0.069837471,NCJHP,3,0.005318
0.006150044,ct,38520,242668,0.0100002,153.0,P,0.75,-0.006150044,NCNOL,3,0.00749
0.024108589,ct,38520,242668,0.0,153.0,P,0.15,0.024108589,NCCMJ,3,0.001491
0.019094181,ct,38520,402094,0.0799999,324.1,P,0.75,0.019094181,NCCSP,3,0.007388
0.010373914,ct,38520,402094,0.0599995,324.1,P,0.75,-0.010373914,NCNLN,3,0.007402
0.046150196000000004,ct,38520,402094,0.02,324.1,P,0.6,0.046150196000000004,NCCMC,3,0.005728
0.007335723,ct,38520,402094,0.01,324.1,P,1.0,-0.007335723,NCCBW,3,0.009872
0.002936093,ct,38520,402094,0.04,324.1,P,1.0,0.002936093,NCCAI,3,0.009873
0.004987734,ct,38520,402094,-0.01,324.1,P,0.6,0.004987734,NCCBR,3,0.005924
0.003327729,ct,38520,402094,-0.02,324.1,P,0.75,0.003327729,NCCLC,3,0.007405
0.034621311,ct,38520,402094,-0.0100002,324.1,P,0.75,-0.034621311,NCJPR,3,0.007299
0.077524689,ct,38520,402094,0.1399999,324.1,P,0.2,0.077524689,NCNLH,3,0.001675
0.003831251,ct,38520,402094,0.0500002,324.1,P,0.35,-0.003831251,NCNTA,3,0.003456
0.031701296,ct,38520,402094,-0.0299997,324.1,P,0.35,-0.031701296,NCJMG,3,0.003418
0.012813893,ct,38520,402094,-0.02,324.1,P,1.0,-0.012813893,NCJSA,3,0.009866
0.013116422999999999,ct,38520,402094,-0.02,324.1,P,0.3,-0.013116422999999999,NCJEG,3,0.00296
0.02191581,ct,38520,402094,0.04,324.1,P,0.35,-0.02191581,NCNOL,3,0.003443
0.006236144999999999,ct,38520,30065107,-0.0299997,273.4,P,1.0,0.006236144999999999,NCNLN,3,0.009924
0.020358908,ct,38520,30065107,-0.02,273.4,P,0.6,0.020358908,NCCSP,3,0.005938
0.015956614,ct,38520,30065107,0.05,273.4,P,0.6,0.015956614,NCCMC,3,0.005947
0.003649765,ct,38520,30065107,0.0,273.4,P,0.75,-0.003649765,NCCBW,3,0.007443
0.0010818289999999999,ct,38520,30065107,-0.02,273.4,P,1.0,-0.0010818289999999999,NCCAI,3,0.009925
0.016587817999999997,ct,38520,30065107,0.05,273.4,P,1.0,0.016587817999999997,NCCBR,3,0.009909
0.032434874999999995,ct,38520,30065107,0.0100002,273.4,P,1.0,-0.032434874999999995,NCCLC,3,0.009811
0.004523666000000001,ct,38520,30065107,0.0,273.4,P,0.35,0.004523666000000001,NCJPR,3,0.003474
0.034174239999999995,ct,38520,30065107,0.0099998,273.4,P,0.2,0.034174239999999995,NCNLH,3,0.001956
0.005369465,ct,38520,30065107,-0.02,273.4,P,0.6,0.005369465,NCNTA,3,0.005954
0.006749241,ct,38520,30065107,0.0100002,273.4,P,0.75,-0.006749241,NCJMG,3,0.007443
0.004803473999999999,ct,38520,30065107,0.02,273.4,P,1.0,-0.004803473999999999,NCJSA,3,0.009924
0.055263134,ct,38520,30065107,0.0799999,273.4,P,0.35,0.055263134,NCJEG,3,0.003278
0.015354534,ct,38520,30065107,0.0200005,273.4,P,0.35,-0.015354534,NCJHP,3,0.003469
0.009320116,ct,38520,30065107,-0.04,273.4,P,0.75,-0.009320116,NCNOL,3,0.007442
0.019263031,ct,38520,30065107,0.0599995,273.4,P,0.2,0.019263031,NCJBM,3,0.00198
0.008679519,ct,38520,30065107,0.0500002,273.4,P,0.3,0.008679519,NCJSC,3,0.002977
0.09725900300000001,ct,38520,30065107,0.1400003,273.4,P,0.15,0.09725900300000001,NCJSG,3,0.001067
0.015743587,ct,38520,30107759,-0.1400003,650.3,P,1.0,-0.015743587,NCNLN,3,0.008981
0.0070064260000000005,ct,38520,30107759,-0.1100001,650.3,P,0.75,0.0070064260000000005,NCCSP,3,0.006743
0.012024291,ct,38520,30107759,0.0799999,650.3,P,0.6,0.012024291,NCCMC,3,0.005392
0.003961402,ct,38520,30107759,-0.0699999,650.3,P,1.0,-0.003961402,NCCAI,3,0.008991
0.028215483,ct,38520,30107759,0.0800002,650.3,P,1.0,0.028215483,NCCBR,3,0.008922
0.031899179,ct,38520,30107759,0.04,650.3,P,1.0,-0.031899179,NCCLC,3,0.008892
0.005977936,ct,38520,30107759,-0.0300002,650.3,P,0.5,0.005977936,NCJPR,3,0.004495
0.0037052170000000002,ct,38520,30107759,-0.1000004,650.3,P,0.35,0.0037052170000000002,NCNLH,3,0.003147
0.017071482,ct,38520,30107759,-0.1099997,650.3,P,0.6,-0.017071482,NCNTA,3,0.005386
0.014688122999999999,ct,38520,30107759,0.0,650.3,P,0.75,-0.014688122999999999,NCJMG,3,0.006736
0.014086271,ct,38520,30107759,0.02,650.3,P,1.0,-0.014086271,NCJSA,3,0.008983
0.026978882,ct,38520,30107759,0.0100002,650.3,P,0.6,-0.026978882,NCCMO,3,0.005361
0.045255619000000004,ct,38520,30107759,0.1000004,650.3,P,0.15,0.045255619000000004,NCCDO,3,0.001305
0.008472156,ct,38520,30107759,0.0500002,650.3,P,0.6,-0.008472156,NCJHP,3,0.005394
0.00469923,ct,38520,30107759,0.0699997,650.3,P,0.3,-0.00469923,NCCMJ,3,0.002697
0.011930407,ct,38520,30107759,-0.1199999,650.3,P,0.5,-0.011930407,NCNOL,3,0.004493
0.019930319000000002,ct,38520,30107759,0.0900002,650.3,P,0.2,0.019930319000000002,NCJBM,3,0.001793
0.128757965,ct,38520,30107759,0.1999998,650.3,P,0.15,0.128757965,NCJSC,3,0.000584
0.086002937,ct,38520,30107759,0.1599998,650.3,P,0.2,0.086002937,NCJSG,3,0.001435
0.005467591999999999,ct,484120,402094,-0.0499997,121.5,P,1.0,0.005467591999999999,NCJSA,3,0.009993
0.019342554,ct,484120,402094,-0.0200002,121.5,P,0.75,0.019342554,NCCAI,3,0.007476
0.0040980420000000005,ct,484120,402094,-0.05,121.5,P,1.0,-0.0040980420000000005,NCCVP,3,0.009993
0.019529688,ct,484120,402094,-0.03,121.5,S,0.1,0.019529688,NCCVP,4,0.000498
0.037957371000000004,ct,484120,402094,0.01,121.5,P,0.35,0.037957371000000004,NCCSP,3,0.003432
0.029851906,ct,484120,402094,-0.03,121.5,P,0.55,0.029851906,NCCMC,3,0.005445
0.01877755,ct,484120,402094,-0.0600002,121.5,P,0.6,-0.01877755,NCCBW,3,0.005983
0.024104324,ct,484120,402094,-0.03,121.5,P,0.35,0.024104324,NCCBR,3,0.003481
0.110164619,ct,484120,402094,-0.1700001,121.5,P,0.3,-0.110164619,NCCSL,3,0.001826
0.138150116,ct,484120,402094,0.0799999,121.5,P,0.5,0.138150116,NCCLC,3,0.001702
0.035735064999999996,ct,484120,402094,-0.0900002,121.5,P,0.55,-0.035735064999999996,NCJSB,3,0.005411
0.054519604,ct,484120,402094,-0.0800004,121.5,P,0.35,-0.054519604,NCNHF,3,0.003307
0.141119736,ct,484120,402094,-0.1999998,121.5,P,0.2,-0.141119736,NCCGP,3,0.000627
0.017491589999999998,ct,484120,402094,-0.0699997,121.5,P,0.15,-0.017491589999999998,NCJMG,3,0.001496
0.070536774,ct,484120,402094,-0.0999994,121.5,P,0.15,-0.070536774,NCNOL,3,0.001326
0.021220002999999998,ct,484120,30034705,-0.04,294.4,P,1.0,0.021220002999999998,NCJSA,3,0.009874
0.025785772000000002,ct,484120,30034705,-0.0700002,294.4,P,0.75,0.025785772000000002,NCCAI,3,0.007386
0.014989944,ct,484120,30034705,-0.09,294.4,P,1.0,0.014989944,NCCVP,3,0.009897
0.001049708,ct,484120,30034705,-0.1300001,294.4,S,0.15,0.001049708,NCCVP,4,0.000743
0.062573666,ct,484120,30034705,-0.05,294.4,P,0.6,0.062573666,NCCSP,3,0.005463
0.044714432000000005,ct,484120,30034705,-0.02,294.4,P,0.3,0.044714432000000005,NCCMC,3,0.002884
0.012729289,ct,484120,30034705,-0.0900002,294.4,P,0.6,-0.012729289,NCCBW,3,0.00594
0.026089186,ct,484120,30034705,-0.03,294.4,P,0.75,0.026089186,NCCBR,3,0.007387
0.000606658,ct,484120,30034705,-0.0500002,294.4,P,0.1,0.000606658,NCCSL,3,0.000991
0.128250259,ct,484120,30034705,0.0799999,294.4,P,0.75,0.128250259,NCCLC,3,0.003263
0.044947849,ct,484120,30034705,-0.1100001,294.4,P,0.55,-0.044947849,NCJSB,3,0.005283
0.053592411,ct,484120,30034705,-0.1500001,294.4,P,0.6,-0.053592411,NCNHF,3,0.00564
0.025115185,ct,484120,30034705,-0.0699997,294.4,P,0.35,-0.025115185,NCCGP,3,0.003449
0.016682753,ct,484120,30034705,-0.0499997,294.4,P,0.55,0.016682753,NCJMG,3,0.00544
0.066805038,ct,484120,30034705,-0.1599998,294.4,P,0.15,-0.066805038,NCNOL,3,0.001341
0.033151779,ct,484120,242668,-0.0299997,56.5,P,1.0,0.033151779,NCJSA,3,0.009875
0.031910892,ct,484120,242668,-0.0400002,56.5,P,0.75,0.031910892,NCCAI,3,0.007417
0.01762546,ct,484120,242668,-0.05,56.5,P,1.0,0.01762546,NCCVP,3,0.009981
0.035881538,ct,484120,242668,-0.04,56.5,P,0.6,0.035881538,NCCSP,3,0.005906
0.019970586999999998,ct,484120,242668,-0.04,56.5,P,0.3,0.019970586999999998,NCCMC,3,0.002992
0.003552858,ct,484120,242668,-0.0700002,56.5,P,0.35,-0.003552858,NCCBW,3,0.0035
0.030582647,ct,484120,242668,-0.03,56.5,P,0.75,0.030582647,NCCBR,3,0.007426
0.121038017,ct,484120,242668,-0.1800003,56.5,P,0.3,-0.121038017,NCCSL,3,0.001521
0.11907675899999999,ct,484120,242668,0.0599999,56.5,P,0.75,0.11907675899999999,NCCLC,3,0.003945
0.036044044,ct,484120,242668,-0.0999999,56.5,P,0.55,-0.036044044,NCJSB,3,0.005412
0.03350388,ct,484120,242668,-0.1100001,56.5,P,0.6,-0.03350388,NCNHF,3,0.005922
0.054771008,ct,484120,242668,-0.1299992,56.5,P,0.55,-0.054771008,NCNOL,3,0.005195
0.013478009999999999,ct,484120,30065107,-0.0099998,456.2,P,1.0,0.013478009999999999,NCJSA,3,0.009636
0.015324633,ct,484120,30065107,-0.0800002,456.2,P,0.75,0.015324633,NCCAI,3,0.007224
0.005627434,ct,484120,30065107,-0.0699999,456.2,P,1.0,-0.005627434,NCCVP,3,0.009644
0.014885064,ct,484120,30065107,-0.0800002,456.2,S,0.15,-0.014885064,NCCVP,4,0.000722
0.039222099,ct,484120,30065107,-0.0899999,456.2,P,0.2,0.039222099,NCCSP,3,0.001888
0.000341678,ct,484120,30065107,0.0,456.2,P,0.55,-0.000341678,NCCMC,3,0.005304
0.015091592000000001,ct,484120,30065107,-0.0700002,456.2,P,0.35,-0.015091592000000001,NCCBW,3,0.003372
0.035704407,ct,484120,30065107,0.03,456.2,P,0.75,0.035704407,NCCBR,3,0.00712
0.068934189,ct,484120,30065107,-0.0599999,456.2,P,0.15,-0.068934189,NCCSL,3,0.00129
0.102387505,ct,484120,30065107,0.1100001,456.2,P,0.75,0.102387505,NCCLC,3,0.004881
0.049882313000000005,ct,484120,30065107,-0.0799999,456.2,P,0.55,-0.049882313000000005,NCJSB,3,0.005082
0.037110527,ct,484120,30065107,-0.1700001,456.2,P,0.6,-0.037110527,NCNHF,3,0.005691
0.029912228,ct,484120,30065107,-0.02,456.2,P,0.2,-0.029912228,NCCGP,3,0.001911
0.007460466000000001,ct,484120,30065107,-0.0299997,456.2,P,0.55,0.007460466000000001,NCJMG,3,0.005304
0.057941078,ct,484120,30065107,-0.1799994,456.2,P,0.55,-0.057941078,NCNOL,3,0.004967
0.004763834,ct,30107759,242027,0.0,342.8,P,1.0,0.004763834,NCCSV,3,0.009849
0.022597111000000003,ct,30107759,242027,0.03,342.8,S,0.1,0.022597111000000003,NCCVP,4,0.000491
0.00510253,ct,30107759,242027,0.0599999,342.8,P,0.5,-0.00510253,NCCSP,3,0.004925
0.009657683,ct,30107759,242027,-0.04,342.8,P,0.6,-0.009657683,NCCMC,3,0.005908
0.00045337,ct,30107759,242027,0.04,342.8,P,1.0,0.00045337,NCCAI,3,0.00985
0.019315897,ct,30107759,242027,-0.0099998,342.8,P,0.75,0.019315897,NCCLC,3,0.007369
0.055120377,ct,30107759,242027,-0.0300002,342.8,P,0.35,-0.055120377,NCJPR,3,0.003252
0.006136255,ct,30107759,242027,0.0,342.8,P,1.0,0.006136255,NCJSB,3,0.009849
0.01759301,ct,30107759,242027,0.0900002,342.8,P,0.75,0.01759301,NCNHF,3,0.007374
0.024781672,ct,30107759,242027,0.0799999,342.8,P,0.6,0.024781672,NCNTA,3,0.005879
0.010723072,ct,30107759,242027,0.0100002,342.8,P,0.6,0.010723072,NCJMG,3,0.005907
0.020661579,ct,30107759,242027,0.0099998,342.8,P,1.0,0.020661579,NCJSA,3,0.00982
0.028459688,ct,30107759,242027,-0.0599999,342.8,P,0.35,-0.028459688,NCCCY,3,0.00342
0.08068238800000001,ct,30107759,242027,-0.1000004,342.8,P,0.15,-0.08068238800000001,NCCDO,3,0.001228
0.002951795,ct,30107759,242027,-0.02,342.8,P,0.75,-0.002951795,NCJCH,3,0.007387
0.057000079999999995,ct,30107759,242027,-0.0799999,342.8,P,0.6,-0.057000079999999995,NCJHP,3,0.005543
0.08968302199999999,ct,30107759,242027,-0.1199999,342.8,P,0.3,-0.08968302199999999,NCCMJ,3,0.002284
0.016722643000000002,ct,30107759,242027,0.0799999,342.8,P,0.5,0.016722643000000002,NCNOL,3,0.004917
0.029017097,ct,30107759,30065107,0.03,412.0,S,0.15,0.029017097,NCCVP,4,0.000724
0.013352481,ct,30107759,30065107,0.0900002,412.0,P,0.35,0.013352481,NCCSP,3,0.003406
0.003932323,ct,30107759,30065107,-0.03,412.0,P,1.0,0.003932323,NCCMC,3,0.009739
0.009032902,ct,30107759,30065107,-0.0099998,412.0,S,0.15,-0.009032902,NCCYB,4,0.00073
0.0028795739999999998,ct,30107759,30065107,0.05,412.0,P,1.0,0.0028795739999999998,NCCAI,3,0.009739
0.011627665,ct,30107759,30065107,-0.0300002,412.0,P,1.0,-0.011627665,NCCBR,3,0.009734
0.061546489999999995,ct,30107759,30065107,-0.02,412.0,S,0.15,0.061546489999999995,NCCSL,4,0.000673
0.009980781000000001,ct,30107759,30065107,0.0099998,412.0,P,1.0,0.009980781000000001,NCCSV,3,0.009736
0.000535697,ct,30107759,30065107,-0.0299997,412.0,P,1.0,-0.000535697,NCCLC,3,0.009739
0.00145427,ct,30107759,30065107,0.0300002,412.0,P,0.35,-0.00145427,NCJPR,3,0.003409
0.004348407,ct,30107759,30065107,0.0,412.0,P,1.0,0.004348407,NCJSB,3,0.009739
0.030469024999999997,ct,30107759,30065107,0.1100001,412.0,P,0.35,0.030469024999999997,NCNLH,3,0.003376
0.021586479000000002,ct,30107759,30065107,0.1100001,412.0,P,1.0,0.021586479000000002,NCNHF,3,0.009706
0.022440948,ct,30107759,30065107,0.0899997,412.0,P,1.0,0.022440948,NCNTA,3,0.009702
0.019513941,ct,30107759,30065107,0.0,412.0,P,1.0,0.019513941,NCJCP,3,0.009715
0.020630904999999998,ct,30107759,30065107,-0.0100002,412.0,P,0.35,0.020630904999999998,NCCGP,3,0.003398
0.007938881,ct,30107759,30065107,0.0100002,412.0,P,1.0,0.007938881,NCJMG,3,0.009738
0.009282797,ct,30107759,30065107,0.0,412.0,P,1.0,0.009282797,NCJSA,3,0.009737
0.012256164,ct,30107759,30065107,-0.02,412.0,P,0.5,0.012256164,NCCCY,3,0.004867
0.034372452000000005,ct,30107759,30065107,0.1300001,412.0,P,0.15,0.034372452000000005,NCNSP,3,0.001441
0.0046612749999999994,ct,30107759,30065107,0.0699997,412.0,P,0.2,0.0046612749999999994,NCNBO,3,0.001948
0.006882378,ct,30107759,30065107,-0.0299997,412.0,P,0.75,-0.006882378,NCJHP,3,0.007304
0.021979732999999998,ct,30107759,30065107,0.1100006,412.0,P,1.0,0.021979732999999998,NCNLN,3,0.009705
0.0026102910000000003,ct,30107759,30065107,0.0799999,412.0,P,0.75,0.0026102910000000003,NCNOL,3,0.007305
0.060830215,ct,30107759,30065107,-0.0900002,412.0,P,0.35,-0.060830215,NCJSF,3,0.003153
0.037935032,ct,30107759,30065107,0.0100002,412.0,P,0.1,0.037935032,NCJJR,3,0.000956
0.13802014199999998,ct,30107759,30065107,-0.1599998,412.0,P,0.15,-0.13802014199999998,NCJBG,3,0.000501
0.023151875,ct,30107759,30065107,0.0,412.0,P,0.35,0.023151875,NCCDV,3,0.003394
0.019155922,ct,30107759,30065107,-0.0500002,412.0,P,0.15,-0.019155922,NCJSJ,3,0.001457
0.000667288,ct,30107759,30065107,-0.0300007,412.0,P,0.2,-0.000667288,NCJBM,3,0.001948
0.120078445,ct,30107759,30065107,-0.1499996,412.0,P,0.35,-0.120078445,NCJSC,3,0.001762
0.011256066,ct,30107759,30065107,-0.0199995,412.0,P,0.15,0.011256066,NCJSG,3,0.00146
0.007378511,ct,30107759,30065107,-0.0200005,412.0,P,0.3,0.007378511,NCJPP,3,0.002921
0.02215592,ct,30107759,30065107,0.0700006,412.0,P,0.1,-0.02215592,NCNCF,3,0.00097
0.11733113899999999,ct,30107759,30065107,-0.1399994,412.0,P,0.1,-0.11733113899999999,NCJPS,3,0.000528
0.04495187,ct,30107759,30034705,-0.02,770.4,S,0.15,0.04495187,NCCVP,4,0.000609
0.036704048,ct,30107759,30034705,0.1300001,770.4,P,0.75,0.036704048,NCCSP,3,0.006178
0.048988434,ct,30107759,30034705,-0.05,770.4,P,0.75,0.048988434,NCCMC,3,0.00603
0.007012284000000001,ct,30107759,30034705,-0.04,770.4,S,0.1,0.007012284000000001,NCCYB,4,0.000419
0.013340712999999999,ct,30107759,30034705,0.0599999,770.4,P,1.0,0.013340712999999999,NCCAI,3,0.008365
0.021242887,ct,30107759,30034705,-0.0900002,770.4,P,1.0,-0.021242887,NCCBR,3,0.008343
0.014861042,ct,30107759,30034705,-0.02,770.4,P,1.0,0.014861042,NCCSV,3,0.008363
0.025327051,ct,30107759,30034705,-0.0599999,770.4,P,1.0,0.025327051,NCCLC,3,0.008326
0.09245065300000001,ct,30107759,30034705,-0.0700002,770.4,P,0.5,-0.09245065300000001,NCJPR,3,0.003151
0.009282869,ct,30107759,30034705,-0.0300002,770.4,P,1.0,0.009282869,NCJSB,3,0.008369
0.005104594,ct,30107759,30034705,0.1300001,770.4,P,1.0,0.005104594,NCNHF,3,0.008371
0.011789992,ct,30107759,30034705,0.0999999,770.4,P,1.0,0.011789992,NCNTA,3,0.008367
0.015282307,ct,30107759,30034705,-0.0499997,770.4,P,1.0,0.015282307,NCJCP,3,0.008361
0.025427948000000002,ct,30107759,30034705,-0.0599999,770.4,P,0.5,0.025427948000000002,NCCGP,3,0.004163
0.017161169,ct,30107759,30034705,-0.0099998,770.4,P,1.0,0.017161169,NCJMG,3,0.008357
0.017024789999999998,ct,30107759,30034705,-0.0300002,770.4,P,1.0,0.017024789999999998,NCJSA,3,0.008357
0.060829887,ct,30107759,30034705,0.02,770.4,P,0.6,0.060829887,NCCMO,3,0.004653
0.012137606,ct,30107759,30034705,0.1500001,770.4,P,0.3,0.012137606,NCNSP,3,0.00251
0.000448018,ct,30107759,30034705,-0.0599999,770.4,P,0.75,-0.000448018,NCJCH,3,0.006279
0.021185341,ct,30107759,30034705,-0.0500002,770.4,P,0.6,0.021185341,NCJHP,3,0.005006
0.014053651,ct,30107759,30034705,-0.0699997,770.4,P,0.5,0.014053651,NCCMJ,3,0.004182
0.015098416,ct,30107759,30034705,0.1400003,770.4,P,1.0,0.015098416,NCNLN,3,0.008362
0.006253664999999999,ct,30107759,30034705,0.0999994,770.4,P,0.35,-0.006253664999999999,NCNOL,3,0.00293
0.049649544,ct,30107759,30034705,-0.0299997,770.4,P,0.3,0.049649544,NCJJR,3,0.002407
0.041962639,ct,30107759,30034705,-0.0300007,770.4,P,0.35,0.041962639,NCCDV,3,0.002858
0.048428978,ct,30107759,30034705,0.0799999,770.4,P,0.2,-0.048428978,NCNAP,3,0.001607
0.02213381,ct,30107759,30034705,-0.0600004,770.4,P,0.35,0.02213381,NCJBM,3,0.002919
0.14683122299999998,ct,30107759,30034705,-0.2299995,770.4,P,0.6,-0.14683122299999998,NCJSC,3,0.00131
0.028602413,ct,30107759,30034705,-0.0500002,770.4,P,0.75,0.028602413,NCJPP,3,0.006228
0.153357101,ct,30107759,30034705,-0.2099991,770.4,P,0.1,-0.153357101,NCCST,3,0.000168
0.020740047,ct,30107759,30034705,0.1499996,770.4,P,0.35,0.020740047,NCNIM,3,0.002922
0.06343185,ct,30107759,402094,0.0800002,969.3,S,0.1,0.06343185,NCCVP,4,0.000315
0.012087753,ct,30107759,402094,0.1900001,969.3,P,0.5,0.012087753,NCCSP,3,0.003463
0.034125904,ct,30107759,402094,-0.0599999,969.3,P,1.0,0.034125904,NCCMC,3,0.006832
0.000470167,ct,30107759,402094,0.0,969.3,S,0.1,-0.000470167,NCCYB,4,0.000346
0.006897495,ct,30107759,402094,0.1099999,969.3,P,1.0,0.006897495,NCCAI,3,0.006929
0.023227747,ct,30107759,402094,-0.0900002,969.3,P,0.6,-0.023227747,NCCBR,3,0.00414
0.002595749,ct,30107759,402094,-0.0300002,969.3,P,1.0,-0.002595749,NCCSV,3,0.00693
0.035226906,ct,30107759,402094,-0.0599999,969.3,P,0.75,0.035226906,NCCLC,3,0.005119
0.040599247,ct,30107759,402094,0.02,969.3,P,0.75,-0.040599247,NCJPR,3,0.005078
0.018495649,ct,30107759,402094,-0.0100002,969.3,P,1.0,0.018495649,NCJSB,3,0.006915
0.073819473,ct,30107759,402094,0.2400002,969.3,P,0.35,0.073819473,NCNLH,3,0.002116
0.004177399,ct,30107759,402094,0.1999998,969.3,P,0.75,0.004177399,NCNHF,3,0.005197
0.013240232000000001,ct,30107759,402094,0.1599998,969.3,P,0.75,0.013240232000000001,NCNTA,3,0.005194
0.007011637,ct,30107759,402094,-0.0599999,969.3,P,1.0,0.007011637,NCJCP,3,0.006929
0.09057659900000001,ct,30107759,402094,-0.1900001,969.3,P,0.35,-0.09057659900000001,NCCGP,3,0.00186
0.017013176,ct,30107759,402094,-0.0299997,969.3,P,0.6,-0.017013176,NCJMG,3,0.004151
0.001272378,ct,30107759,402094,-0.04,969.3,P,1.0,0.001272378,NCJSA,3,0.00693
0.01859547,ct,30107759,402094,-0.1199999,969.3,P,0.35,-0.01859547,NCCCY,3,0.00242
0.02065568,ct,30107759,402094,0.1900001,969.3,P,0.15,-0.02065568,NCNSP,3,0.001036
0.01054627,ct,30107759,402094,-0.0699997,969.3,P,0.35,-0.01054627,NCJCH,3,0.002424
0.011363095,ct,30107759,402094,0.1299996,969.3,P,0.15,-0.011363095,NCNBO,3,0.001039
0.005369672999999999,ct,30107759,402094,0.1999998,969.3,P,0.75,0.005369672999999999,NCNLN,3,0.005197
0.009985403,ct,30107759,402094,0.1599998,969.3,P,0.35,-0.009985403,NCNOL,3,0.002424
0.010011922,ct,30107759,242668,0.1400001,795.6,P,0.75,0.010011922,NCCSP,3,0.006155
0.024244586999999998,ct,30107759,242668,-0.0699999,795.6,P,0.75,0.024244586999999998,NCCMC,3,0.006126
0.019465836,ct,30107759,242668,0.0899999,795.6,P,1.0,0.019465836,NCCAI,3,0.00819
0.016749426,ct,30107759,242668,-0.0900002,795.6,P,1.0,-0.016749426,NCCBR,3,0.008196
0.011424136000000001,ct,30107759,242668,-0.0300002,795.6,P,1.0,0.011424136000000001,NCCSV,3,0.008206
0.016153559,ct,30107759,242668,-0.0799999,795.6,P,1.0,0.016153559,NCCLC,3,0.008198
0.014372483,ct,30107759,242668,0.0500002,795.6,P,0.35,0.014372483,NCJPR,3,0.002871
0.018186672,ct,30107759,242668,-0.02,795.6,P,1.0,0.018186672,NCJSB,3,0.008193
0.110329048,ct,30107759,242668,-0.0599999,795.6,P,0.2,-0.110329048,NCCDU,3,0.000987
0.017755372999999998,ct,30107759,242668,0.1000004,795.6,P,0.5,-0.017755372999999998,NCNLH,3,0.004096
0.025193124999999997,ct,30107759,242668,0.1700001,795.6,P,1.0,0.025193124999999997,NCNHF,3,0.008168
0.024373957,ct,30107759,242668,0.1299996,795.6,P,0.75,0.024373957,NCNTA,3,0.006129
0.028956566,ct,30107759,242668,-0.02,795.6,P,1.0,0.028956566,NCJSA,3,0.008142
0.040244712999999994,ct,30107759,242668,-0.0599999,795.6,P,0.35,0.040244712999999994,NCCCY,3,0.002809
0.0651138,ct,30107759,242668,-0.1400003,795.6,P,0.15,-0.0651138,NCCDO,3,0.001118
0.07589379099999999,ct,30107759,242668,0.0799999,795.6,P,0.3,-0.07589379099999999,NCNSP,3,0.002101
0.014228045,ct,30107759,242668,-0.0499997,795.6,P,0.75,0.014228045,NCJCH,3,0.006151
0.061365322,ct,30107759,242668,-0.1400003,795.6,P,1.0,-0.061365322,NCJHP,3,0.007577
0.016170089999999998,ct,30107759,242668,0.1599998,795.6,P,1.0,0.016170089999999998,NCNLN,3,0.008199
0.028807819,ct,30107759,242668,-0.0699997,795.6,P,0.35,0.028807819,NCCMJ,3,0.00285
0.005780362,ct,30107759,242668,0.1300001,795.6,P,0.75,0.005780362,NCNOL,3,0.006157
0.12173246,ct,30107759,242668,-0.21,795.6,P,0.3,-0.12173246,NCJPP,3,0.001234
0.12093710299999999,ct,30107759,242668,0.0300007,795.6,P,0.55,-0.12093710299999999,NCNCF,3,0.002261
0.00014849499999999998,ct,30107759,30058032,0.1400001,445.8,P,1.0,-0.00014849499999999998,NCCAI,3,0.009671
0.038506560999999995,ct,30107759,30058032,0.0500002,445.8,P,1.0,-0.038506560999999995,NCCSV,3,0.009485
0.030500298999999998,ct,30107759,30058032,0.1200001,445.8,S,0.15,0.030500298999999998,NCCVP,4,0.000718
0.001766438,ct,30107759,30058032,0.1700001,445.8,P,0.35,-0.001766438,NCCSP,3,0.003385
0.012156012,ct,30107759,30058032,0.04,445.8,P,0.75,-0.012156012,NCCMC,3,0.007249
0.004492444,ct,30107759,30058032,0.0799999,445.8,P,1.0,-0.004492444,NCJSB,3,0.009671
0.025301418000000003,ct,30107759,30058032,0.21,445.8,P,0.75,0.025301418000000003,NCNHF,3,0.007214
0.007722698,ct,30107759,30058032,0.1699996,445.8,P,0.55,0.007722698,NCNTA,3,0.005318
0.001979611,ct,30107759,30058032,0.0700002,445.8,P,1.0,0.001979611,NCJCP,3,0.009671
0.001456715,ct,30107759,30058032,0.0900002,445.8,P,0.75,-0.001456715,NCJMG,3,0.007253
0.010850224,ct,30107759,30058032,0.0899997,445.8,P,1.0,0.010850224,NCJSA,3,0.009667
0.011329523999999999,ct,30107759,30058032,0.0599999,445.8,P,0.75,-0.011329523999999999,NCJCH,3,0.00725
0.030104278999999998,ct,30107759,30058032,0.1899996,445.8,P,0.2,0.030104278999999998,NCNBO,3,0.001916
0.074098816,ct,30107759,30058032,-0.0100002,445.8,P,0.6,-0.074098816,NCJHP,3,0.00503
0.007120494,ct,30107759,30058032,0.1799994,445.8,P,0.35,0.007120494,NCNOL,3,0.003384
0.009437666999999999,ct,30107759,30058032,0.0500002,445.8,P,0.35,-0.009437666999999999,NCJPP,3,0.003384
0.005216946,ct,30065107,242027,-0.0099998,82.2,P,1.0,-0.005216946,NCCSV,3,0.009997
0.010010435,ct,30065107,242027,0.01,82.2,P,1.0,0.010010435,NCCVP,3,0.009995
0.006419987,ct,30065107,242027,0.0,82.2,S,0.15,-0.006419987,NCCVP,4,0.00075
0.018455011,ct,30065107,242027,-0.0300002,82.2,P,0.35,-0.018455011,NCCSP,3,0.003492
0.013590006,ct,30065107,242027,-0.01,82.2,P,0.6,-0.013590006,NCCMC,3,0.005994
0.002547787,ct,30065107,242027,-0.01,82.2,P,0.75,0.002547787,NCCPI,3,0.007498
0.013612318,ct,30065107,242027,-0.02,82.2,P,0.5,-0.013612318,NCCBW,3,0.004995
0.002426204,ct,30065107,242027,-0.01,82.2,P,1.0,-0.002426204,NCCAI,3,0.009998
0.012518715,ct,30065107,242027,0.0,82.2,P,0.75,0.012518715,NCCPM,3,0.007493
0.019851591,ct,30065107,242027,0.02,82.2,P,0.75,0.019851591,NCCLC,3,0.007478
0.053666107,ct,30065107,242027,-0.0600004,82.2,P,0.2,-0.053666107,NCJPR,3,0.001896
0.001787848,ct,30065107,242027,0.0,82.2,P,1.0,0.001787848,NCJSB,3,0.009998
0.003993471,ct,30065107,242027,-0.02,82.2,P,0.75,-0.003993471,NCNHF,3,0.007498
0.002340725,ct,30065107,242027,-0.0099998,82.2,P,0.6,0.002340725,NCNTA,3,0.005999
0.00278419,ct,30065107,242027,0.0,82.2,P,0.6,0.00278419,NCJMG,3,0.005999
0.011378783,ct,30065107,242027,0.0099998,82.2,P,1.0,0.011378783,NCJSA,3,0.009993
0.040715851,ct,30065107,242027,-0.04,82.2,P,0.35,-0.040715851,NCCCY,3,0.003419
0.050117702,ct,30065107,242027,-0.0500002,82.2,P,0.35,-0.050117702,NCJHP,3,0.00335
0.014112353000000001,ct,30065107,242027,0.0,82.2,P,0.75,0.014112353000000001,NCNOL,3,0.007491
0.020617376,ct,30065107,30034705,-0.0200001,367.8,P,1.0,0.020617376,NCCVP,3,0.009784
0.015934772,ct,30065107,30034705,-0.05,367.8,S,0.2,0.015934772,NCCVP,4,0.00098
0.023351565999999997,ct,30065107,30034705,0.04,367.8,P,0.6,0.023351565999999997,NCCSP,3,0.005863
0.045056109999999996,ct,30065107,30034705,-0.02,367.8,P,0.75,0.045056109999999996,NCCMC,3,0.007133
0.005986504,ct,30065107,30034705,0.02,367.8,P,1.0,0.005986504,NCCPI,3,0.009812
0.016045185,ct,30065107,30034705,-0.0300002,367.8,S,0.15,0.016045185,NCCYB,4,0.000735
0.019121471,ct,30065107,30034705,-0.01,367.8,P,1.0,0.019121471,NCCYB,3,0.009788
0.0023623029999999996,ct,30065107,30034705,-0.02,367.8,P,0.75,0.0023623029999999996,NCCBW,3,0.007359
0.010461139,ct,30065107,30034705,0.01,367.8,P,1.0,0.010461139,NCCAI,3,0.009809
0.007748622,ct,30065107,30034705,0.03,367.8,P,1.0,0.007748622,NCCPM,3,0.009811
0.009615223,ct,30065107,30034705,-0.0599999,367.8,P,1.0,-0.009615223,NCCBR,3,0.009809
0.069540848,ct,30065107,30034705,0.0099998,367.8,P,0.15,0.069540848,NCCSL,3,0.00131
0.00488026,ct,30065107,30034705,-0.0299997,367.8,P,1.0,0.00488026,NCCSV,3,0.009812
0.090996384,ct,30065107,30034705,-0.1000004,367.8,P,0.35,-0.090996384,NCJPR,3,0.002624
0.005259288,ct,30065107,30034705,0.04,367.8,P,1.0,0.005259288,NCNMI,3,0.009812
0.025862747,ct,30065107,30034705,-0.0300002,367.8,P,1.0,0.025862747,NCCLC,3,0.009756
0.004934463,ct,30065107,30034705,-0.0300002,367.8,P,1.0,0.004934463,NCJSB,3,0.009812
0.016481885999999998,ct,30065107,30034705,0.02,367.8,P,1.0,-0.016481885999999998,NCNHF,3,0.009796
0.010650955,ct,30065107,30034705,0.0100002,367.8,P,1.0,-0.010650955,NCNTA,3,0.009808
0.004231634,ct,30065107,30034705,-0.0499997,367.8,P,1.0,-0.004231634,NCJCP,3,0.009812
0.004797045,ct,30065107,30034705,-0.0499997,367.8,P,0.35,0.004797045,NCCGP,3,0.003434
0.009222287,ct,30065107,30034705,-0.02,367.8,P,1.0,0.009222287,NCJMG,3,0.00981
0.007741992,ct,30065107,30034705,-0.0300002,367.8,P,1.0,0.007741992,NCJSA,3,0.009811
0.005711071999999999,ct,30065107,30034705,-0.0599999,367.8,P,0.35,-0.005711071999999999,NCCNI,3,0.003434
0.022234846000000003,ct,30065107,30034705,0.02,367.8,P,0.35,-0.022234846000000003,NCNSP,3,0.00342
0.042735054,ct,30065107,30034705,-0.0799999,367.8,P,0.6,-0.042735054,NCJEG,3,0.005733
0.028067719,ct,30065107,30034705,-0.0200005,367.8,P,0.35,0.028067719,NCJHP,3,0.003408
0.006881315,ct,30065107,30034705,0.0299997,367.8,P,1.0,-0.006881315,NCNLN,3,0.009811
0.008863955000000001,ct,30065107,30034705,0.0199995,367.8,P,0.6,-0.008863955000000001,NCNOL,3,0.005886
0.011714511,ct,30065107,30034705,-0.04,367.8,P,0.3,0.011714511,NCJJR,3,0.002942
0.018810764,ct,30065107,30034705,-0.0300007,367.8,P,0.5,0.018810764,NCCDV,3,0.004896
0.022801098,ct,30065107,30034705,-0.0299997,367.8,P,0.35,0.022801098,NCJBM,3,0.00342
0.026752784999999998,ct,30065107,30034705,-0.0799999,367.8,P,0.75,-0.026752784999999998,NCJSC,3,0.007311
0.021223904000000002,ct,30065107,30034705,-0.0299997,367.8,P,0.55,0.021223904000000002,NCJPP,3,0.005379
0.006172291999999999,ct,30065107,30034705,0.0300007,367.8,P,0.75,-0.006172291999999999,NCNTB,3,0.007359
0.027881559,ct,30065107,30034705,-0.0799999,367.8,P,0.6,-0.027881559,NCJSM,3,0.005844
0.120903313,ct,30065107,30034705,-0.1599998,367.8,P,0.15,-0.120903313,NCJST,3,0.000746
0.001529393,ct,30065107,402094,0.02,569.7,P,1.0,0.001529393,NCCVP,3,0.009315
0.034414749,ct,30065107,402094,0.0500002,569.7,S,0.15,0.034414749,NCCVP,4,0.000688
0.001264727,ct,30065107,402094,0.0999999,569.7,P,0.35,-0.001264727,NCCSP,3,0.00326
0.030193584000000002,ct,30065107,402094,-0.03,569.7,P,1.0,0.030193584000000002,NCCMC,3,0.009224
0.008562735,ct,30065107,402094,0.0099998,569.7,S,0.15,0.008562735,NCCYB,4,0.000698
0.009708766,ct,30065107,402094,0.02,569.7,P,1.0,0.009708766,NCCYB,3,0.009311
0.0063639049999999996,ct,30065107,402094,0.0800002,569.7,P,1.0,-0.0063639049999999996,NCCPI,3,0.009314
0.003685957,ct,30065107,402094,0.01,569.7,P,0.75,-0.003685957,NCCBW,3,0.006986
0.004017921000000001,ct,30065107,402094,0.0599999,569.7,P,1.0,0.004017921000000001,NCCAI,3,0.009315
0.012484184,ct,30065107,402094,0.1099999,569.7,P,1.0,0.012484184,NCCPM,3,0.009309
0.011600082999999999,ct,30065107,402094,-0.0599999,569.7,P,0.6,-0.011600082999999999,NCCBR,3,0.005586
0.041230431000000005,ct,30065107,402094,-0.1100001,569.7,P,0.35,-0.041230431000000005,NCCSL,3,0.003183
0.01257653,ct,30065107,402094,-0.04,569.7,P,1.0,-0.01257653,NCCSV,3,0.009308
0.039144974,ct,30065107,402094,-0.0100002,569.7,P,0.6,-0.039144974,NCJPR,3,0.005474
0.035762604,ct,30065107,402094,-0.0300002,569.7,P,0.75,0.035762604,NCCLC,3,0.006877
0.014363447000000001,ct,30065107,402094,0.1199999,569.7,P,1.0,0.014363447000000001,NCNMI,3,0.009307
0.014147243,ct,30065107,402094,-0.0100002,569.7,P,1.0,0.014147243,NCJSB,3,0.009306
0.043350452,ct,30065107,402094,0.1300001,569.7,P,0.2,0.043350452,NCNLH,3,0.001814
0.018319143,ct,30065107,402094,-0.0300002,569.7,P,0.35,-0.018319143,NCCRP,3,0.003253
0.017409081,ct,30065107,402094,0.0899997,569.7,P,0.75,-0.017409081,NCNHF,3,0.006972
0.009200715,ct,30065107,402094,0.0700002,569.7,P,0.75,-0.009200715,NCNTA,3,0.006984
0.012502303,ct,30065107,402094,-0.0599999,569.7,P,1.0,-0.012502303,NCJCP,3,0.009309
0.111207497,ct,30065107,402094,-0.1799998,569.7,P,0.2,-0.111207497,NCCGP,3,0.001115
0.024952055,ct,30065107,402094,-0.04,569.7,P,0.6,-0.024952055,NCJMG,3,0.005559
0.008010418,ct,30065107,402094,-0.04,569.7,P,1.0,-0.008010418,NCJSA,3,0.009313
0.030851633,ct,30065107,402094,-0.0999999,569.7,P,0.35,-0.030851633,NCCCY,3,0.003228
0.031433382,ct,30065107,402094,-0.0999999,569.7,P,0.2,-0.031433382,NCCNI,3,0.001843
0.055028129999999995,ct,30065107,402094,0.0599999,569.7,P,0.2,-0.055028129999999995,NCNSP,3,0.001754
0.016024372,ct,30065107,402094,0.0599999,569.7,P,0.15,-0.016024372,NCNBO,3,0.001395
0.068379562,ct,30065107,402094,-0.0999999,569.7,P,0.15,-0.068379562,NCJEG,3,0.00125
0.030906704,ct,30065107,402094,0.0700006,569.7,P,0.15,-0.030906704,NCNGV,3,0.001382
0.016610057999999997,ct,30065107,402094,0.0899992,569.7,P,0.75,-0.016610057999999997,NCNLN,3,0.006974
0.012595694,ct,30065107,402094,0.0799999,569.7,P,0.6,-0.012595694,NCNOL,3,0.005585
0.06506603200000001,ct,30065107,402094,0.0400009,569.7,P,0.5,-0.06506603200000001,NCNTB,3,0.00422
0.023252895,ct,30065107,242668,0.02,399.8,P,1.0,0.023252895,NCCVP,3,0.009717
0.003340559,ct,30065107,242668,0.05,399.8,P,0.6,-0.003340559,NCCSP,3,0.005855
0.020312265,ct,30065107,242668,-0.04,399.8,P,0.75,0.020312265,NCCMC,3,0.007298
0.009671668999999999,ct,30065107,242668,0.0500002,399.8,P,1.0,0.009671668999999999,NCCPI,3,0.009757
0.011538733,ct,30065107,242668,0.0,399.8,P,0.5,0.011538733,NCCBW,3,0.004877
0.016586262,ct,30065107,242668,0.04,399.8,P,1.0,0.016586262,NCCAI,3,0.009744
0.018925291,ct,30065107,242668,0.0699999,399.8,P,1.0,0.018925291,NCCPM,3,0.009738
0.005121762,ct,30065107,242668,-0.0599999,399.8,P,1.0,-0.005121762,NCCBR,3,0.009759
0.052103828,ct,30065107,242668,-0.1200004,399.8,P,0.35,-0.052103828,NCCSL,3,0.003253
0.001443356,ct,30065107,242668,-0.04,399.8,P,1.0,0.001443356,NCCSV,3,0.009759
0.015826755,ct,30065107,242668,0.02,399.8,P,0.2,0.015826755,NCJPR,3,0.001949
0.002733254,ct,30065107,242668,0.0500002,399.8,P,1.0,-0.002733254,NCNMI,3,0.009759
0.016689257000000002,ct,30065107,242668,-0.0500002,399.8,P,1.0,0.016689257000000002,NCCLC,3,0.009744
0.013838265,ct,30065107,242668,-0.02,399.8,P,1.0,0.013838265,NCJSB,3,0.00975
0.048224395999999996,ct,30065107,242668,-0.0099998,399.8,P,0.35,-0.048224395999999996,NCNLH,3,0.00328
0.003606646,ct,30065107,242668,0.0599999,399.8,P,1.0,0.003606646,NCNHF,3,0.009759
0.001933009,ct,30065107,242668,0.04,399.8,P,0.75,0.001933009,NCNTA,3,0.007319
0.019673769,ct,30065107,242668,-0.02,399.8,P,1.0,0.019673769,NCJSA,3,0.009734
0.02798855,ct,30065107,242668,-0.04,399.8,P,0.35,0.02798855,NCCCY,3,0.00339
0.11026623499999999,ct,30065107,242668,-0.0500002,399.8,P,0.35,-0.11026623499999999,NCNSP,3,0.002052
0.050549137,ct,30065107,242668,-0.0899997,399.8,P,0.35,-0.050549137,NCJEG,3,0.003267
0.068662498,ct,30065107,242668,-0.0199995,399.8,P,0.15,-0.068662498,NCNGV,3,0.001302
0.054482944000000005,ct,30065107,242668,-0.1100006,399.8,P,0.75,-0.054482944000000005,NCJHP,3,0.006921
0.005809641,ct,30065107,242668,0.0499992,399.8,P,1.0,-0.005809641,NCNLN,3,0.009758
0.003170071,ct,30065107,242668,0.0500002,399.8,P,1.0,0.003170071,NCNOL,3,0.009759
0.129110962,ct,30065107,242668,-0.1899996,399.8,P,0.1,-0.129110962,NCJPP,3,0.000419
0.09878118100000001,ct,30065107,242668,-0.04,399.8,P,0.55,-0.09878118100000001,NCNCF,3,0.003754
0.034823456,ct,30065107,242668,0.0200005,399.8,P,0.75,-0.034823456,NCNTB,3,0.007208
0.043270393,ct,30058032,242027,-0.0500002,112.7,P,1.0,0.043270393,NCCSV,3,0.00972
0.0006018639999999999,ct,30058032,242027,-0.1000001,112.7,P,1.0,0.0006018639999999999,NCCAI,3,0.009995
0.016984272,ct,30058032,242027,-0.0900002,112.7,P,0.75,0.016984272,NCCPI,3,0.007483
0.009789953,ct,30058032,242027,-0.0799999,112.7,P,0.75,0.009789953,NCCVP,3,0.007494
0.007903189,ct,30058032,242027,-0.0900002,112.7,S,0.15,-0.007903189,NCCVP,4,0.000749
0.0033360919999999997,ct,30058032,242027,-0.1100001,112.7,P,0.35,-0.0033360919999999997,NCCSP,3,0.003498
0.0024983279999999997,ct,30058032,242027,-0.0799999,112.7,P,0.35,0.0024983279999999997,NCCMC,3,0.003498
0.003229201,ct,30058032,242027,-0.1000001,112.7,P,0.5,-0.003229201,NCCBW,3,0.004997
0.010628698,ct,30058032,242027,-0.0799999,112.7,P,1.0,0.010628698,NCJSB,3,0.00999
0.00770841,ct,30058032,242027,-0.1199999,112.7,P,0.5,-0.00770841,NCNHF,3,0.004997
0.017058975,ct,30058032,242027,-0.0899997,112.7,P,0.15,0.017058975,NCNTA,3,0.001497
0.012179788,ct,30058032,242027,-0.0799999,112.7,P,0.35,0.012179788,NCJMG,3,0.003496
0.009811356,ct,30058032,242027,-0.0799999,112.7,P,1.0,0.009811356,NCJSA,3,0.009991
0.008377729,ct,30058032,242027,-0.0799999,112.7,P,1.0,0.008377729,NCJCH,3,0.009993
0.017098742,ct,30058032,242027,-0.0699997,112.7,P,0.2,0.017098742,NCJHP,3,0.001995
0.00960215,ct,30058032,242027,-0.0999994,112.7,P,0.35,0.00960215,NCNOL,3,0.003497
0.014436486,ct,30058032,30065107,-0.0800002,33.9,P,1.0,0.014436486,NCCPI,3,0.00999
0.003028068,ct,30058032,30065107,-0.0900002,33.9,P,1.0,0.003028068,NCCAI,3,0.01
0.048487339,ct,30058032,30065107,-0.0400004,33.9,P,1.0,0.048487339,NCCSV,3,0.009615
0.000220482,ct,30058032,30065107,-0.0899999,33.9,P,0.75,-0.000220482,NCCVP,3,0.0075
0.0014832019999999999,ct,30058032,30065107,-0.0900002,33.9,S,0.2,-0.0014832019999999999,NCCVP,4,0.001
0.015118918,ct,30058032,30065107,-0.0799999,33.9,P,0.2,0.015118918,NCCSP,3,0.001998
0.016088335000000002,ct,30058032,30065107,-0.0699999,33.9,P,0.75,0.016088335000000002,NCCMC,3,0.007489
0.010383117,ct,30058032,30065107,-0.0800002,33.9,P,0.5,0.010383117,NCCBW,3,0.004998
0.008840851,ct,30058032,30065107,-0.0799999,33.9,P,1.0,0.008840851,NCJSB,3,0.009997
0.00371494,ct,30058032,30065107,-0.0999999,33.9,P,0.75,-0.00371494,NCNHF,3,0.0075
0.014718249999999999,ct,30058032,30065107,-0.0799999,33.9,P,0.55,0.014718249999999999,NCNTA,3,0.005494
0.017534328,ct,30058032,30065107,-0.0700002,33.9,P,1.0,0.017534328,NCJCP,3,0.009981
0.009395597,ct,30058032,30065107,-0.0799999,33.9,P,0.75,0.009395597,NCJMG,3,0.007498
0.001567427,ct,30058032,30065107,-0.0899997,33.9,P,1.0,-0.001567427,NCJSA,3,0.01
0.016321574999999998,ct,30058032,30065107,-0.0700002,33.9,P,0.15,0.016321574999999998,NCCNI,3,0.001498
0.025443004999999998,ct,30058032,30065107,-0.1199999,33.9,P,0.2,-0.025443004999999998,NCNBO,3,0.001989
0.038461105,ct,30058032,30065107,-0.0500002,33.9,P,0.15,0.038461105,NCJEG,3,0.001471
0.067216438,ct,30058032,30065107,-0.0199995,33.9,P,0.35,0.067216438,NCJHP,3,0.003148
0.004510203,ct,30058032,30065107,-0.0999994,33.9,P,0.6,-0.004510203,NCNOL,3,0.006
0.016816179,ct,30058032,30065107,-0.0700006,33.9,P,0.15,0.016816179,NCJPP,3,0.001498
0.004239312,ct,30058032,48565,-0.0699999,194.1,P,0.6,-0.004239312,NCCSP,3,0.005984
0.00370646,ct,30058032,48565,-0.0500002,194.1,P,1.0,0.00370646,NCCAI,3,0.009973
0.015738681,ct,30058032,48565,0.0,194.1,P,0.35,0.015738681,NCCMC,3,0.003486
0.011212158,ct,30058032,48565,-0.0300002,194.1,P,0.35,0.011212158,NCCBW,3,0.003489
0.004130898,ct,30058032,48565,-0.0300002,194.1,P,0.75,0.004130898,NCJMG,3,0.00748
0.001079317,ct,30058032,48565,-0.0299997,194.1,P,1.0,-0.001079317,NCJSA,3,0.009973
0.061642735000000004,ct,30058032,48565,-0.1300001,194.1,P,0.35,-0.061642735000000004,NCNOL,3,0.003219
0.10951460299999999,ct,30058032,48565,-0.1300001,194.1,P,0.6,-0.10951460299999999,NCJPP,3,0.003682
0.0013089109999999998,ct,30058032,402094,-0.0699999,537.6,P,0.75,0.0013089109999999998,NCCVP,3,0.007066
0.008072580999999999,ct,30058032,402094,0.0,537.6,P,1.0,0.008072580999999999,NCCPI,3,0.00942
0.007045989999999999,ct,30058032,402094,-0.0300002,537.6,P,1.0,0.007045989999999999,NCCAI,3,0.00942
0.035910812,ct,30058032,402094,-0.0800004,537.6,P,1.0,0.035910812,NCCSV,3,0.009276
0.032931549,ct,30058032,402094,-0.04,537.6,S,0.15,0.032931549,NCCVP,4,0.000697
0.013854192,ct,30058032,402094,0.02,537.6,P,0.35,0.013854192,NCCSP,3,0.003295
0.046281918,ct,30058032,402094,-0.0999999,537.6,P,0.75,0.046281918,NCCMC,3,0.006822
0.006697159,ct,30058032,402094,-0.0700002,537.6,P,0.75,0.006697159,NCCBW,3,0.007065
0.022988092,ct,30058032,402094,-0.0900002,537.6,P,1.0,0.022988092,NCJSB,3,0.009382
0.02112402,ct,30058032,402094,-0.0100002,537.6,P,0.5,-0.02112402,NCNHF,3,0.004694
0.005517534,ct,30058032,402094,-0.0099998,537.6,P,0.3,0.005517534,NCNTA,3,0.002826
0.005032026,ct,30058032,402094,-0.1300001,537.6,P,1.0,0.005032026,NCJCP,3,0.009421
0.01555646,ct,30058032,402094,-0.1199999,537.6,P,0.35,-0.01555646,NCJMG,3,0.003293
0.009577846,ct,30058032,402094,-0.1299996,537.6,P,1.0,-0.009577846,NCJSA,3,0.009419
0.015111806,ct,30058032,402094,-0.1700001,537.6,P,0.15,-0.015111806,NCCNI,3,0.001412
0.000783253,ct,30058032,402094,-0.1299996,537.6,P,0.6,0.000783253,NCJCH,3,0.005653
0.041467377,ct,30058032,402094,-0.0599999,537.6,P,0.15,-0.041467377,NCNBO,3,0.001378
0.029918455,ct,30058032,402094,-0.1500001,537.6,P,0.1,-0.029918455,NCJEG,3,0.000934
0.017105896000000002,ct,30058032,402094,-0.0199995,537.6,P,0.2,-0.017105896000000002,NCNOL,3,0.001881
0.004715872,ct,30058032,238298,-0.0899999,373.8,P,0.75,-0.004715872,NCCVP,3,0.007354
0.0025638429999999997,ct,30058032,238298,-0.1200001,373.8,P,1.0,-0.0025638429999999997,NCCAI,3,0.009806
0.001407724,ct,30058032,238298,-0.1400001,373.8,P,1.0,-0.001407724,NCCPI,3,0.009806
0.035954029,ct,30058032,238298,-0.0400004,373.8,P,1.0,0.035954029,NCCSV,3,0.009651
0.002854589,ct,30058032,238298,-0.1400001,373.8,P,0.35,0.002854589,NCCSP,3,0.003432
0.004740823,ct,30058032,238298,-0.04,373.8,P,0.5,0.004740823,NCCMC,3,0.004903
0.016149521,ct,30058032,238298,-0.0800002,373.8,P,0.5,0.016149521,NCCBW,3,0.004896
0.012473126000000001,ct,30058032,238298,-0.0599999,373.8,P,1.0,0.012473126000000001,NCJSB,3,0.009799
0.0048460330000000005,ct,30058032,238298,-0.1599998,373.8,P,0.75,-0.0048460330000000005,NCNHF,3,0.007354
0.016570023,ct,30058032,238298,-0.1199999,373.8,P,0.3,0.016570023,NCNTA,3,0.002937
0.009081972,ct,30058032,238298,-0.0500002,373.8,P,1.0,0.009081972,NCJCP,3,0.009803
0.008271595,ct,30058032,238298,-0.0700002,373.8,P,0.5,0.008271595,NCJMG,3,0.004902
0.008201907999999999,ct,30058032,238298,-0.0599999,373.8,P,1.0,0.008201907999999999,NCJSA,3,0.009804
0.011825528,ct,30058032,238298,-0.0499997,373.8,P,1.0,0.011825528,NCJCH,3,0.0098
0.008475504,ct,30058032,238298,-0.0599999,373.8,P,0.55,0.008475504,NCJEG,3,0.005392
0.07593396799999999,ct,30058032,238298,0.0200005,373.8,P,0.15,0.07593396799999999,NCJHP,3,0.001261
0.004590471,ct,30058032,238298,-0.1499996,373.8,P,0.6,-0.004590471,NCNOL,3,0.005883
0.057845905,ct,30058032,238298,-0.1100006,373.8,P,0.2,-0.057845905,NCJPP,3,0.001834
0.003801645,ct,30058032,44289,-0.0500002,109.7,P,1.0,-0.003801645,NCCAI,3,0.009995
0.039990982,ct,30058032,44289,-0.01,109.7,P,0.35,0.039990982,NCCSP,3,0.003422
0.018193323,ct,30058032,44289,-0.01,109.7,P,0.75,0.018193323,NCCMC,3,0.00748
0.009881138,ct,30058032,44289,-0.0300002,109.7,P,0.75,0.009881138,NCCBW,3,0.007494
0.007592652,ct,30058032,44289,-0.0599999,109.7,P,0.1,-0.007592652,NCNTA,3,0.000999
0.010845796999999999,ct,30058032,44289,-0.0500002,109.7,P,0.75,-0.010845796999999999,NCJMG,3,0.007493
0.003126511,ct,30058032,44289,-0.04,109.7,P,1.0,-0.003126511,NCJSA,3,0.009995
0.023007366,ct,30058032,44289,-0.0599999,109.7,P,0.15,-0.023007366,NCJEG,3,0.001493
0.015894909,ct,30058032,44289,-0.0499992,109.7,P,0.15,-0.015894909,NCJHP,3,0.001497
0.004546861,ct,30058032,44289,-0.0499992,109.7,P,0.2,0.004546861,NCNOL,3,0.001999
0.020422989000000003,ct,30058032,30034705,-0.0600002,335.7,P,1.0,0.020422989000000003,NCCPI,3,0.009831
0.013489206,ct,30058032,30034705,-0.0800002,335.7,P,1.0,0.013489206,NCCAI,3,0.009848
0.053367599,ct,30058032,30034705,-0.0700002,335.7,P,1.0,0.053367599,NCCSV,3,0.009369
0.020396896,ct,30058032,30034705,-0.11,335.7,P,0.75,0.020396896,NCCVP,3,0.007372
0.01445157,ct,30058032,30034705,-0.1400001,335.7,S,0.2,0.01445157,NCCVP,4,0.000985
0.038470486,ct,30058032,30034705,-0.04,335.7,P,0.6,0.038470486,NCCSP,3,0.005803
0.061144444,ct,30058032,30034705,-0.0899999,335.7,P,0.5,0.061144444,NCCMC,3,0.004554
0.012745419999999999,ct,30058032,30034705,-0.1000001,335.7,P,0.75,0.012745419999999999,NCCBW,3,0.007388
0.013775313,ct,30058032,30034705,-0.1100001,335.7,P,1.0,0.013775313,NCJSB,3,0.009847
0.020196825,ct,30058032,30034705,-0.0799999,335.7,P,0.75,-0.020196825,NCNHF,3,0.007371
0.004067294999999999,ct,30058032,30034705,-0.0699997,335.7,P,0.55,0.004067294999999999,NCNTA,3,0.005421
0.013302696,ct,30058032,30034705,-0.1199999,335.7,P,1.0,0.013302696,NCJCP,3,0.009848
0.018617884,ct,30058032,30034705,-0.0999999,335.7,P,0.75,0.018617884,NCJMG,3,0.007376
0.006174565,ct,30058032,30034705,-0.1199999,335.7,P,1.0,0.006174565,NCJSA,3,0.009856
0.010610503,ct,30058032,30034705,-0.1300001,335.7,P,0.3,0.010610503,NCCNI,3,0.002956
0.010881505999999999,ct,30058032,30034705,-0.1199999,335.7,P,1.0,0.010881505999999999,NCJCH,3,0.009852
0.004273953,ct,30058032,30034705,-0.1300001,335.7,P,0.55,-0.004273953,NCJEG,3,0.005421
0.095284164,ct,30058032,30034705,-0.04,335.7,P,0.2,0.095284164,NCJHP,3,0.001441
0.013374157999999999,ct,30058032,30034705,-0.0799999,335.7,P,0.2,-0.013374157999999999,NCNOL,3,0.00197
0.038040081,ct,30058032,30034705,-0.1000004,335.7,P,0.6,0.038040081,NCJPP,3,0.005802
0.008706114,ct,30058032,86036,-0.0800002,66.8,P,1.0,0.008706114,NCCAI,3,0.009997
0.015856387,ct,30058032,86036,-0.0700002,66.8,P,0.75,0.015856387,NCCBW,3,0.007489
0.0076024989999999995,ct,30058032,86036,-0.0799999,66.8,P,0.6,0.0076024989999999995,NCCSP,3,0.005998
0.002956644,ct,30058032,86036,-0.0799999,66.8,P,0.5,0.002956644,NCCMC,3,0.004999
0.011993155,ct,30058032,86036,-0.0799999,66.8,P,0.15,0.011993155,NCNTA,3,0.001499
0.018890574,ct,30058032,86036,-0.0700002,66.8,P,0.75,0.018890574,NCJMG,3,0.007482
0.008360331,ct,30058032,86036,-0.0799999,66.8,P,1.0,0.008360331,NCJSA,3,0.009997
0.011560692,ct,30058032,86036,-0.0999999,66.8,P,0.15,-0.011560692,NCJEG,3,0.001499
0.097727386,ct,30058032,86036,0.0100002,66.8,P,0.2,0.097727386,NCJHP,3,0.001425
0.032611607,ct,30058032,86036,-0.0599995,66.8,P,0.2,0.032611607,NCNOL,3,0.001976
0.01961433,ct,30058032,242668,-0.0500002,368.6,P,1.0,0.01961433,NCCAI,3,0.009786
0.024108154,ct,30058032,242668,-0.03,368.6,P,1.0,0.024108154,NCCPI,3,0.009767
0.023032412000000002,ct,30058032,242668,-0.0699999,368.6,P,0.75,0.023032412000000002,NCCVP,3,0.007327
0.049930695,ct,30058032,242668,-0.0800004,368.6,P,1.0,0.049930695,NCCSV,3,0.009407
0.01177836,ct,30058032,242668,-0.03,368.6,P,0.6,0.01177836,NCCSP,3,0.005883
0.036400597,ct,30058032,242668,-0.1099999,368.6,P,0.5,0.036400597,NCCMC,3,0.004824
0.02192185,ct,30058032,242668,-0.0800002,368.6,P,0.5,0.02192185,NCCBW,3,0.004889
0.022679115,ct,30058032,242668,-0.0999999,368.6,P,1.0,0.022679115,NCJSB,3,0.009771
0.000108294,ct,30058032,242668,-0.04,368.6,P,0.75,-0.000108294,NCNHF,3,0.007358
0.01665126,ct,30058032,242668,-0.04,368.6,P,0.3,0.01665126,NCNTA,3,0.002939
0.018106342,ct,30058032,242668,-0.1099997,368.6,P,1.0,0.018106342,NCJSA,3,0.009791
0.025557568,ct,30058032,242668,-0.1099997,368.6,P,1.0,0.025557568,NCJCH,3,0.009755
0.012088037,ct,30058032,242668,-0.1399999,368.6,P,0.3,-0.012088037,NCJEG,3,0.002941
0.0127335,ct,30058032,242668,-0.1300001,368.6,P,0.6,0.0127335,NCJHP,3,0.005882
0.0013401320000000002,ct,30058032,242668,-0.0499992,368.6,P,0.6,-0.0013401320000000002,NCNOL,3,0.005886
0.112294792,ct,30058032,242668,-0.2600002,368.6,P,0.15,-0.112294792,NCJPP,3,0.000867
0.021723501,ct,402094,242668,0.0,174.5,P,1.0,0.021723501,NCCVP,3,0.009947
0.0020758309999999998,ct,402094,242668,-0.05,174.5,P,0.75,-0.0020758309999999998,NCCSP,3,0.007485
0.009881318,ct,402094,242668,-0.01,174.5,P,0.75,-0.009881318,NCCMC,3,0.007482
0.016035576,ct,402094,242668,-0.03,174.5,P,1.0,0.016035576,NCCPI,3,0.009966
0.01522469,ct,402094,242668,-0.01,174.5,P,0.75,0.01522469,NCCBW,3,0.007476
0.012568339,ct,402094,242668,-0.02,174.5,P,1.0,0.012568339,NCCAI,3,0.009973
0.006441106,ct,402094,242668,-0.04,174.5,P,1.0,0.006441106,NCCPM,3,0.009979
0.006478322000000001,ct,402094,242668,0.0,174.5,P,0.6,0.006478322000000001,NCCBR,3,0.005987
0.0108734,ct,402094,242668,-0.0100002,174.5,P,0.5,-0.0108734,NCCSL,3,0.004988
0.014019885000000001,ct,402094,242668,0.0,174.5,P,1.0,0.014019885000000001,NCCSV,3,0.009971
0.017096703,ct,402094,242668,-0.0699997,174.5,P,1.0,-0.017096703,NCNMI,3,0.009963
0.054971729000000004,ct,402094,242668,0.0300002,174.5,P,0.6,0.054971729000000004,NCJPR,3,0.005655
0.019073349,ct,402094,242668,-0.02,174.5,P,0.75,-0.019073349,NCCLC,3,0.007467
0.000308977,ct,402094,242668,-0.0099998,174.5,P,1.0,-0.000308977,NCJSB,3,0.00998
0.091574844,ct,402094,242668,-0.1399999,174.5,P,0.35,-0.091574844,NCNLH,3,0.002652
0.021015726000000002,ct,402094,242668,-0.0299997,174.5,P,0.75,0.021015726000000002,NCNHF,3,0.007461
0.011133725,ct,402094,242668,-0.0300002,174.5,P,0.5,0.011133725,NCNTA,3,0.004988
0.027684187000000002,ct,402094,242668,0.02,174.5,P,1.0,0.027684187000000002,NCJSA,3,0.009908
0.058840183000000004,ct,402094,242668,0.0599999,174.5,P,0.2,0.058840183000000004,NCCCY,3,0.00186
0.05523811,ct,402094,242668,-0.1100001,174.5,P,0.35,-0.05523811,NCNSP,3,0.003295
0.024774315,ct,402094,242668,0.02,174.5,P,0.6,0.024774315,NCJCH,3,0.005957
0.017830418,ct,402094,242668,0.0100002,174.5,P,0.3,0.017830418,NCJEG,3,0.002988
0.037755795,ct,402094,242668,-0.0900002,174.5,P,0.2,-0.037755795,NCNGV,3,0.001959
0.010800418,ct,402094,242668,-0.04,174.5,P,0.75,0.010800418,NCNLN,3,0.007482
0.015765766,ct,402094,242668,-0.0299997,174.5,P,0.6,0.015765766,NCNOL,3,0.00598
0.030242574999999997,ct,402094,242668,-0.0200005,174.5,P,0.75,0.030242574999999997,NCNTB,3,0.007414
0.019087986,ct,402094,30034705,-0.0400001,347.9,P,1.0,0.019087986,NCCVP,3,0.009826
0.018479979,ct,402094,30034705,-0.1000001,347.9,S,0.15,-0.018479979,NCCVP,4,0.000736
0.024616292999999997,ct,402094,30034705,-0.0599999,347.9,P,0.75,0.024616292999999997,NCCSP,3,0.007349
0.014862528,ct,402094,30034705,0.01,347.9,P,0.75,0.014862528,NCCMC,3,0.007378
0.012350410000000001,ct,402094,30034705,-0.0600002,347.9,P,1.0,0.012350410000000001,NCCPI,3,0.009841
0.009412706,ct,402094,30034705,-0.03,347.9,P,1.0,0.009412706,NCCYB,3,0.009844
0.007482451,ct,402094,30034705,-0.04,347.9,S,0.1,0.007482451,NCCYB,4,0.000492
0.00604826,ct,402094,30034705,-0.03,347.9,P,1.0,0.00604826,NCCBW,3,0.009846
0.006443216999999999,ct,402094,30034705,-0.05,347.9,P,1.0,0.006443216999999999,NCCAI,3,0.009846
0.004735562,ct,402094,30034705,-0.0799999,347.9,P,1.0,-0.004735562,NCCPM,3,0.009846
0.001984861,ct,402094,30034705,0.0,347.9,P,0.6,0.001984861,NCCBR,3,0.005908
0.110771278,ct,402094,30034705,0.1199999,347.9,P,0.3,0.110771278,NCCSL,3,0.001788
0.017456791,ct,402094,30034705,0.0100002,347.9,P,1.0,0.017456791,NCCSV,3,0.00983
0.009104157,ct,402094,30034705,-0.0799999,347.9,P,1.0,-0.009104157,NCNMI,3,0.009844
0.05185141,ct,402094,30034705,-0.0900002,347.9,P,0.75,-0.05185141,NCJPR,3,0.007041
0.009899858,ct,402094,30034705,0.0,347.9,P,0.75,-0.009899858,NCCLC,3,0.007382
0.00921278,ct,402094,30034705,-0.02,347.9,P,1.0,-0.00921278,NCJSB,3,0.009844
0.000927195,ct,402094,30034705,-0.0699997,347.9,P,0.75,0.000927195,NCNHF,3,0.007385
0.001450239,ct,402094,30034705,-0.0599999,347.9,P,0.75,-0.001450239,NCNTA,3,0.007385
0.00827067,ct,402094,30034705,0.0100002,347.9,P,1.0,0.00827067,NCJCP,3,0.009845
0.11600453899999999,ct,402094,30034705,0.1300001,347.9,P,0.35,0.11600453899999999,NCCGP,3,0.001918
0.034174347,ct,402094,30034705,0.02,347.9,P,0.6,0.034174347,NCJMG,3,0.005827
0.015752411,ct,402094,30034705,0.0099998,347.9,P,1.0,0.015752411,NCJSA,3,0.009833
0.025722307,ct,402094,30034705,0.04,347.9,P,0.35,0.025722307,NCCNI,3,0.003427
0.032793285,ct,402094,30034705,-0.04,347.9,P,0.35,0.032793285,NCNSP,3,0.003404
0.010098252,ct,402094,30034705,0.0099998,347.9,P,0.6,0.010098252,NCJCH,3,0.005906
0.025644501,ct,402094,30034705,0.02,347.9,P,0.55,0.025644501,NCJEG,3,0.005384
0.009728743,ct,402094,30034705,-0.0599995,347.9,P,0.75,0.009728743,NCNLN,3,0.007382
0.003731738,ct,402094,30034705,-0.0600004,347.9,P,0.2,0.003731738,NCNOL,3,0.001969
0.058893742000000006,ct,402094,30034705,-0.0100002,347.9,P,0.75,0.058893742000000006,NCNTB,3,0.006873
0.008481042999999999,ct,402094,242027,-0.01,627.7,P,1.0,0.008481042999999999,NCCVP,3,0.009086
0.007359582999999999,ct,402094,242027,0.0300002,627.7,P,1.0,0.007359582999999999,NCCSV,3,0.009086
0.040834739999999994,ct,402094,242027,-0.0500002,627.7,S,0.1,-0.040834739999999994,NCCVP,4,0.000443
0.017190283,ct,402094,242027,-0.1300001,627.7,P,0.5,-0.017190283,NCCSP,3,0.004536
0.043783588,ct,402094,242027,0.02,627.7,P,0.6,-0.043783588,NCCMC,3,0.005292
0.008911693,ct,402094,242027,-0.0900002,627.7,P,0.75,0.008911693,NCCPI,3,0.006814
0.00992636,ct,402094,242027,-0.03,627.7,P,0.75,-0.00992636,NCCBW,3,0.006814
0.006444126,ct,402094,242027,-0.0699999,627.7,P,1.0,-0.006444126,NCCAI,3,0.009087
3.4529999999999996e-05,ct,402094,242027,-0.1099999,627.7,P,0.75,3.4529999999999996e-05,NCCPM,3,0.006816
0.015911013,ct,402094,242027,0.0500002,627.7,P,0.5,-0.015911013,NCCLC,3,0.004538
0.014521131999999999,ct,402094,242027,-0.0500002,627.7,P,0.6,-0.014521131999999999,NCJPR,3,0.005447
0.012359394999999999,ct,402094,242027,0.0100002,627.7,P,1.0,-0.012359394999999999,NCJSB,3,0.009082
0.01341561,ct,402094,242027,-0.1099997,627.7,P,0.5,0.01341561,NCNHF,3,0.00454
0.011541441000000001,ct,402094,242027,-0.0799999,627.7,P,0.35,0.011541441000000001,NCNTA,3,0.003179
0.027736246000000003,ct,402094,242027,0.04,627.7,P,0.2,0.027736246000000003,NCJMG,3,0.001804
0.0193892,ct,402094,242027,0.0499997,627.7,P,1.0,0.0193892,NCJSA,3,0.009065
0.009864219,ct,402094,242027,0.0599999,627.7,P,0.2,-0.009864219,NCCCY,3,0.001817
0.007594476,ct,402094,242027,0.0499997,627.7,P,0.6,0.007594476,NCJCH,3,0.005452
0.026708046,ct,402094,242027,-0.0799999,627.7,P,0.35,0.026708046,NCNOL,3,0.003159
0.002635517,ct,30034705,242668,0.0400001,265.1,P,1.0,0.002635517,NCCVP,3,0.009932
0.026692125,ct,30034705,242668,0.01,265.1,P,1.0,-0.026692125,NCCSP,3,0.009868
0.024743845,ct,30034705,242668,-0.02,265.1,P,0.5,-0.024743845,NCCMC,3,0.004941
0.0036851650000000002,ct,30034705,242668,0.0300002,265.1,P,1.0,0.0036851650000000002,NCCPI,3,0.009932
0.009176432,ct,30034705,242668,0.02,265.1,P,0.75,0.009176432,NCCBW,3,0.007447
0.0061251230000000005,ct,30034705,242668,0.03,265.1,P,1.0,0.0061251230000000005,NCCAI,3,0.009931
0.011176669,ct,30034705,242668,0.04,265.1,P,1.0,0.011176669,NCCPM,3,0.009928
0.004493461,ct,30034705,242668,0.0,265.1,P,1.0,0.004493461,NCCBR,3,0.009932
0.12164467600000001,ct,30034705,242668,-0.1300001,265.1,P,0.3,-0.12164467600000001,NCCSL,3,0.001498
0.003436905,ct,30034705,242668,-0.0100002,265.1,P,1.0,-0.003436905,NCCSV,3,0.009932
0.007992543000000001,ct,30034705,242668,0.0100002,265.1,P,1.0,-0.007992543000000001,NCNMI,3,0.00993
0.106823135,ct,30034705,242668,0.1200004,265.1,P,0.35,0.106823135,NCJPR,3,0.002224
0.009173492,ct,30034705,242668,-0.02,265.1,P,1.0,-0.009173492,NCCLC,3,0.00993
0.008903802,ct,30034705,242668,0.0100002,265.1,P,1.0,0.008903802,NCJSB,3,0.00993
0.020088531,ct,30034705,242668,0.04,265.1,P,1.0,0.020088531,NCNHF,3,0.009906
0.012583963,ct,30034705,242668,0.0299997,265.1,P,0.75,0.012583963,NCNTA,3,0.007444
0.011931777000000001,ct,30034705,242668,0.0100002,265.1,P,1.0,0.011931777000000001,NCJSA,3,0.009927
0.088031395,ct,30034705,242668,-0.0700002,265.1,P,0.5,-0.088031395,NCNSP,3,0.003886
0.014676063,ct,30034705,242668,0.0100002,265.1,P,1.0,0.014676063,NCJCH,3,0.009922
0.007814084,ct,30034705,242668,-0.0099998,265.1,P,0.75,-0.007814084,NCJEG,3,0.007448
0.082550659,ct,30034705,242668,-0.0900002,265.1,P,0.6,-0.082550659,NCJHP,3,0.00488
0.001071674,ct,30034705,242668,0.0199995,265.1,P,1.0,0.001071674,NCNLN,3,0.009932
0.012034027,ct,30034705,242668,0.0300007,265.1,P,0.6,0.012034027,NCNOL,3,0.005956
0.014754167,ct,30034705,242668,0.0,265.1,P,0.35,0.014754167,NCCMJ,3,0.003472
0.150334869,ct,30034705,242668,-0.1599998,265.1,P,0.55,-0.150334869,NCJPP,3,0.00125
0.028651163,ct,30034705,242668,-0.0100002,265.1,P,1.0,-0.028651163,NCNTB,3,0.00985
0.041254681,ct,30034705,242668,0.0300007,265.1,P,0.2,0.041254681,NCNMC,3,0.001941
0.010606942,ct,30034705,242027,0.0300001,448.1,P,1.0,-0.010606942,NCCVP,3,0.009658
0.010097206,ct,30034705,242027,0.02,448.1,P,1.0,-0.010097206,NCCSV,3,0.009659
0.022354759000000002,ct,30034705,242027,0.05,448.1,S,0.15,-0.022354759000000002,NCCVP,4,0.000722
0.041806579999999996,ct,30034705,242027,-0.0700002,448.1,P,0.75,-0.041806579999999996,NCCSP,3,0.007072
0.058646118000000004,ct,30034705,242027,0.01,448.1,P,0.35,-0.058646118000000004,NCCMC,3,0.003154
0.003438717,ct,30034705,242027,-0.03,448.1,P,0.75,-0.003438717,NCCPI,3,0.007246
0.015974621,ct,30034705,242027,0.0,448.1,P,0.75,-0.015974621,NCCBW,3,0.007238
0.012887342,ct,30034705,242027,-0.02,448.1,P,1.0,-0.012887342,NCCAI,3,0.009655
0.004770092,ct,30034705,242027,-0.03,448.1,P,0.75,0.004770092,NCCPM,3,0.007246
0.139041672,ct,30034705,242027,0.2,448.1,P,0.15,0.139041672,NCCSL,3,0.000481
0.006011156,ct,30034705,242027,0.0500002,448.1,P,0.75,-0.006011156,NCCLC,3,0.007246
0.03733028,ct,30034705,242027,0.04,448.1,P,0.35,0.03733028,NCJPR,3,0.003322
0.003146615,ct,30034705,242027,0.0300002,448.1,P,1.0,-0.003146615,NCJSB,3,0.009662
0.012488416,ct,30034705,242027,-0.04,448.1,P,0.75,0.012488416,NCNHF,3,0.007241
0.01299168,ct,30034705,242027,-0.02,448.1,P,0.6,0.01299168,NCNTA,3,0.005793
0.006438097,ct,30034705,242027,0.02,448.1,P,0.6,-0.006438097,NCJMG,3,0.005797
0.003636791,ct,30034705,242027,0.04,448.1,P,1.0,0.003636791,NCJSA,3,0.009662
0.002503777,ct,30034705,242027,0.04,448.1,P,1.0,-0.002503777,NCJCH,3,0.009662
0.07818541700000001,ct,30034705,242027,-0.0299997,448.1,P,0.2,-0.07818541700000001,NCJHP,3,0.001632
0.103736671,ct,30034705,242027,-0.0500002,448.1,P,0.3,-0.103736671,NCCMJ,3,0.00193
0.022976309,ct,30034705,242027,-0.0199995,448.1,P,0.35,0.022976309,NCNOL,3,0.003367
0.013242459,ct,242668,242027,-0.01,454.7,P,1.0,-0.013242459,NCCVP,3,0.009638
0.006660302,ct,242668,242027,0.0300002,454.7,P,1.0,-0.006660302,NCCSV,3,0.009645
0.015114451000000001,ct,242668,242027,-0.0800002,454.7,P,0.75,-0.015114451000000001,NCCSP,3,0.007226
0.033902271,ct,242668,242027,0.03,454.7,P,0.35,-0.033902271,NCCMC,3,0.00333
0.007123882,ct,242668,242027,-0.0600002,454.7,P,0.75,-0.007123882,NCCPI,3,0.007234
0.025151052,ct,242668,242027,-0.02,454.7,P,0.5,-0.025151052,NCCBW,3,0.004798
0.019012466,ct,242668,242027,-0.05,454.7,P,1.0,-0.019012466,NCCAI,3,0.009624
0.006406576000000001,ct,242668,242027,-0.0699999,454.7,P,0.75,-0.006406576000000001,NCCPM,3,0.007234
0.06949285899999999,ct,242668,242027,-0.0800004,454.7,P,0.2,-0.06949285899999999,NCJPR,3,0.001717
0.003162336,ct,242668,242027,0.0700002,454.7,P,0.75,0.003162336,NCCLC,3,0.007234
0.012050416999999999,ct,242668,242027,0.02,454.7,P,1.0,-0.012050416999999999,NCJSB,3,0.00964
0.007600116,ct,242668,242027,-0.0799999,454.7,P,0.75,-0.007600116,NCNHF,3,0.007234
0.000407716,ct,242668,242027,-0.0499997,454.7,P,0.35,0.000407716,NCNTA,3,0.003376
0.008294985999999999,ct,242668,242027,0.0299997,454.7,P,1.0,-0.008294985999999999,NCJSA,3,0.009644
0.06870440700000001,ct,242668,242027,0.0,454.7,P,0.2,-0.06870440700000001,NCCCY,3,0.001723
0.015568594,ct,242668,242027,0.04,454.7,P,0.2,-0.015568594,NCCDO,3,0.001927
0.01717984,ct,242668,242027,0.0299997,454.7,P,1.0,-0.01717984,NCJCH,3,0.009629
0.004365241,ct,242668,242027,0.0600004,454.7,P,0.6,0.004365241,NCJHP,3,0.005787
0.118490837,ct,242668,242027,-0.0500002,454.7,P,0.15,-0.118490837,NCCMJ,3,0.00077
0.010942282000000001,ct,242668,242027,-0.0500002,454.7,P,0.75,0.010942282000000001,NCNOL,3,0.007231
0.004175861,ct,242668,86036,-0.05,385.7,P,1.0,-0.004175861,NCCSP,3,0.009782
0.006065463,ct,242668,86036,0.01,385.7,P,0.75,-0.006065463,NCCBW,3,0.007336
0.007388356,ct,242668,86036,-0.0599995,385.7,P,1.0,-0.007388356,NCNLN,3,0.009781
0.033443954,ct,242668,86036,0.03,385.7,P,0.5,-0.033443954,NCCMC,3,0.004827
0.010908216,ct,242668,86036,-0.03,385.7,P,1.0,-0.010908216,NCCAI,3,0.009778
0.006646483,ct,242668,86036,0.0599999,385.7,P,1.0,-0.006646483,NCCLC,3,0.009781
0.022002644000000002,ct,242668,86036,0.02,385.7,P,0.15,0.022002644000000002,NCJPR,3,0.001462
0.018790815,ct,242668,86036,-0.02,385.7,P,0.2,-0.018790815,NCCDU,3,0.001953
0.0052933089999999995,ct,242668,86036,-0.0300002,385.7,P,0.35,0.0052933089999999995,NCNLH,3,0.003423
0.004658104,ct,242668,86036,-0.04,385.7,P,0.35,-0.004658104,NCNTA,3,0.003424
0.009746012,ct,242668,86036,0.0299997,385.7,P,1.0,-0.009746012,NCJSA,3,0.009779
0.007185277,ct,242668,86036,0.0600004,385.7,P,0.35,-0.007185277,NCCPL,3,0.003423
0.047143169,ct,242668,86036,0.02,385.7,P,0.2,-0.047143169,NCCCY,3,0.001888
0.106844788,ct,242668,86036,0.0500002,385.7,P,0.3,0.106844788,NCNSP,3,0.001847
0.0005273459999999999,ct,242668,86036,0.04,385.7,P,0.35,0.0005273459999999999,NCJEG,3,0.003424
0.08499388100000001,ct,242668,86036,0.1400003,385.7,P,0.6,0.08499388100000001,NCJHP,3,0.004718
0.033951735999999996,ct,242668,86036,-0.0100002,385.7,P,0.6,0.033951735999999996,NCNOL,3,0.005787
0.097798218,ct,242668,86036,-0.0300007,385.7,P,0.35,-0.097798218,NCCMJ,3,0.002446
0.001903896,ct,242027,38520,0.0500002,314.7,P,0.75,-0.001903896,NCCSP,3,0.007412
0.002366607,ct,242027,38520,-0.04,314.7,P,0.2,-0.002366607,NCCMC,3,0.001976
0.017262083,ct,242027,38520,0.02,314.7,P,0.75,0.017262083,NCCBW,3,0.007399
0.0035080330000000002,ct,242027,38520,0.03,314.7,P,1.0,0.0035080330000000002,NCCAI,3,0.009882
0.012583282999999999,ct,242027,38520,-0.0300002,314.7,P,0.75,0.012583282999999999,NCCLC,3,0.007407
0.049142440999999995,ct,242027,38520,0.0600004,314.7,P,0.35,0.049142440999999995,NCJPR,3,0.003319
0.00771019,ct,242027,38520,0.0299997,314.7,P,0.2,-0.00771019,NCNTA,3,0.001976
0.00396505,ct,242027,38520,-0.0100002,314.7,P,0.35,0.00396505,NCJMG,3,0.003459
0.006575307999999999,ct,242027,38520,-0.0299997,314.7,P,1.0,-0.006575307999999999,NCJSA,3,0.009881
0.035426769,ct,242027,38520,0.0,314.7,P,0.2,0.035426769,NCCDO,3,0.001948
0.065472237,ct,242027,38520,0.0299997,314.7,P,0.2,0.065472237,NCJHP,3,0.001792
0.094382248,ct,242027,38520,0.0500002,314.7,P,0.1,0.094382248,NCCMJ,3,0.000731
0.004792237,ct,242027,38520,0.04,314.7,P,0.5,-0.004792237,NCNOL,3,0.004941
0.024856792,ct,242027,484120,0.0,510.6,P,1.0,-0.024856792,NCJSA,3,0.009452
0.004383001,ct,242027,484120,0.0599999,510.6,P,1.0,-0.004383001,NCCVP,3,0.009502
0.012898429,ct,242027,484120,0.0900002,510.6,P,0.75,-0.012898429,NCCAI,3,0.007121
0.021305050000000002,ct,242027,484120,0.0800002,510.6,S,0.1,0.021305050000000002,NCCVP,4,0.000473
0.020767088,ct,242027,484120,0.1200001,510.6,P,0.35,-0.020767088,NCCSP,3,0.003315
0.013931684000000001,ct,242027,484120,0.01,510.6,P,0.15,0.013931684000000001,NCCMC,3,0.001424
0.028703909,ct,242027,484120,0.0900002,510.6,P,0.35,0.028703909,NCCBW,3,0.0033
0.13964833100000001,ct,242027,484120,-0.1499999,510.6,P,0.15,-0.13964833100000001,NCCSL,3,0.000467
0.122239098,ct,242027,484120,-0.1300001,510.6,P,0.5,-0.122239098,NCCLC,3,0.002352
0.048094463,ct,242027,484120,0.0799999,510.6,P,0.55,0.048094463,NCJSB,3,0.005029
0.041103996000000004,ct,242027,484120,0.1900001,510.6,P,0.35,0.041103996000000004,NCNHF,3,0.003251
0.010244657,ct,242027,484120,0.0299997,510.6,P,0.15,-0.010244657,NCJMG,3,0.001425
0.043828728,ct,242027,484120,0.1799994,510.6,P,0.3,0.043828728,NCNOL,3,0.002772
