id,isotime,latitude,longitude,depth,magnitude,relocated,startRms,finalRms,locChange,depthChange,timeChange,numNeighbours,ph_usedP,ph_usedS,ph_stationDistMin,ph_stationDistMedian,ph_stationDistMax,dd_numTTp,dd_numTTs,dd_numCCp,dd_numCCs,dd_startResidualMedian,dd_startResidualMAD,dd_finalResidualMedian,dd_finalResidualMAD
362223,2022-03-28T07:27:57.399005Z,50.543647613884,29.013613398784,78.2312658267,1.00,true,1.361,2.876,58.093,77.731,-10.601,60,20,20,79.374,80.682,82.375,1080,1053,0,0,-0.0376,0.0515,-0.0018,0.0384
484048,2022-03-28T07:29:19.907451Z,50.569542088138,29.018625361068,77.5196428201,1.00,true,1.049,2.782,54.967,77.020,-10.093,61,14,15,78.536,79.588,80.837,796,857,0,0,-0.0418,0.0423,-0.0347,0.0436
1356848,2022-03-28T07:37:52.551136Z,50.481675713647,29.013602329043,74.5449523438,1.00,true,0.616,2.913,63.763,74.045,-9.449,57,20,21,76.125,78.572,81.378,1021,1047,0,0,-0.2253,0.2293,-0.0462,0.1186
5726962,2022-05-04T17:18:31.812519Z,49.858664938207,27.748672420700,75.7097903785,1.00,true,3.176,0.868,295.850,75.210,0.813,2,21,16,145.893,153.346,160.463,42,22,0,0,-0.4944,1.4974,0.0880,0.2996
8686598,2022-03-28T08:11:29.026154Z,50.841252689639,28.995364358011,62.9466360709,1.00,true,1.590,1.508,51.460,62.447,-2.974,10,20,20,63.438,66.190,72.183,177,179,0,0,-0.1775,0.1640,0.0634,0.1309
10376973,2022-03-28T08:28:13.492548Z,50.536606944818,28.655271677964,54.8999072200,1.00,true,1.112,2.875,65.258,54.400,-9.507,45,13,20,63.738,67.129,71.045,527,791,0,0,-0.1879,0.1280,-0.0072,0.0887
12187277,2022-02-25T00:41:01.275219Z,55.658071620568,-50.600398862217,1558.8670993393,1.00,true,1.622,2.258,5114.687,1558.367,-796.725,31,22,0,4684.801,4696.009,4705.201,609,0,0,0,0.1612,0.0741,-0.0548,0.1371
24960911,2022-03-15T21:24:35.404074Z,51.383454996831,31.629103335210,198.0424104781,1.00,true,1.582,0.473,81.487,197.542,-28.596,2,20,0,268.013,273.344,277.301,40,0,0,0,0.0036,0.5985,0.8788,0.1645
34454771,2022-08-09T14:32:35.274397Z,50.838832188661,28.927677098072,22.8804825494,1.00,true,0.705,1.255,16.807,22.380,-2.726,40,15,18,25.214,34.214,43.873,434,505,0,0,-0.0857,0.1752,0.0108,0.0991
42519302,2022-02-25T03:57:45.821883Z,51.272858780009,28.786334599107,41.8186155084,1.00,true,1.693,1.383,46.888,41.319,-4.178,25,22,19,71.370,82.166,94.911,432,393,0,0,0.0501,0.1318,0.0224,0.0709
47390802,2022-02-25T04:05:45.821263Z,50.094378423042,26.083890959812,204.1597113532,1.00,true,2.327,10.064,356.927,203.660,-34.179,24,24,23,296.765,302.946,307.966,566,426,0,0,-1.7857,14.5751,-0.1078,0.3062
47569698,2022-03-28T12:00:05.046467Z,50.312944491397,29.232544753339,65.0286704323,1.00,true,0.509,2.954,63.395,64.529,-9.954,59,22,22,70.175,77.635,83.887,1173,1141,0,0,-0.0061,0.0700,-0.0100,0.0337
47663123,2022-03-28T12:00:58.637564Z,50.143633660548,29.452127032128,58.1051976506,1.00,true,0.869,2.989,84.120,57.605,-9.362,58,20,21,75.581,86.055,95.485,1068,1027,0,0,-0.3151,0.2644,-0.1474,0.1105
47779523,2022-03-28T12:02:15.638761Z,50.332966488121,28.547394247627,62.6869473111,1.00,true,0.765,3.175,94.876,62.187,-9.361,48,22,21,81.569,85.294,89.851,939,822,0,0,-0.0551,0.1159,0.0233,0.0965
47870573,2022-03-28T12:03:06.529995Z,50.525536706041,29.021005787010,82.6416686987,1.00,true,0.584,2.905,55.510,82.142,-9.470,52,22,22,83.685,85.180,87.177,1008,929,0,0,0.0035,0.0857,0.0326,0.0454
47962473,2022-03-28T12:03:57.526034Z,51.136599290551,29.975233249028,36.2601061328,1.00,true,0.613,3.475,56.761,35.760,-10.474,41,22,22,78.468,84.885,91.910,826,785,0,0,0.0423,0.2031,-0.1911,0.3096
48154848,2022-03-28T12:05:52.152195Z,50.697716778823,28.643606622629,41.2246080806,1.00,true,0.329,2.513,43.992,40.725,-7.848,14,20,12,48.723,55.121,61.741,262,154,0,0,0.1030,0.0758,-0.0264,0.0438
48306252,2022-02-25T04:15:38.762808Z,49.845403859045,29.816666746162,79.3812357500,1.00,true,3.551,1.788,99.532,78.881,1.763,4,24,20,119.378,130.136,140.975,81,70,0,0,0.1690,0.2501,-0.8534,0.3988
48800673,2022-03-28T12:12:46.384308Z,50.329893903420,29.252545662728,3.3611183431,1.00,true,0.664,0.827,5.862,2.861,0.384,5,18,16,25.009,40.391,51.927,71,74,0,0,0.0685,0.2793,-0.1608,0.1636
50476775,2022-07-06T08:00:41.275915Z,50.904143740497,28.960064534280,22.7947987023,1.00,true,1.113,1.221,24.386,22.295,-3.724,50,24,20,27.451,36.946,48.512,1027,783,0,0,0.0776,0.0705,-0.0078,0.0304
50870502,2022-02-25T04:40:57.374885Z,50.356773112426,29.447960701723,86.3826132198,1.00,true,1.602,1.688,61.788,85.883,-3.625,22,24,21,90.631,95.569,102.084,439,326,0,0,0.2120,0.3178,-0.1133,0.1445
54778038,2022-12-30T07:03:35.582312Z,51.429974190302,31.310708196724,13.0414513639,1.00,true,1.977,6.434,258.873,12.541,-20.418,8,24,19,165.924,173.544,181.996,185,64,0,0,-0.2305,0.2645,-0.3852,0.2412
61898348,2022-03-28T13:43:42.40943Z,49.601390022150,28.641295385020,83.7609340332,1.00,true,2.532,1.840,261.398,83.261,-1.591,8,21,20,140.021,150.562,157.053,158,107,0,0,0.0429,0.5064,-0.1199,0.3323
81911652,2022-02-25T07:51:32.331541Z,50.228909200464,28.625516827840,25.4809196090,1.00,true,0.554,2.714,81.805,24.981,-9.668,43,20,10,58.407,67.806,73.950,764,366,0,0,0.2150,0.1422,0.0005,0.0851
86863433,2022-08-22T08:05:44.846698Z,50.878110240065,28.927397405929,21.9911441683,1.00,true,0.537,1.143,19.853,21.491,-3.153,46,12,13,27.242,36.841,46.728,441,464,0,0,0.0259,0.0460,0.0106,0.0188
87777738,2022-12-30T10:33:52.476827Z,50.888570649573,28.905028554098,21.3916126908,1.00,true,0.425,1.220,20.210,20.892,-2.523,74,24,23,26.547,36.969,48.031,1533,1259,0,0,-0.3565,0.2597,-0.0499,0.1053
88719377,2022-02-25T08:19:42.748739Z,50.813380823016,28.749238341634,71.2587281666,1.00,true,1.323,2.191,21.015,70.759,-7.251,44,24,24,73.965,78.337,83.447,935,898,0,0,0.2040,0.2855,-0.0113,0.1482
89178102,2022-02-25T08:24:01.315386Z,50.832231726569,28.803447251356,71.9484915937,1.00,true,1.431,2.165,22.471,71.448,-7.685,50,22,22,74.043,78.236,83.272,990,970,0,0,0.2656,0.1491,-0.0563,0.0885
89490102,2022-02-25T08:27:13.408296Z,50.817156294261,28.796241633445,72.6765644659,1.00,true,0.540,2.128,24.073,72.177,-6.592,40,24,24,74.649,78.660,83.470,839,803,0,0,0.1293,0.0886,-0.0070,0.0478
90096702,2022-02-25T08:33:20.119323Z,50.802551005003,28.752762322478,71.4933482988,1.00,true,0.928,2.120,22.707,70.993,-6.881,44,24,24,74.015,78.207,83.233,934,895,0,0,0.0460,0.2237,-0.0412,0.0986
91248149,2022-05-17T14:20:58.215622Z,43.407392730710,23.028813469596,181.6009633979,1.00,true,3.769,70.762,1011.773,181.101,-116.784,40,22,24,926.275,935.810,942.824,848,921,0,0,0.3453,0.2802,3.8063,1.1426
91280977,2022-02-25T08:45:09.431119Z,50.973359283825,28.830046452871,61.0922159547,1.00,true,1.216,1.202,60.357,60.592,-1.569,9,22,14,66.529,73.472,81.281,150,97,0,0,0.0987,0.2991,-0.0265,0.1362
96613016,2022-04-01T18:35:01.815909Z,51.055649082824,28.417960636815,37.0396475123,1.00,true,1.061,0.850,55.549,36.540,-0.184,11,21,21,65.059,76.583,86.849,198,189,0,0,-0.0359,0.1511,-0.0037,0.0752
99001673,2022-03-28T17:14:36.047512Z,50.610445633934,30.537490542197,3.9808024051,1.00,true,0.765,3.976,61.738,3.481,-10.952,63,20,17,88.466,97.222,108.674,1145,908,0,0,0.0143,0.1060,0.1686,0.0622
100570048,2022-03-28T17:30:04.215718Z,50.655090257159,30.458823112081,3.3854162460,1.00,true,0.557,3.522,57.880,2.885,-10.784,47,21,22,82.979,91.246,102.535,892,920,0,0,0.1721,0.1036,-0.1259,0.1066
100606873,2022-03-28T17:30:42.203999Z,50.370337619867,28.875120838859,60.3388122875,1.00,true,0.367,3.206,68.406,59.839,-9.796,58,22,22,67.656,72.339,76.380,1043,1058,0,0,-0.2020,0.2786,0.4747,0.3498
100708973,2022-03-28T17:31:44.393232Z,50.473925621848,29.730786356067,61.1076524764,1.00,true,0.993,2.909,39.328,60.608,-10.607,68,22,22,70.447,76.173,84.814,1347,1294,0,0,0.3190,0.2646,0.0645,0.1842
100887073,2022-03-28T17:33:23.163807Z,50.392732448665,29.188392430523,58.1331748647,1.00,true,0.948,2.664,50.375,57.633,-9.836,48,22,22,60.716,67.025,72.725,918,896,0,0,0.0879,0.0565,-0.0094,0.0343
100988173,2022-03-28T17:34:23.42396Z,50.447007325846,29.127229316565,67.7396324654,1.00,true,0.960,2.838,46.976,67.240,-10.576,54,21,17,68.918,72.965,77.148,1035,765,0,0,-0.0371,0.0672,-0.0344,0.0749
101108798,2022-03-28T17:35:43.832772Z,50.385973838716,29.352619856950,69.8987769318,1.00,true,0.469,2.947,52.732,69.399,-10.167,66,22,22,72.983,78.600,85.006,1316,1261,0,0,-0.0509,0.0816,-0.0157,0.0387
101155278,2022-04-14T07:29:38.991929Z,50.519139581063,29.398698905006,70.2515696813,1.00,true,1.389,2.247,22.138,69.752,-8.008,53,24,23,71.499,74.548,79.815,1063,964,0,0,-0.0613,0.0831,0.0362,0.0507
101198548,2022-03-28T17:36:33.908472Z,50.331230096028,29.329036991389,63.9625972501,1.00,true,0.634,2.979,58.328,63.463,-10.092,59,22,22,68.978,76.039,83.213,1119,1091,0,0,0.1065,0.0615,-0.0233,0.0350
105927063,2022-12-30T12:13:07.562513Z,47.021634206188,33.351723479623,429.5143786421,1.00,true,2.935,30.944,678.116,429.014,-116.437,43,24,24,643.672,652.669,663.120,1023,987,0,0,-0.1894,0.4416,2.1838,0.2550
108765573,2022-03-28T18:12:00.883397Z,50.015801131497,29.172424055356,43.9524261897,1.00,true,0.855,3.281,103.919,43.452,-10.117,47,18,16,73.826,86.832,95.501,776,672,0,0,-0.0532,0.1109,0.0627,0.0629
110193123,2022-03-28T18:25:29.469194Z,49.264432613778,30.946071375166,190.4216415961,1.00,true,0.893,2.932,197.878,189.922,-69.531,64,0,18,266.835,276.202,285.726,0,1018,0,0,0.2733,0.2321,-0.0695,0.2306
110257878,2022-04-14T08:18:46.151599Z,44.324555117109,26.981641654413,141.1412383890,1.00,true,2.270,36.180,856.604,140.641,-122.848,87,24,22,718.242,730.451,739.277,2071,1841,0,0,-0.1092,0.2540,2.3917,0.6151
110478082,2022-03-11T00:30:51.788351Z,49.347741588434,29.803576634635,81.6809964275,1.00,true,1.937,1.452,153.537,81.181,-2.212,6,20,20,161.709,175.897,185.750,117,118,0,0,0.4917,0.3017,-0.0994,0.1601
110573657,2022-03-11T00:31:50.12655Z,49.613829830366,29.651177912220,118.1223594670,1.00,true,3.020,1.297,161.527,117.622,0.127,2,19,17,160.008,170.911,179.448,38,34,0,0,-0.3184,0.2930,-0.0692,0.4175
113434653,2022-04-14T08:52:25.943943Z,50.471558567714,28.434352919895,2.0685795617,1.00,true,1.046,0.571,2.950,1.569,-0.056,4,24,24,47.000,55.402,62.398,88,87,0,0,0.4485,0.2355,-0.0835,0.1459
117575027,2022-02-25T11:08:05.63829Z,51.117318150863,28.524493291037,34.5211429888,1.00,true,0.791,0.704,23.284,34.021,0.638,4,23,23,62.672,74.730,86.066,79,77,0,0,-17.6553,5.9113,0.0108,0.0898
118376602,2022-02-25T11:15:58.791347Z,50.441823688613,29.249153022373,83.0897133080,1.00,true,1.018,2.443,73.170,82.590,-8.209,24,24,24,84.015,87.490,92.093,496,502,0,0,0.0475,0.1422,0.0120,0.0884
118475052,2022-02-25T11:17:03.395765Z,49.554581986136,28.738912680184,85.3008333712,1.00,true,2.573,1.907,257.254,84.801,-2.604,9,23,9,143.076,152.894,161.082,180,62,0,0,-0.0557,0.2539,-0.0201,0.1869
120211378,2022-04-14T09:19:58.786626Z,50.419665267121,29.234763338854,92.3322968433,1.00,true,1.507,1.977,80.477,91.832,-4.213,51,16,10,93.483,97.425,101.285,725,362,0,0,-0.0778,0.1470,-0.0451,0.1026
128141132,2022-03-11T02:07:15.936699Z,50.365399356526,31.080386306085,118.1832719883,1.00,true,3.012,1.623,129.782,117.683,-1.063,12,13,15,176.650,182.965,191.560,154,160,0,0,-0.0540,0.2117,-0.1718,0.1934
130372232,2022-03-11T02:29:38.813407Z,50.328139068119,28.810685381334,52.7253084850,1.00,true,1.280,2.930,67.976,52.225,-10.187,43,21,21,64.485,70.118,74.725,856,810,0,0,0.2110,0.1292,-0.0444,0.0564
130842557,2022-03-11T02:34:06.893165Z,50.287741526013,27.883343236715,7.9981721586,1.00,true,0.969,4.116,142.681,7.498,-12.107,41,21,17,93.559,99.346,106.702,784,609,0,0,0.1476,0.1649,0.1467,0.1682
138543961,2022-05-30T07:44:49.629468Z,50.911434486841,28.905805559859,18.9844828217,1.00,true,1.225,1.251,22.071,18.484,-3.371,41,23,11,26.004,37.475,49.040,850,389,0,0,-0.5112,0.2424,0.0536,0.1094
142594973,2022-03-28T21:50:39.54448Z,50.525705806753,28.984038287382,2.2251116543,1.00,true,0.816,0.628,5.492,1.725,-0.456,11,9,21,16.705,22.688,28.256,63,202,0,0,-0.2785,0.2022,0.0624,0.0851
147503977,2022-02-25T14:07:35.332373Z,50.548572038885,28.734308061863,26.5138560199,1.00,true,0.925,0.768,15.930,26.014,1.332,5,18,22,35.812,42.546,47.628,85,103,0,0,-21.4162,7.4785,0.0558,0.2093
148494352,2022-02-25T14:17:14.618484Z,50.474932777674,29.028763861071,69.3248423091,1.00,true,1.042,2.809,50.789,68.825,-10.382,49,24,24,70.913,73.406,76.930,1032,971,0,0,-0.1073,0.0891,0.0182,0.0416
151607948,2022-03-28T22:40:43.562847Z,50.200223410459,28.446427784186,8.6880708362,1.00,true,1.000,3.008,98.194,8.188,-10.437,40,22,19,66.913,73.831,80.622,727,646,0,0,-120.6707,3.9628,-0.3246,0.1014
151637057,2022-03-11T04:42:02.548403Z,50.404089401049,29.282924519932,69.2657673523,1.00,true,0.646,2.859,50.678,68.766,-10.452,53,20,21,71.352,76.775,82.337,967,979,0,0,0.0040,0.0692,0.0054,0.0462
154203561,2022-05-30T09:01:02.725777Z,50.208822706117,29.007523476654,76.7722429433,1.00,true,1.610,2.572,105.883,76.272,-9.274,27,23,22,86.685,93.252,99.172,538,503,0,0,20.4728,6.3272,0.0145,0.1855
157491302,2022-02-25T15:07:14.106477Z,50.309267387964,29.266754997567,75.1449897082,1.00,true,1.328,2.383,83.944,74.645,-7.894,30,24,23,79.864,86.044,92.534,622,579,0,0,-0.0406,0.1059,0.0210,0.0617
158825565,2022-04-27T01:55:17.895956Z,50.572997729079,29.111312508586,38.9721046130,1.00,true,0.764,0.385,28.423,38.472,-1.104,14,23,24,39.384,41.091,45.288,267,262,0,0,37.8376,22.1711,0.0233,0.0783
160326878,2022-04-14T13:20:52.070674Z,51.491683341845,31.553521272348,62.9765233298,1.00,true,0.806,1.585,164.852,62.477,-25.929,58,10,0,197.231,203.354,208.515,429,0,0,0,-2.0757,0.5376,0.1883,0.1173
161089673,2022-03-28T23:35:34.20895Z,50.998274065333,28.572215551758,32.8771808258,1.00,true,1.400,1.015,50.617,32.377,-0.791,11,14,16,52.596,63.702,73.347,142,161,0,0,0.0094,0.3094,0.0348,0.1198
162293248,2022-03-28T23:47:27.514787Z,50.608509291409,30.554071486704,4.4681460361,1.00,true,1.123,3.571,62.436,3.968,-11.485,68,19,14,89.657,98.133,109.877,1183,820,0,0,0.0999,0.0633,0.0975,0.0458
163767328,2022-04-14T13:54:00.438481Z,50.980038678116,39.036357449009,36.8162251382,1.00,true,3.103,33.195,778.202,36.316,-118.562,87,24,19,685.080,693.061,702.727,2071,1594,0,0,0.2752,0.4523,-0.1951,0.3341
169505102,2022-02-25T16:27:28.357714Z,50.250111222592,29.391667579467,73.9075097455,1.00,true,0.767,2.243,86.797,73.408,-6.642,27,24,23,82.102,89.495,97.221,573,530,0,0,-0.2808,0.1248,-0.0041,0.1003
170723403,2022-04-14T14:23:14.823502Z,54.224228289867,37.372836824289,18.5543207008,1.00,true,2.737,31.930,677.750,18.054,-120.176,87,23,22,673.934,681.177,690.640,1986,1832,0,0,87.9645,0.0883,-1.3474,0.6950
172231157,2022-03-11T06:48:01.407861Z,50.270108624755,28.816316988153,55.2470569694,1.00,true,1.542,2.563,72.631,54.747,-6.592,61,16,13,69.044,75.681,80.607,872,724,0,0,0.0216,0.0640,-0.0314,0.0327
172331182,2022-03-11T06:49:00.424343Z,50.489206446933,29.277186702847,76.9412190066,1.00,true,1.580,2.558,37.451,76.441,-7.576,62,17,14,77.410,80.516,84.011,923,791,0,0,0.0295,0.1037,-0.0326,0.0521
173641778,2022-04-14T14:52:38.042295Z,51.186632305994,39.530892735131,126.7176854181,1.00,true,3.266,32.716,532.875,126.218,-114.958,40,24,24,724.749,732.365,741.575,918,921,0,0,0.0853,0.1687,1.2581,0.7223
178826132,2022-03-11T07:13:53.774264Z,50.388631520517,28.925396081479,56.8151522532,1.00,true,0.779,2.835,67.265,56.315,-8.226,49,17,20,62.740,67.832,71.684,721,851,0,0,0.0570,0.0721,-0.0034,0.0376
179031257,2022-03-11T07:15:58.700561Z,50.610131096344,29.094015855240,68.4923745908,1.00,true,0.797,2.732,41.789,67.992,-8.299,51,17,16,68.726,69.627,71.012,739,714,0,0,-0.2821,0.0843,-0.0172,0.0503
183377079,2022-06-03T13:37:26.794897Z,50.893481988590,28.916397744571,20.8360113152,1.00,true,0.866,1.203,20.616,20.336,-3.205,72,22,21,26.086,36.547,47.874,1245,1125,0,0,0.1445,0.2101,-0.0166,0.0967
190948282,2022-03-11T08:35:15.339803Z,50.361389301318,28.984307807456,54.4946901833,1.00,true,0.804,2.882,63.972,53.995,-9.660,43,8,15,60.413,67.596,71.396,322,572,0,0,-0.0846,0.0730,-0.0105,0.0539
192767882,2022-03-11T08:53:42.039972Z,51.141736846111,31.266693316422,62.7325598978,1.00,true,2.203,1.198,62.283,62.233,-1.960,7,21,21,162.424,169.053,175.551,141,134,0,0,0.0223,0.2924,-0.3499,0.3294
200423788,2022-09-08T09:32:56.697916Z,45.519627669099,29.433824203817,368.0964484672,1.00,true,2.286,31.819,729.601,367.596,-117.302,87,24,24,656.438,668.404,677.131,2071,2000,0,0,-0.0571,0.0875,-0.4577,0.2012
205889062,2022-07-19T12:02:02.130114Z,43.407155548903,25.976567579296,38.6615747582,1.00,true,2.934,49.589,872.710,38.162,-115.870,40,22,22,829.384,842.026,850.004,847,850,0,0,0.7126,0.4637,-3.3828,1.2168
209052342,2022-11-27T14:54:05.186665Z,50.564829767335,28.583709126209,38.4350411859,1.00,true,0.724,2.629,58.411,37.935,-8.813,42,18,8,51.305,56.968,62.783,618,235,0,0,-0.1193,0.0876,0.0196,0.0410
210188377,2022-02-25T20:34:07.915887Z,50.310124621957,29.326065711731,66.4929449225,1.00,true,1.057,2.934,60.357,65.993,-11.084,70,24,24,72.132,79.078,86.490,1447,1387,0,0,0.0360,0.0619,-0.0085,0.0267
210372307,2022-03-11T10:29:43.72632Z,50.155826169230,29.246581616400,62.5241210464,1.00,true,1.533,1.968,55.991,62.024,-5.274,32,20,19,76.336,86.428,93.979,576,521,0,0,0.1235,0.1589,-0.0177,0.1059
212227238,2022-09-08T10:50:56.545219Z,44.518082232312,26.154505852602,152.8816870964,1.00,true,2.726,36.697,842.323,152.382,-121.455,87,24,24,716.631,728.064,736.293,2071,2000,0,0,0.3324,0.3467,-1.5318,0.2736
212551282,2022-03-11T10:51:15.57114Z,50.012829066529,28.417196913500,4.1396698604,1.00,true,1.137,3.981,130.156,3.640,-12.429,60,21,21,81.966,91.188,97.777,1099,1093,0,0,0.0177,0.0782,0.0796,0.1212
215317690,2022-04-27T07:20:08.138954Z,50.864354304966,28.974518672490,22.8769007393,1.00,true,0.707,1.088,20.074,22.377,-2.861,46,14,16,25.318,34.034,44.682,500,540,0,0,0.0416,0.0600,0.0020,0.0330
218336311,2022-05-30T15:42:42.034842Z,50.904698363062,28.969105133084,19.8369199882,1.00,true,0.830,1.109,24.758,19.337,-2.965,50,13,10,24.949,34.519,47.027,594,424,0,0,0.1346,0.0894,0.0198,0.0502
220123507,2022-03-11T11:26:49.865999Z,50.366003996751,29.242360241720,63.1538163759,1.00,true,0.924,2.934,54.831,62.654,-10.134,55,21,19,66.432,73.250,79.049,1036,901,0,0,0.0177,0.0670,-0.0064,0.0330
230640332,2022-03-11T12:32:06.483322Z,50.307458120433,29.212866067870,61.4152770376,1.00,true,1.016,2.893,61.154,60.915,-10.517,56,20,21,67.058,75.086,81.297,1009,977,0,0,0.1961,0.1555,-0.0267,0.0652
230697391,2022-06-16T06:59:48.291719Z,50.938022860862,28.745014765588,62.7196876723,1.00,true,1.215,1.285,24.790,62.220,-3.708,18,24,24,68.437,75.325,82.492,427,426,0,0,0.0696,0.0584,0.0079,0.0448
234250015,2022-04-27T09:09:33.423766Z,50.285248526610,29.628120466653,66.3948105169,1.00,true,0.840,3.017,65.983,65.895,-9.576,50,21,14,78.501,85.682,95.178,867,559,0,0,-0.0428,0.0933,0.0289,0.0583
236845119,2022-03-24T01:43:14.350586Z,50.459653894199,28.669377715111,46.7856207111,1.00,true,0.425,2.796,67.131,46.286,-8.649,52,19,14,59.650,63.291,67.605,924,649,0,0,0.0577,0.0726,-0.0231,0.0332
238239019,2022-03-24T01:57:08.072915Z,50.441274137365,28.823967817576,53.8565856341,1.00,true,0.386,2.783,63.309,53.357,-8.927,56,21,20,61.363,64.712,68.399,1051,984,0,0,-0.0773,0.1330,0.0179,0.0576
243149294,2022-03-24T02:06:18.462516Z,50.506717545810,28.784217232782,53.2245049596,1.00,true,0.363,2.694,58.408,52.725,-8.537,48,21,21,59.931,62.617,66.097,900,853,0,0,0.0607,0.0851,-0.0097,0.0640
245147465,2022-04-27T10:18:40.482861Z,50.481291807093,29.219478441174,13.9048483989,1.00,true,0.750,0.526,6.923,13.405,-0.517,5,20,18,15.935,26.296,37.740,85,61,0,0,0.0105,0.5033,0.0633,0.1967
248981157,2022-03-11T14:15:48.423169Z,50.280641213633,29.102088313513,55.6219715635,1.00,true,0.677,3.031,73.079,55.122,-8.577,44,10,14,65.432,72.185,78.257,410,542,0,0,-0.1042,0.0491,-0.0484,0.0527
249843628,2022-04-14T22:16:32.645572Z,49.631093536864,27.786351947254,27.4346038532,1.00,true,2.329,2.386,252.595,26.935,-2.354,11,21,18,144.347,153.660,160.995,197,157,0,0,0.3371,0.6645,1.1376,0.5293
250367682,2022-03-11T14:29:33.86963Z,50.302693322669,29.160030156806,59.2566751389,1.00,true,1.248,3.086,66.847,58.757,-10.130,57,17,12,65.380,73.407,79.556,856,599,0,0,-0.0181,0.0531,-0.0412,0.0235
250864307,2022-03-11T14:34:30.473511Z,50.137764795584,28.995153909564,43.1416123079,1.00,true,0.898,3.300,87.596,42.642,-10.526,52,15,15,64.608,75.886,82.951,697,693,0,0,0.0425,0.0632,-0.0192,0.0572
250865903,2022-04-14T22:26:53.911645Z,50.092661750750,27.736293711381,50.4861293371,1.00,true,2.150,1.703,224.460,49.986,-3.088,3,17,14,120.940,129.251,135.887,41,37,0,0,-0.0580,0.3039,-0.0189,0.1296
253238969,2022-03-24T03:07:08.269398Z,50.399653145460,28.626983215682,38.2807304284,1.00,true,0.759,2.963,74.982,37.781,-8.731,54,19,19,58.192,61.788,67.311,945,887,0,0,-0.0008,0.0782,-0.0240,0.0441
257090266,2022-06-16T09:23:41.795213Z,50.938824544444,28.901028909942,14.6253691747,1.00,true,0.710,1.203,24.387,14.125,-3.205,43,24,17,25.237,37.586,50.267,886,591,0,0,-0.1676,0.1475,0.0026,0.0677
258028032,2022-03-11T15:05:53.375346Z,50.251407554365,29.300005598247,61.9729979661,1.00,true,0.496,2.843,65.844,61.473,-10.625,58,19,14,70.590,79.847,86.863,1029,722,0,0,0.0744,0.0709,0.0105,0.0361
258481932,2022-03-11T15:10:48.029199Z,50.344892737755,29.379134981873,64.7235084597,1.00,true,0.617,3.037,55.470,64.224,-9.971,69,14,11,69.707,76.532,81.496,941,698,0,0,0.0382,0.0527,-0.0095,0.0248
260736257,2022-03-11T15:33:01.410123Z,50.392169173433,29.379844517442,71.8620173436,1.00,true,0.489,3.020,51.418,71.362,-10.590,62,18,18,74.992,80.491,86.786,1064,1018,0,0,0.0154,0.0333,-0.0052,0.0168
262679082,2022-03-11T15:52:51.752074Z,49.013873618152,28.435885325667,25.7691743762,1.00,true,3.772,2.634,349.258,25.269,-4.248,14,15,19,181.052,195.180,201.977,202,228,0,0,16.0236,2.5191,-0.0979,0.1265
263184521,2022-10-24T12:01:06.105606Z,49.036279156974,41.294722172608,105.7060134376,1.00,true,1.385,2.268,838.213,105.206,-145.894,23,23,0,877.298,886.616,897.945,448,0,0,0,-0.3224,0.1890,-0.1483,0.1276
264730419,2022-03-24T04:21:58.606245Z,50.322311792255,28.684927557434,55.5634801160,1.00,true,0.881,3.278,85.711,55.063,-10.394,47,17,14,71.193,76.139,80.715,700,584,0,0,0.0061,0.2105,0.0316,0.1718
269627742,2022-08-05T08:34:42.040731Z,50.498283578611,29.012331637834,21.3957487691,1.00,true,0.574,0.536,6.989,20.896,-0.959,16,16,12,25.125,31.077,37.620,181,155,0,0,0.1272,0.1201,0.0271,0.0620
274556919,2022-03-24T05:20:26.853188Z,50.558948664619,28.871945199524,54.8716802428,1.00,true,0.496,2.756,49.213,54.372,-8.147,52,17,14,58.101,59.997,62.907,823,646,0,0,0.0749,0.0894,-0.0138,0.0559
277669232,2022-03-11T17:02:35.617178Z,50.286014469309,29.108267060695,57.6224437027,1.00,true,0.633,2.937,68.866,57.122,-9.383,51,21,21,64.998,73.295,79.301,907,890,0,0,0.1343,0.1258,-0.0180,0.0493
278460169,2022-03-24T05:59:28.325835Z,50.356067298236,29.290485350834,64.9872552315,1.00,true,0.416,2.939,56.441,64.487,-9.674,53,21,21,68.729,75.517,81.797,1007,984,0,0,0.1099,0.1244,0.0089,0.0793
279535107,2022-03-11T17:21:09.770345Z,50.938973582219,29.208207284510,62.5160828226,1.00,true,1.744,1.420,41.063,62.016,-1.230,10,21,17,65.750,68.355,75.856,182,137,0,0,-0.1224,0.4867,0.0080,0.2347
280688961,2022-02-08T09:40:40.207594Z,50.522362449016,30.943226116401,24.5956255404,1.00,true,1.385,3.185,194.104,24.096,-9.792,5,24,17,119.915,129.272,140.439,109,63,0,0,-0.1095,0.2064,-0.3190,0.3344
281279557,2022-03-11T17:38:46.745287Z,50.570394355400,29.256868255485,72.1358683578,1.00,true,0.938,2.706,29.376,71.636,-9.255,40,20,19,72.263,73.737,77.131,764,689,0,0,0.0275,0.0829,-0.0167,0.0441
282148882,2022-03-11T17:47:15.344289Z,50.506959903602,29.046236641104,71.8008977540,1.00,true,0.720,2.839,57.191,71.301,-9.656,50,21,21,72.817,74.953,77.737,920,884,0,0,-0.0328,0.0819,-0.0153,0.0340
282547694,2022-03-24T06:00:15.59391Z,50.360861228974,29.374968808455,66.6088083902,1.00,true,0.903,2.965,54.822,66.109,-10.406,62,21,21,70.866,77.242,84.244,1216,1161,0,0,0.2990,0.1939,0.0057,0.1040
282651644,2022-03-24T06:01:19.318227Z,50.305967470494,29.432967538307,66.0152226845,1.00,true,0.817,2.935,60.084,65.515,-10.682,49,20,20,74.760,81.218,88.441,927,884,0,0,0.0598,0.0625,-0.0338,0.0553
282746394,2022-03-24T06:02:16.116621Z,50.671978472793,29.093204376176,54.9308468779,1.00,true,0.820,2.702,23.670,54.431,-8.883,45,19,13,54.938,55.776,57.085,801,530,0,0,-0.0552,0.0557,0.0062,0.0365
282850444,2022-03-24T06:03:19.600763Z,50.494327564213,29.188099120368,57.0279583028,1.00,true,1.044,2.540,38.979,56.528,-9.399,42,21,21,57.380,61.371,65.822,820,805,0,0,-0.0451,0.0576,-0.0182,0.0302
282923194,2022-03-24T06:03:52.170868Z,50.334707775735,29.153274247675,54.6338331892,1.00,true,0.527,2.758,58.329,54.134,-8.829,49,21,21,59.747,67.525,73.741,914,888,0,0,0.2763,0.1148,0.0115,0.0707
283354669,2022-03-24T06:08:23.980902Z,50.508903609644,29.191010660389,56.5342106015,1.00,true,0.894,2.528,37.238,56.034,-9.019,41,21,21,56.731,60.359,64.673,799,784,0,0,0.3081,0.2289,-0.0265,0.0900
286717572,2022-12-13T12:22:26.491677Z,49.579018635220,20.885460369549,323.8386760218,1.00,true,2.531,31.275,561.949,323.339,-119.508,87,24,24,662.010,670.004,676.753,2071,2000,0,0,0.0438,0.1137,-1.0129,0.2573
288179557,2022-03-11T18:07:46.3227Z,50.341799188779,29.143430265293,51.4777803523,1.00,true,1.627,2.720,60.843,50.978,-9.677,44,18,10,56.601,64.579,70.834,675,401,0,0,-0.3647,0.1793,-0.0499,0.1183
288525157,2022-03-11T18:10:50.799715Z,50.343046536760,29.308779726092,67.8819824571,1.00,true,0.642,2.959,57.397,67.382,-10.200,69,18,18,72.038,79.074,85.187,1201,1149,0,0,0.1165,0.0679,0.0001,0.0277
295669666,2022-06-16T13:07:29.103579Z,50.398649244960,39.313434818695,145.8005173432,1.00,true,3.277,32.083,508.132,145.301,-114.896,40,24,24,715.979,724.249,734.360,918,921,0,0,0.0916,0.3044,3.2910,0.2319
305352819,2022-03-24T08:28:21.124659Z,50.505870054497,28.765980509915,92.5056419347,1.00,true,1.268,3.099,86.757,92.006,-9.875,43,19,16,96.777,98.411,100.838,776,582,0,0,-0.0448,0.1299,-0.0010,0.0592
305958366,2022-06-16T14:10:14.742064Z,50.993415960209,39.004384151740,2.5249242958,1.00,true,3.298,33.192,775.692,2.025,-118.258,87,24,20,683.695,691.696,701.384,2071,1678,0,0,0.2078,0.2694,-0.0118,0.2437
307054519,2022-03-24T08:45:25.647371Z,50.401988603539,29.285802182300,65.5330843781,1.00,true,1.273,2.371,26.221,65.033,-7.353,39,19,16,67.809,73.770,79.395,709,578,0,0,-0.2132,0.2346,0.0086,0.0765
307654019,2022-03-24T08:51:22.64039Z,50.568282158499,29.060053256161,80.9938126002,1.00,true,0.545,2.899,50.488,80.494,-9.360,41,16,17,81.597,82.716,83.913,618,632,0,0,-0.0623,0.0751,-0.0148,0.0453
316900395,2022-05-13T07:29:29.621067Z,50.298239621856,27.853386042936,4.8822885348,1.00,true,1.258,3.792,156.036,4.382,-10.379,42,24,24,92.442,100.456,107.895,836,776,0,0,0.0917,0.1217,0.0110,0.0547
318011540,2022-04-27T17:45:05.887541Z,43.793681852197,26.229983618981,38.3489078972,1.00,true,3.632,39.387,825.909,37.849,-119.112,40,24,23,782.675,794.668,803.420,918,884,0,0,0.3575,0.2836,7.1868,2.0100
319171532,2022-03-11T21:17:37.119885Z,50.328890104208,27.676351357599,5.3307457388,1.00,true,1.548,4.914,168.566,4.831,-10.880,38,13,20,104.120,111.313,118.251,430,625,0,0,-19.3498,7.7897,-0.4383,0.2408
319255936,2022-02-08T13:26:10.465177Z,50.914161432064,28.870561375133,75.8330962603,1.00,true,0.748,2.089,28.794,75.333,-6.535,40,24,24,78.266,82.993,88.939,898,862,0,0,0.0424,0.0794,0.0104,0.0379
320370932,2022-03-11T21:29:43.626802Z,50.172337648783,28.552415032052,179.9476045279,1.00,true,2.533,1.119,256.197,179.448,-3.373,5,19,20,190.212,193.149,195.580,92,70,0,0,-0.3584,0.3063,0.0480,0.2911
327108100,2022-09-21T10:48:37.962096Z,44.237286068795,27.513121708257,25.5519809824,1.00,true,2.183,36.218,864.071,25.052,-122.038,87,24,24,712.446,725.568,735.052,2071,2000,0,0,-0.1228,0.1595,1.3673,0.5794
335911621,2022-07-02T07:04:42.786518Z,47.879600416736,28.349834340431,28.2313978565,1.00,true,2.081,12.058,321.489,27.731,-29.213,17,24,24,304.065,317.038,326.487,383,394,0,0,0.5113,0.2948,3.4762,0.6637
337407395,2022-05-13T09:34:42.166296Z,50.404994995194,29.031101449837,90.9926198195,1.00,true,1.134,1.739,94.608,90.493,-3.834,48,24,16,93.202,96.234,99.807,991,548,0,0,0.0097,0.0734,-0.0054,0.0302
345505575,2022-09-21T12:34:18.318316Z,50.486971592686,27.348725831982,83.8846520287,1.00,true,1.265,5.634,77.277,83.385,-19.682,6,24,24,145.952,153.661,160.304,133,123,0,0,-0.3105,0.2309,-1.0444,0.8760
355237626,2022-11-10T11:15:30.463074Z,50.172920390046,19.208435392542,61.1509807236,1.00,true,2.402,33.869,640.158,60.651,-120.537,87,24,22,695.594,705.982,714.596,2071,1836,0,0,-0.0624,0.3494,0.0112,0.7126
359218345,2022-05-13T11:52:23.076652Z,52.702155445470,30.864134273674,90.3564902388,1.00,true,1.373,1.413,260.611,89.856,-34.923,32,20,0,261.059,267.393,276.804,564,0,0,0,-0.0777,0.1029,-0.1766,0.1302
359841646,2022-07-02T09:44:39.171282Z,50.859224491133,28.892346289485,20.5938508301,1.00,true,0.379,1.146,16.719,20.094,-2.829,41,9,12,24.873,33.150,45.591,286,403,0,0,0.1817,0.0971,-0.0032,0.0375
372797950,2022-09-21T15:07:26.413892Z,50.899718870731,28.828478738916,18.4075717666,1.00,true,0.512,1.229,21.659,17.908,-3.586,40,16,17,27.391,40.051,50.387,481,516,0,0,0.2205,0.2299,0.0155,0.0910
378998945,2022-05-13T13:48:39.71915Z,44.471339335646,27.992485078392,11.2626642526,1.00,true,2.661,34.005,837.583,10.763,-118.281,87,24,22,681.560,695.125,704.935,2071,1830,0,0,0.0909,0.3280,-0.4187,0.2990
383788278,2022-06-29T10:39:40.640383Z,50.950743247308,28.734390334792,62.7113940580,1.00,true,0.683,1.322,22.678,62.211,-3.360,20,24,24,69.037,76.188,83.514,474,471,0,0,-0.1647,0.1865,0.0169,0.0996
386286454,2022-08-18T08:50:01.495504Z,50.885745379640,28.921926129834,18.6000331574,1.00,true,0.830,1.339,20.440,18.100,-2.504,74,20,20,23.752,34.259,46.089,1325,1169,0,0,0.2008,0.3050,0.0332,0.1252
388135001,2022-11-10T14:44:30.875487Z,50.448395815404,36.926027750748,376.0760849839,1.00,true,3.639,30.538,648.025,375.576,-118.125,40,24,18,645.183,652.052,660.463,953,700,0,0,-1.2232,0.3860,1.8876,0.6993
404227344,2022-03-24T18:16:55.95853Z,50.653792930220,29.072256215032,63.4501960120,1.00,true,0.954,2.614,31.877,62.950,-9.041,40,20,20,63.519,64.347,65.317,743,724,0,0,0.2633,0.3070,0.0085,0.1298
411506134,2022-12-26T13:20:50.584303Z,51.778658385178,32.978230548827,25.0284478470,1.00,true,3.132,8.483,222.933,24.528,-26.416,17,24,24,286.918,294.724,302.590,377,394,0,0,-0.1082,0.3213,2.3694,0.6939
414200753,2022-06-29T13:39:50.084549Z,41.737735755566,15.085877594898,468.8577315998,1.00,true,0.956,1.954,1467.545,468.358,-246.915,18,24,0,1478.392,1487.032,1493.630,427,0,0,0,22.5381,0.7671,-0.0567,0.2765
415865330,2022-10-07T09:31:34.852432Z,50.594927288835,29.248930357961,52.3109777234,1.00,true,0.759,2.413,20.606,51.811,-9.148,53,24,24,52.313,53.780,57.890,1051,1097,0,0,0.1001,0.0740,-0.0141,0.0328
422550198,2022-02-21T12:08:04.769417Z,50.577033252381,29.218520988320,52.8669305563,1.00,true,0.450,2.453,24.646,52.367,-8.231,55,24,23,52.895,54.398,58.616,1094,1091,0,0,-0.0998,0.1831,0.0088,0.0997
425337594,2022-03-24T20:28:05.538616Z,50.097079477355,28.532409064144,34.7390851928,1.00,true,0.704,3.277,121.555,34.239,-10.461,56,12,18,79.788,86.084,91.913,641,917,0,0,0.0800,0.0807,-0.0763,0.1105
428221053,2022-03-07T02:58:26.966932Z,50.249557411663,29.391762584542,65.5474635955,1.00,true,1.657,1.436,47.941,65.047,-3.033,11,20,20,74.705,83.703,91.098,213,193,0,0,0.1647,0.3091,-0.0221,0.1326
432439178,2022-03-07T03:00:41.365454Z,50.501743549756,29.385413739044,76.7285393247,1.00,true,0.777,2.170,33.357,76.229,-6.635,59,18,21,77.964,81.352,85.957,952,996,0,0,0.1753,0.0893,-0.0056,0.0625
433113178,2022-03-07T03:07:10.514389Z,50.307001697395,29.089111679394,83.0637491057,1.00,true,1.315,3.334,85.478,82.564,-11.486,43,21,20,87.694,93.508,97.977,815,768,0,0,0.0133,0.5832,-0.0346,0.2863
433836753,2022-03-07T03:14:35.494597Z,50.444116311113,28.958901199614,62.7082475303,1.00,true,0.754,2.835,58.846,62.208,-9.505,55,20,19,66.106,69.557,72.925,958,910,0,0,-0.1336,0.2021,-0.0148,0.1345
434097453,2022-03-07T03:16:57.144042Z,50.450749481548,28.940185181164,58.4237959525,1.00,true,0.370,2.506,58.299,57.924,-8.856,56,16,14,62.986,65.851,69.089,820,706,0,0,0.0995,0.0492,-0.0056,0.0264
434342353,2022-03-07T03:19:41.723477Z,50.336679310351,28.631278705549,39.5676440302,1.00,true,0.835,2.774,78.875,39.068,-9.277,48,16,18,62.692,66.562,71.844,720,754,0,0,-0.4740,0.2135,0.0002,0.0796
434411028,2022-03-07T03:20:08.107123Z,50.267477543417,27.842480962441,9.0747607889,1.00,true,0.855,4.548,147.980,8.575,-11.893,47,21,20,97.285,103.073,110.385,877,802,0,0,-0.0727,0.0571,0.0560,0.0462
434526078,2022-03-07T03:21:25.288Z,50.567209693188,28.934338155475,84.9956622484,1.00,true,0.928,3.058,64.637,84.496,-9.712,46,21,20,86.419,87.421,89.096,856,760,0,0,-0.0897,0.1005,0.1182,0.0731
434627103,2022-03-07T03:22:26.719768Z,50.275974157910,28.688892832122,32.4402570708,1.00,true,1.377,3.029,86.343,31.940,-9.280,50,12,18,59.410,64.919,70.426,547,788,0,0,0.5966,0.4166,-0.0548,0.2521
434795353,2022-03-07T03:23:56.728567Z,50.478630463783,29.247976581985,50.6322668966,1.00,true,0.625,2.117,23.833,50.132,-7.271,27,19,21,51.349,56.339,62.136,475,504,0,0,0.1259,0.1394,0.0057,0.0474
434904578,2022-03-07T03:25:06.155475Z,50.482112682549,29.387847681561,46.4509037267,1.00,true,1.286,2.149,13.288,45.951,-7.845,22,16,15,49.271,55.159,61.740,336,311,0,0,-0.5973,0.3197,-0.0107,0.1243
434916153,2022-03-07T03:25:17.368705Z,50.482612930487,29.381609637179,49.6568311717,1.00,true,0.559,2.052,12.649,49.157,-7.631,24,18,21,51.754,57.210,63.987,411,465,0,0,0.0268,0.1079,-0.0080,0.0571
435003078,2022-03-07T03:26:02.007111Z,50.327470137195,28.690053304679,46.9649327746,1.00,true,0.794,2.769,81.168,46.465,-9.993,55,18,19,64.299,69.642,74.565,890,929,0,0,0.1957,0.1267,0.0085,0.0620
435099953,2022-03-07T03:27:01.17558Z,50.488649569458,29.435300617508,49.7597425278,1.00,true,0.733,2.063,12.009,49.260,-7.824,24,20,21,52.770,58.261,65.236,454,467,0,0,0.0522,0.1484,-0.0247,0.0825
435244878,2022-03-07T03:28:46.759962Z,50.502596548193,29.374991982510,50.7667092456,1.00,true,0.687,2.100,13.379,50.267,-7.240,28,20,19,52.440,57.387,63.594,530,494,0,0,0.0844,0.0842,-0.0118,0.0306
435504254,2022-08-18T13:41:45.383559Z,50.107969470666,24.699424112926,14.5434822704,1.00,true,2.410,12.594,453.649,14.043,-35.616,25,24,24,313.015,322.331,329.993,589,467,0,0,0.0515,0.5021,-0.7354,0.5718
435720653,2022-03-07T03:33:20.618763Z,50.410662010716,28.905430783935,52.9130269283,1.00,true,0.591,2.794,63.207,52.413,-8.381,60,15,11,59.026,63.893,67.504,833,608,0,0,-0.1115,0.1494,-0.0137,0.0394
435907153,2022-03-07T03:35:06.394802Z,50.311425841678,28.780458759942,45.9958919677,1.00,true,0.841,2.662,77.908,45.496,-9.605,60,14,14,60.939,67.485,72.133,778,763,0,0,-0.0299,0.0542,-0.0155,0.0225
436115878,2022-03-07T03:37:15.476336Z,50.489732859004,28.909076629935,60.5686193132,1.00,true,0.567,2.428,55.206,60.069,-9.524,58,14,11,64.776,66.737,69.541,759,590,0,0,0.0107,0.2914,0.0006,0.1602
437840003,2022-03-07T03:54:39.524757Z,50.475720433542,28.881785407650,59.2225377663,1.00,true,0.563,2.732,58.256,58.723,-9.475,59,21,20,63.967,66.556,69.618,1103,1045,0,0,0.0787,0.0841,0.0017,0.0338
438328978,2022-03-07T03:59:29.17893Z,50.362237382675,28.697971279179,39.5218756307,1.00,true,0.611,2.915,74.367,39.022,-8.821,49,21,21,57.235,62.340,67.466,949,891,0,0,-0.0946,0.1062,-0.0219,0.0698
442534228,2022-03-07T04:01:41.349057Z,50.407028889502,29.882050572629,67.0718755950,1.00,true,2.002,1.208,33.420,66.572,-1.651,7,17,18,82.428,89.909,98.225,111,94,0,0,-0.0030,0.4041,-0.0128,0.2119
442626553,2022-03-07T04:02:26.639237Z,50.522694015133,29.026629326250,60.0685984336,1.00,true,0.820,2.729,46.802,59.569,-9.361,50,21,21,61.435,63.574,66.316,952,915,0,0,0.1540,0.1437,0.0115,0.0436
442640678,2022-03-07T04:02:41.462954Z,50.124629852400,28.414861758190,32.3217228062,1.00,true,0.740,2.765,137.719,31.822,-7.537,23,17,20,80.011,87.215,93.531,380,432,0,0,0.2547,0.2488,-0.0140,0.1622
442830953,2022-03-07T04:04:30.755518Z,50.433619265727,28.823827290542,54.0076941880,1.00,true,0.679,2.804,64.027,53.508,-9.244,55,20,17,61.673,65.185,68.917,988,829,0,0,0.0081,0.0752,-0.0056,0.0276
444211128,2022-03-07T04:18:10.636686Z,50.540823802689,28.894992595626,55.0739321180,1.00,true,1.053,2.569,48.224,54.574,-9.363,50,20,16,58.468,60.268,63.097,924,684,0,0,-0.1523,0.1039,-0.0221,0.0485
446341653,2022-03-07T04:39:41.995757Z,50.489434107294,28.871339483567,55.2095046795,1.00,true,0.782,2.781,56.396,54.710,-9.004,52,16,16,60.364,62.608,65.892,781,728,0,0,0.1434,0.1962,-0.0173,0.0851
447837205,2022-10-07T12:51:13.09886Z,50.842498728751,28.879588018725,20.4055532846,1.00,true,0.818,1.238,14.975,19.906,-2.901,46,18,19,24.493,34.024,44.581,556,628,0,0,0.2639,0.1815,-0.0454,0.0989
447935503,2022-03-07T04:55:32.111515Z,50.399632139434,28.524143413795,49.2785550818,1.00,true,1.104,2.999,79.542,48.779,-11.888,50,20,20,69.550,73.718,78.400,910,884,0,0,-0.0132,0.0624,-0.0117,0.0310
448211928,2022-03-07T04:58:11.879998Z,50.398561734714,28.657403939005,43.7154495887,1.00,true,0.627,2.943,73.998,43.215,-9.120,51,21,21,60.691,64.531,69.339,969,936,0,0,-0.0444,0.2289,0.0217,0.1172
452149883,2022-07-15T07:16:49.360989Z,50.856943047327,28.891004618860,20.5645817537,1.00,true,0.535,1.199,17.413,20.065,-2.639,40,15,21,24.797,35.082,45.434,447,570,0,0,0.0332,0.0883,0.0125,0.0340
455024553,2022-03-07T05:26:24.877394Z,50.469025053382,28.848010510143,53.5891118520,1.00,true,1.077,2.765,59.427,53.089,-9.123,51,21,20,59.861,62.623,66.130,960,887,0,0,0.1530,0.1573,-0.0023,0.0598
455421678,2022-03-07T05:30:25.743217Z,50.366895681228,29.499462526995,77.2449497191,1.00,true,1.625,1.656,42.476,76.745,-5.257,27,21,20,82.526,88.624,95.114,515,473,0,0,-0.3120,0.1999,0.0245,0.1437
456279444,2022-03-24T23:37:47.590197Z,50.456051544354,29.005407716041,78.3516207618,1.00,true,1.111,2.910,69.537,77.852,-10.410,55,20,21,80.275,83.103,86.016,1002,1005,0,0,0.0764,0.0843,-0.0278,0.0449
457866244,2022-03-24T23:53:34.296547Z,50.479189310303,29.000103624472,78.3698093711,1.00,true,0.543,2.883,67.055,77.870,-9.703,57,20,20,80.065,82.614,85.025,1038,1020,0,0,-0.0773,0.0744,-0.0214,0.0379
463824003,2022-03-07T06:14:23.933489Z,50.308724635714,29.156807952338,55.6981383026,1.00,true,0.746,3.033,66.894,55.198,-9.067,52,11,13,61.897,70.169,76.475,518,590,0,0,-0.0233,0.1109,-0.0261,0.0279
468573830,2022-10-07T14:58:44.955346Z,50.867265187230,28.798170741817,74.0934970083,1.00,true,1.160,2.125,24.936,73.593,-7.045,46,24,24,76.684,81.321,86.737,1015,963,0,0,-0.0740,0.1206,0.0034,0.0630
474843978,2022-03-07T07:24:40.854327Z,50.607146032168,30.180639908480,35.8937927309,1.00,true,1.121,3.463,54.194,35.394,-12.146,43,13,13,72.555,82.410,91.003,480,500,0,0,-0.1938,0.1547,-0.2162,0.2885
475104553,2022-03-07T07:27:04.401446Z,50.238647153125,28.966280957348,45.7898164309,1.00,true,0.820,3.254,77.991,45.290,-9.599,43,15,16,59.791,69.607,75.332,550,594,0,0,-0.0400,0.1018,-0.0163,0.0675
475339178,2022-03-07T07:29:38.661924Z,50.272182452011,29.041929627617,50.2128919836,1.00,true,0.584,2.767,71.322,49.713,-9.338,43,13,13,62.048,68.912,75.100,486,495,0,0,-0.1039,0.1214,-0.0164,0.0792
476006003,2022-03-07T07:36:06.920815Z,50.363700788808,29.202734271812,77.7423953577,1.00,true,1.314,2.608,77.742,77.242,-8.079,42,20,19,80.443,86.080,90.838,777,705,0,0,-0.1003,0.1664,0.0422,0.0860
484544828,2022-03-07T08:21:44.102785Z,50.333240487415,29.057970371635,71.7353543583,1.00,true,0.919,2.912,76.757,71.235,-9.897,41,18,18,76.357,81.614,86.880,630,604,0,0,-0.0439,0.2731,0.0762,0.0962
484696207,2022-05-26T12:56:28.038159Z,50.693793482359,29.201638106181,55.3635573942,1.00,true,0.494,2.412,14.615,54.864,-8.962,46,24,23,55.370,56.166,57.586,937,914,0,0,0.0109,0.0345,0.0023,0.0244
485426158,2022-07-15T10:49:18.003496Z,50.322952496007,28.149833660976,55.7138520790,1.00,true,0.906,3.297,134.772,55.214,-9.997,43,14,13,93.471,98.127,102.683,502,466,0,0,0.0438,0.1169,0.1085,0.0666
486206008,2022-07-15T10:57:07.953168Z,50.895258534852,28.471617496504,38.7179850938,1.00,true,0.777,0.461,15.249,38.218,-0.047,3,24,24,56.619,66.352,75.594,72,72,0,0,1.1169,1.9804,0.0111,0.1711
486915453,2022-03-07T08:45:14.031061Z,50.117177932570,29.106028777570,45.6791495119,1.00,true,1.105,3.270,84.869,45.179,-10.969,56,20,21,66.649,78.659,86.266,1039,1035,0,0,0.1557,0.0870,0.0214,0.0527
486948928,2022-03-07T08:45:47.856001Z,50.422137444925,30.286611840308,0.1377755246,1.00,true,0.740,3.144,65.960,-0.362,-10.144,45,19,16,76.637,84.032,96.937,805,668,0,0,0.0587,0.2266,0.0714,0.0933
487302203,2022-03-07T08:49:01.66571Z,50.208281058074,28.869031292586,42.5329836116,1.00,true,0.677,3.006,84.117,42.033,-9.334,48,20,14,61.732,70.750,76.953,817,590,0,0,-0.0054,0.0968,-0.0309,0.0430
487743653,2022-03-07T08:53:45.373145Z,50.594333791517,29.049269938144,87.8223816969,1.00,true,1.319,2.178,73.938,87.322,-7.627,10,21,20,88.302,88.989,90.096,187,181,0,0,0.3344,0.2241,0.0020,0.1072
489921538,2022-11-23T13:13:06.071873Z,50.345909321519,27.738401193533,6.6108628430,1.00,true,1.460,4.431,161.824,6.111,-10.928,41,15,10,98.326,107.761,113.558,524,351,0,0,-0.0108,0.0730,0.0523,0.0357
491064732,2022-05-26T13:18:09.987465Z,53.939033302873,38.366349157264,74.9198573852,1.00,true,3.027,31.626,607.997,74.420,-115.013,40,24,23,715.678,723.198,731.935,918,882,0,0,0.2461,0.2384,2.7501,0.6454
492555488,2022-11-23T13:37:54.062773Z,49.796729269954,20.453122834719,233.5092584226,1.00,true,2.945,31.055,576.643,233.009,-116.937,43,24,24,648.857,657.840,665.371,1023,987,0,0,-0.2369,0.3659,2.0268,0.4082
493442728,2022-03-07T09:10:44.199113Z,50.329895131506,29.112038320282,78.6454524151,1.00,true,1.600,2.391,92.148,78.145,-7.801,23,15,19,82.600,87.981,92.973,333,415,0,0,0.1931,0.1953,0.0093,0.1065
493723353,2022-03-07T09:13:28.021982Z,50.403340698294,29.128921031932,92.5481679803,1.00,true,1.357,1.952,87.760,92.048,-3.978,54,18,9,94.116,97.895,101.480,893,370,0,0,0.1268,0.0925,0.0330,0.0503
494401953,2022-03-07T09:20:01.524253Z,50.377511523116,29.126572349563,65.1450369313,1.00,true,0.897,2.965,64.440,64.645,-9.476,44,19,21,68.125,74.015,78.908,681,767,0,0,0.0005,0.1096,0.0187,0.0547
495844828,2022-03-07T09:34:44.462554Z,50.330934585348,29.057519991782,54.9429588890,1.00,true,0.643,2.785,62.590,54.443,-9.537,51,21,21,60.975,68.310,73.840,933,915,0,0,0.0250,0.0371,-0.0170,0.0715
497444778,2022-03-07T09:50:46.314395Z,50.471426061761,29.363521020184,49.4369193360,1.00,true,0.646,2.065,15.805,48.937,-7.686,24,19,20,51.446,57.431,63.999,431,447,0,0,0.0394,0.1868,0.0021,0.0980
497609741,2022-08-31T08:12:25.967864Z,50.900690868177,28.878849717535,18.1881826258,1.00,true,0.858,1.260,21.179,17.688,-3.032,53,21,19,25.534,37.238,48.628,1017,799,0,0,0.0784,0.0803,-0.0242,0.0369
497918528,2022-03-07T09:55:18.54459Z,50.152648284949,29.300111749926,55.0364780032,1.00,true,0.715,3.158,83.552,54.536,-9.455,47,21,21,70.830,82.135,90.162,922,905,0,0,-0.1213,0.2404,-0.0517,0.1366
502627778,2022-03-07T10:02:25.057553Z,50.421681297352,30.049090916343,40.9285217753,1.00,true,0.986,3.135,57.970,40.429,-11.942,54,19,20,70.975,79.611,91.057,859,913,0,0,0.0088,0.0708,-0.0428,0.0307
503216708,2022-07-15T12:27:16.286757Z,50.856814132264,28.893871542090,21.0738341493,1.00,true,0.751,1.325,17.162,20.574,-2.713,64,16,15,25.131,35.950,45.558,828,760,0,0,0.0430,0.0392,0.0130,0.0201
507435228,2022-03-07T10:50:33.83558Z,50.507309364961,29.042713389666,71.9241916942,1.00,true,0.888,2.938,55.820,71.424,-10.164,46,20,14,72.974,75.078,77.835,779,581,0,0,-0.1424,0.0781,0.0405,0.0657
507529228,2022-03-07T10:51:28.653371Z,50.441418857186,28.995700416182,65.7207623749,1.00,true,0.783,2.801,62.947,65.221,-9.347,43,20,20,68.418,72.028,75.518,731,730,0,0,0.0391,0.1050,0.0059,0.0530
508333428,2022-03-07T10:59:32.897544Z,50.247398847040,28.837617804277,49.9488470646,1.00,true,0.534,3.086,87.417,49.449,-9.102,43,20,19,65.528,73.221,78.491,729,698,0,0,-0.0053,0.0798,0.0121,0.0403
512165807,2022-05-26T15:30:58.227552Z,50.663318913482,29.120915953403,52.6690215701,1.00,true,0.743,2.363,20.878,52.169,-8.772,46,24,23,52.685,53.269,54.442,937,914,0,0,-0.0630,0.0762,0.0037,0.0351
512430203,2022-03-07T11:00:29.459903Z,50.447860536799,29.066720775137,68.8827328914,1.00,true,0.673,2.776,60.625,68.383,-9.540,45,18,15,71.158,74.661,77.898,708,575,0,0,-0.0011,0.1345,0.0386,0.0699
512714028,2022-03-07T11:03:12.399203Z,50.210536524305,28.337780035022,3.7220988571,1.00,true,0.968,3.055,112.561,3.222,-10.601,47,17,11,72.232,78.551,84.925,664,474,0,0,90.6023,31.6934,0.0141,0.0561
520111795,2022-07-28T02:45:13.234945Z,50.579172299780,29.617581284736,92.5637745816,1.00,true,1.475,1.298,60.460,92.064,-2.765,20,24,19,95.541,98.737,103.454,426,211,0,0,0.2761,0.1702,0.0050,0.1146
520437145,2022-07-28T02:48:39.800375Z,50.975871012164,30.938726889786,78.3020805532,1.00,true,2.426,1.382,53.560,77.802,-1.200,5,24,15,145.158,151.277,158.101,107,57,0,0,0.1991,0.2639,0.0515,0.2193
520603195,2022-07-28T02:50:05.266671Z,49.804886718348,29.425784466306,113.1595551572,1.00,true,2.408,1.428,206.024,112.660,-1.733,9,24,15,140.731,149.954,158.111,188,95,0,0,0.0232,0.2465,0.0592,0.2057
523062359,2022-09-04T12:11:22.665126Z,50.924074416038,28.933288735275,18.6507832250,1.00,true,0.867,1.227,24.623,18.151,-3.335,72,23,21,25.974,36.912,49.289,1447,1160,0,0,-0.0159,0.0454,-0.0170,0.0222
541509765,2022-03-20T02:40:10.61785Z,50.314040281500,29.176708738975,59.2526703526,1.00,true,1.232,3.079,65.284,58.753,-10.382,55,19,14,64.813,72.703,78.864,863,650,0,0,-0.0657,0.0672,0.0051,0.0476
546714578,2022-03-07T14:43:02.819062Z,50.493366118776,29.499511376038,152.4861522415,1.00,true,1.713,5.572,68.560,151.986,-21.181,25,21,17,153.805,155.827,158.858,494,330,0,0,0.4609,0.1604,-0.5547,0.1466
546795778,2022-03-07T14:43:44.389259Z,50.394467513194,29.595951905604,148.9076730700,1.00,true,1.528,5.709,69.270,148.408,-20.611,25,21,21,152.375,155.518,159.467,494,380,0,0,0.2586,0.2721,-0.8931,0.2028
546905903,2022-03-07T14:44:52.067114Z,50.830604669822,31.765046709872,26.0243921945,1.00,true,1.658,9.383,230.339,25.524,-22.933,25,21,18,177.793,184.953,195.315,494,335,0,0,0.1997,0.2775,0.9378,0.3689
546992278,2022-03-07T14:45:40.654856Z,50.416544367922,29.830819096603,150.9283994859,1.00,true,1.359,5.984,89.546,150.428,-20.345,26,21,19,157.200,160.471,165.440,515,370,0,0,0.2519,0.1632,0.3374,0.1482
547027653,2022-03-07T14:46:16.621865Z,50.367418077551,29.564259023837,146.4295923935,1.00,true,1.581,5.771,67.020,145.930,-20.378,26,19,18,149.939,153.212,157.455,462,359,0,0,0.3056,0.1612,-0.4414,0.1029
547095853,2022-03-07T14:46:34.398314Z,52.318705850898,30.987071380770,57.6851720479,1.00,true,1.592,12.715,289.054,57.185,-30.602,22,12,12,221.753,228.444,235.235,259,200,0,0,-0.0915,0.3490,-2.3143,1.3663
547127353,2022-03-07T14:47:14.909877Z,50.489531197383,29.700345986122,159.9197800650,1.00,true,1.025,6.407,79.714,159.420,-21.090,23,20,13,163.112,165.448,169.320,437,225,0,0,0.2456,0.2894,-0.3083,0.1641
547334728,2022-03-07T14:49:23.997926Z,50.631060241148,30.005632173917,143.1810816181,1.00,true,1.984,5.581,114.077,142.681,-20.002,23,21,19,151.767,154.990,159.568,465,340,0,0,0.4545,0.3894,-1.1204,0.3401
547815053,2022-03-07T14:53:50.004785Z,52.785041824691,31.602572616111,63.9716715368,1.00,true,1.585,20.766,357.339,63.472,-33.995,26,20,11,287.300,294.195,303.740,497,224,0,0,0.2061,0.0993,0.4616,0.3686
548059567,2022-10-20T11:00:39.978547Z,50.787721463097,37.130946682833,396.1450723079,1.00,true,2.541,31.406,653.708,395.645,-120.021,87,24,24,666.088,672.526,680.392,2071,2000,0,0,0.0959,0.2064,-1.5584,0.2609
551513540,2022-03-20T03:40:13.750476Z,50.328883444092,29.329758974054,68.5275688168,1.00,true,0.451,2.953,59.776,68.028,-10.250,53,21,21,73.320,80.291,86.919,1047,1009,0,0,0.0471,0.0549,0.0065,0.0262
551603990,2022-03-20T03:41:04.982391Z,50.295750407464,29.180309004391,62.6984086558,1.00,true,1.091,3.020,69.143,62.198,-10.018,48,21,19,68.773,76.563,82.790,873,793,0,0,-0.0192,0.2401,0.0483,0.0999
551634865,2022-03-20T03:41:36.163896Z,50.353379374303,28.696358258517,51.4464726630,1.00,true,1.101,2.923,76.894,50.946,-9.836,48,21,21,66.390,71.021,75.628,946,893,0,0,0.0303,0.0518,-0.0126,0.0312
551700515,2022-03-20T03:42:01.746999Z,50.185486507383,29.548491420140,56.9318779199,1.00,true,0.432,3.181,73.713,56.432,-9.253,51,16,19,73.932,84.217,93.773,780,894,0,0,-0.0557,0.0571,-0.0274,0.0470
552633090,2022-03-20T03:51:39.838473Z,50.580096759260,29.334765839169,99.2826473947,1.00,true,1.973,1.766,77.664,98.783,-4.162,36,21,18,99.420,100.895,103.660,690,423,0,0,0.0659,0.0994,0.0095,0.0583
554619803,2022-03-07T15:22:21.992223Z,50.387291489789,29.425591612974,69.6481926096,1.00,true,1.703,2.615,20.317,69.148,-8.008,40,19,14,73.619,79.097,85.150,699,502,0,0,0.2363,0.3277,-0.0108,0.1358
555548628,2022-03-07T15:31:36.252416Z,50.951761606898,31.543023786804,38.7763791778,1.00,true,1.301,8.218,220.796,38.276,-20.748,26,20,15,167.184,173.995,183.183,493,296,0,0,0.1740,0.1408,-0.0979,0.1042
555622428,2022-03-07T15:32:10.918839Z,49.289782802847,28.604590905422,24.8797649090,1.00,true,1.474,6.417,92.611,24.380,-20.081,25,20,17,148.449,162.278,169.734,477,330,0,0,0.2822,0.1912,0.5022,0.2738
557725215,2022-03-20T04:02:27.860681Z,50.580272019788,29.330471356049,81.2372956504,1.00,true,1.012,2.859,53.580,80.737,-8.139,43,20,21,81.392,83.174,86.471,792,810,0,0,0.0531,0.0553,-0.0035,0.0524
564811018,2022-12-09T10:53:51.853205Z,44.441891383595,29.432955410504,42.6666866225,1.00,true,2.187,32.920,848.362,42.167,-120.147,87,24,24,678.553,693.258,703.907,2071,2000,0,0,-0.1294,0.1745,-0.8950,0.1217
565097578,2022-03-07T16:26:56.776346Z,50.686634233656,29.113842350920,85.8215714503,1.00,true,1.429,2.997,49.017,85.322,-10.224,44,19,19,85.843,86.221,87.356,762,746,0,0,-0.2101,0.2238,0.0095,0.1455
567721140,2022-03-20T05:02:21.740369Z,50.278304046735,29.346492120290,65.0845840268,1.00,true,0.790,2.945,66.712,64.585,-10.260,55,20,17,72.418,80.950,87.927,1056,867,0,0,-0.0635,0.0818,-0.0295,0.0607
571180043,2022-12-09T11:17:22.934579Z,44.599308552786,27.245606913079,49.3632774821,1.00,true,2.622,33.623,823.769,48.863,-118.065,43,24,24,676.992,689.693,698.875,1023,987,0,0,0.0169,0.2945,-0.2595,0.3250
572522740,2022-03-20T05:50:23.203546Z,50.660095892325,28.927324753937,91.6501318792,1.00,true,0.997,3.042,69.200,91.150,-9.796,33,20,16,92.095,93.290,95.132,561,456,0,0,0.1432,0.4714,0.1820,0.2026
576530178,2022-03-07T17:41:30.375645Z,50.294847415407,28.765331040044,33.7493829462,1.00,true,0.867,2.763,71.468,33.249,-8.624,45,19,21,53.912,61.234,66.881,802,877,0,0,-0.0665,0.0468,-0.0068,0.0195
576693953,2022-03-07T17:42:53.970782Z,50.286051236431,28.777020686587,30.2794507805,1.00,true,0.678,2.627,70.177,29.779,-9.029,47,18,20,51.877,59.763,65.680,764,846,0,0,-0.1385,0.2447,0.0149,0.1314
576938328,2022-03-07T17:45:47.402279Z,49.980352137500,30.283378623208,105.5363688111,1.00,true,2.099,1.171,160.731,105.036,0.402,6,21,20,144.493,153.245,162.681,124,88,0,0,0.2518,0.3404,-0.0880,0.2577
578216778,2022-03-07T17:58:22.147774Z,50.564390529129,29.447575958895,96.1716537016,1.00,true,1.964,1.789,70.481,95.672,-3.852,27,19,10,97.009,99.086,102.963,467,184,0,0,0.0902,0.1200,-0.0091,0.0779
583012053,2022-03-07T18:06:16.534097Z,50.421246819961,29.303824692205,96.6236396866,1.00,true,1.432,1.543,76.483,96.124,-4.466,40,21,17,97.923,101.596,105.871,756,462,0,0,0.0433,0.1730,0.0216,0.0640
584837574,2022-06-25T00:59:52.438159Z,55.976117834739,13.381730947859,20.3717246365,1.00,true,1.799,223.916,1286.655,19.872,-33.562,2,24,21,1183.323,1196.657,1207.609,46,36,0,0,0.4200,0.4123,-142.5708,2.8824
584945174,2022-06-25T01:01:33.271081Z,50.703161845210,30.732475584327,119.0929767427,1.00,true,3.026,1.010,80.123,118.593,-0.729,3,21,20,156.523,161.635,169.205,57,48,0,0,0.2147,0.3823,-0.0322,0.2719
585041224,2022-06-25T01:02:13.502457Z,49.855108986312,30.932065683735,121.9140163373,1.00,true,1.821,4.534,124.112,121.414,-16.498,2,24,18,187.977,196.490,206.940,46,33,0,0,0.5952,0.6845,-71.4401,1.6923
585857274,2022-06-25T01:10:22.371024Z,51.591235548216,31.360457521845,28.0606281493,1.00,true,1.154,8.441,258.744,27.561,-23.629,35,24,23,179.279,186.895,195.545,794,445,0,0,-0.3723,0.2277,0.0657,0.2467
585963824,2022-06-25T01:11:28.474621Z,51.440843364167,29.236619183780,154.0092589267,1.00,true,1.845,6.882,146.939,153.509,-24.525,36,23,20,170.958,175.386,182.443,780,420,0,0,-0.0600,0.1346,0.4791,0.2110
586054324,2022-06-25T01:12:21.099389Z,51.553162473954,31.294798909686,14.3121718274,1.00,true,2.074,8.050,257.405,13.812,-21.901,35,24,17,171.778,179.474,188.169,797,324,0,0,0.0366,0.3969,0.0420,0.2811
586300028,2022-03-07T18:39:08.544461Z,50.998807080982,28.618408507367,30.6800429256,1.00,true,1.064,0.779,34.876,30.180,-0.456,12,15,20,49.276,59.478,71.426,174,228,0,0,-0.0858,0.1393,-0.0136,0.0743
586334932,2022-02-04T10:45:28.862669Z,46.422081160567,35.896977142860,18.4728834992,1.00,true,2.512,32.436,848.838,17.973,-120.137,87,24,24,672.613,684.161,697.640,2071,2000,0,0,0.0070,0.2256,-0.9372,0.2316
586335274,2022-06-25T01:14:58.458329Z,50.436556616621,26.448926655859,0.0130490314,1.00,true,1.792,8.278,143.828,-0.487,-26.542,40,20,17,183.970,194.458,201.422,765,435,0,0,-0.3056,0.1557,-0.3113,0.3031
586525828,2022-03-07T18:41:34.254079Z,51.072542323089,28.617924672031,23.3808547753,1.00,true,1.098,0.677,31.643,22.881,-0.746,13,21,21,50.069,61.723,74.787,244,248,0,0,-0.0581,0.0995,0.0282,0.0730
586919253,2022-03-07T18:45:19.239568Z,50.359040717576,28.849370553665,48.7580618745,1.00,true,0.415,2.836,69.955,48.258,-8.760,63,21,21,58.779,64.276,68.934,1136,1141,0,0,-0.0075,0.1182,-0.0071,0.0578
587105153,2022-03-07T18:47:04.926556Z,50.396524140748,28.888740706566,54.6465985709,1.00,true,0.373,2.835,65.171,54.147,-9.073,59,21,21,61.420,65.978,70.036,1103,1088,0,0,-0.1394,0.2482,0.0021,0.1124
587339078,2022-03-07T18:49:39.005259Z,50.517178298371,29.167126875329,58.7955880117,1.00,true,0.435,2.579,37.371,58.296,-8.995,42,21,21,58.971,62.080,66.010,820,805,0,0,-0.0993,0.1608,-0.0499,0.0616
587533428,2022-03-07T18:51:33.836385Z,50.511082339986,29.086286541064,52.8971799906,1.00,true,0.385,2.488,37.921,52.397,-8.164,51,21,21,53.726,56.748,60.589,998,994,0,0,0.1038,0.0519,0.0039,0.0276
588005253,2022-03-07T18:56:06.090362Z,50.626233177386,28.525707662790,39.7199460539,1.00,true,0.461,2.566,59.530,39.220,-7.910,22,21,21,53.440,60.389,66.541,432,388,0,0,0.2781,0.2721,-0.0151,0.1263
588489411,2022-04-23T15:02:09.430754Z,50.488861381035,29.355394834641,79.5233832154,1.00,true,0.803,1.955,43.344,79.023,-5.569,48,24,23,80.518,83.365,88.410,963,855,0,0,0.1545,0.1632,-0.0053,0.0900
588833874,2022-06-25T01:39:58.602877Z,52.182958502461,30.346035377056,13.1384646809,1.00,true,1.055,8.635,257.075,12.638,-24.397,43,24,24,179.442,187.298,198.274,977,623,0,0,-0.0386,0.0665,0.0208,0.0815
589014849,2022-06-25T01:41:42.250693Z,50.138829021275,28.284757334564,155.2802159688,1.00,true,1.693,6.192,10.683,154.780,-21.749,28,24,23,172.560,176.844,180.480,638,372,0,0,0.1073,0.1406,-0.3207,0.1012
592627615,2022-03-20T07:51:26.847403Z,50.023147755177,28.852048073712,43.7472749264,1.00,true,1.298,3.641,105.879,43.247,-12.153,54,18,17,77.160,88.476,95.189,821,785,0,0,-0.2363,0.1317,-0.3957,0.1151
593659082,2022-02-04T11:18:39.813917Z,49.057193581139,22.717348348729,148.1296380982,1.00,true,0.954,1.386,449.860,147.630,-133.186,4,0,23,503.163,511.035,517.450,0,88,0,0,0.0689,0.1586,-0.3222,0.3613
594968499,2022-06-25T02:01:31.79849Z,52.057031447466,31.101921405672,5.4752641165,1.00,true,1.090,9.129,286.192,4.975,-25.202,35,24,20,197.247,204.592,214.196,803,388,0,0,0.4180,0.1534,-0.5912,0.3038
595057699,2022-06-25T02:02:21.496021Z,52.289536190631,30.246945472238,13.5949072239,1.00,true,1.680,9.331,264.677,13.095,-25.504,36,23,24,186.976,194.972,206.644,788,478,0,0,8.8265,1.4833,0.0977,0.0615
600414124,2022-06-25T02:55:39.350118Z,51.373695604020,31.580023069869,2.7918687211,1.00,true,1.015,8.210,257.536,2.292,-23.650,41,20,18,179.855,188.054,195.534,797,455,0,0,-0.3667,0.1792,-0.1968,0.1456
600528274,2022-06-25T02:56:56.417089Z,52.075926222590,30.345948666404,1.3159277660,1.00,true,0.879,5.995,260.596,0.816,-20.583,15,24,6,168.781,176.583,187.218,335,63,0,0,0.5000,0.2899,0.1093,0.2849
604837199,2022-06-25T03:00:17.526443Z,50.569434084852,29.417459077981,50.2450170879,1.00,true,0.932,2.294,20.091,49.745,-8.474,45,6,8,51.690,57.348,61.196,230,317,0,0,0.6940,0.3823,-0.0065,0.1310
604943074,2022-06-25T03:01:14.976778Z,49.760649519886,30.159017927371,143.7520283888,1.00,true,1.727,4.639,135.601,143.252,-15.023,2,22,18,180.915,188.964,198.235,44,33,0,0,0.4392,0.3805,-71.2219,1.3319
604994153,2022-03-07T20:26:00.080986Z,50.473034995894,29.267567573450,98.0395693494,1.00,true,1.506,1.290,88.147,97.540,-2.919,14,21,10,98.513,101.266,104.794,272,99,0,0,0.1539,0.1698,0.0141,0.1130
605332057,2022-02-04T12:37:19.950537Z,50.941386569969,28.863401401508,57.4576055827,1.00,true,1.048,1.753,14.926,56.958,-6.049,31,24,23,61.567,67.995,75.777,644,584,0,0,-0.1057,0.2169,0.0649,0.1068
606039628,2022-03-07T20:36:39.593426Z,50.425810193333,28.562330270711,57.6792181126,1.00,true,1.512,2.823,88.873,57.179,-9.407,40,18,12,73.231,76.156,81.127,669,439,0,0,-0.4588,0.2752,0.1081,0.1180
607873171,2022-09-17T09:08:33.728741Z,50.374959803089,29.242061807607,93.4313529459,1.00,true,1.254,1.642,80.275,92.931,-4.271,45,23,23,95.461,99.581,104.354,893,702,0,0,0.1153,0.2429,0.0199,0.0759
612749328,2022-03-07T21:03:51.2581Z,50.627000252478,29.390222004101,81.6168377610,1.00,true,1.102,2.534,40.279,81.117,-6.742,50,17,10,81.962,83.286,86.798,710,430,0,0,-0.0647,0.1748,0.0991,0.0842
615815745,2022-07-28T12:00:23.452816Z,43.576248633153,33.296794307926,141.4787226005,1.00,true,3.612,52.210,719.349,140.979,-116.547,40,19,20,837.614,851.382,864.509,737,774,0,0,-0.1551,0.4110,-1.9505,0.9583
617625740,2022-03-20T10:01:26.836025Z,50.331140653131,29.641823580473,69.4738999812,1.00,true,1.090,3.225,61.667,68.974,-10.164,52,16,15,79.783,87.227,95.016,793,694,0,0,0.0034,0.0718,-0.0074,0.0504
628500590,2022-03-20T11:10:02.198379Z,50.469136677960,28.618325071606,71.7623883347,1.00,true,0.603,3.077,86.658,71.262,-8.802,45,21,21,81.673,84.696,88.043,869,814,0,0,-0.2475,0.1198,-0.0369,0.0737
628620770,2022-07-28T13:30:15.892023Z,50.584163974254,29.229412381472,51.6996191092,1.00,true,1.040,2.473,22.709,51.200,-9.108,50,24,22,51.746,53.209,57.439,982,940,0,0,-0.0402,0.0462,-0.0053,0.0256
630428465,2022-03-20T11:29:29.773251Z,50.166992650265,29.164957809955,54.7339279179,1.00,true,0.720,3.094,83.989,54.234,-9.227,47,12,18,69.342,80.143,87.312,531,726,0,0,0.2593,0.1622,0.0311,0.0680
630622665,2022-03-20T11:31:23.378537Z,50.273223046097,28.341636322686,41.6443267399,1.00,true,1.054,3.437,106.004,41.144,-10.621,44,21,21,79.790,84.532,90.028,860,802,0,0,0.0928,0.1194,0.1124,0.1837
630705915,2022-03-20T11:32:07.628024Z,50.533483929289,29.247326159817,79.3079309895,1.00,true,0.692,2.823,36.434,78.808,-9.372,40,21,18,79.388,81.461,84.955,793,651,0,0,-0.1059,0.1288,0.0292,0.0680
630893390,2022-03-20T11:33:55.369587Z,50.510064803482,28.906646139144,74.8381677892,1.00,true,0.757,2.858,61.013,74.338,-8.630,49,21,21,77.838,79.412,81.611,948,892,0,0,-0.1207,0.0643,0.0072,0.0627
632515415,2022-03-20T11:50:16.460212Z,50.302247002746,29.226596648841,59.8374111862,1.00,true,0.420,2.970,65.017,59.337,-9.540,57,19,20,65.871,74.299,80.641,917,966,0,0,-0.2844,0.2420,-0.0712,0.0954
632702015,2022-03-20T11:52:03.384322Z,50.337996058563,29.207263345388,60.4027624206,1.00,true,0.868,2.741,61.734,59.903,-9.616,55,9,14,64.828,71.592,77.003,455,652,0,0,-0.0042,0.0650,-0.0491,0.0384
632833340,2022-03-20T11:53:34.11167Z,50.251199504340,29.130622638107,57.3491986674,1.00,true,0.655,2.997,73.823,56.849,-9.888,58,17,18,66.447,75.490,81.901,867,916,0,0,-0.1286,0.2293,-0.0754,0.1158
633328990,2022-03-20T11:58:29.510255Z,50.327045774126,29.293275527934,64.3895047690,1.00,true,1.037,2.971,62.082,63.890,-10.490,54,19,18,69.264,76.701,83.245,873,844,0,0,0.0612,0.1056,-0.0496,0.0535
638405340,2022-03-20T12:09:07.583983Z,50.395046091429,28.836757676282,76.6018380895,1.00,true,0.923,2.854,88.480,76.102,-8.416,44,17,14,82.660,86.183,89.100,695,568,0,0,-0.0506,0.0807,-0.0087,0.0425
651015715,2022-03-20T13:35:16.401807Z,50.123930168425,29.582226679933,51.5374474540,1.00,true,1.048,3.116,81.086,51.037,-10.598,72,13,14,74.854,85.628,96.587,906,956,0,0,0.0931,0.0255,0.0016,0.0372
651624290,2022-03-20T13:41:27.328925Z,50.271112375652,29.256392069735,66.0140014716,1.00,true,1.468,2.774,79.205,65.514,-7.671,50,20,18,72.992,81.092,87.804,935,802,0,0,-0.0685,0.4086,0.1331,0.0853
658093215,2022-03-20T14:06:03.573777Z,50.994420524596,28.627951655364,31.7957387017,1.00,true,0.986,0.700,36.166,31.296,-0.426,12,18,16,49.343,58.536,71.191,200,186,0,0,0.0172,0.1788,0.0274,0.1057
664664341,2022-05-09T12:57:26.596441Z,50.470187147842,28.372934104210,74.1604772416,1.00,true,0.886,3.184,113.551,73.660,-9.404,43,19,14,89.904,95.711,99.290,633,476,0,0,-0.1133,0.0413,-0.0452,0.0450
681420497,2022-11-06T14:29:44.063911Z,50.857891302674,28.863649412895,19.2716783695,1.00,true,0.431,1.160,16.170,18.772,-2.936,41,16,17,24.690,35.537,45.921,502,521,0,0,0.1733,0.0887,0.0021,0.0661
696144703,2022-05-22T04:20:54.533282Z,51.374579756226,29.250576223949,167.7571199394,1.00,true,1.785,6.847,150.092,167.257,-24.467,39,23,10,180.715,184.421,190.593,862,260,0,0,-0.2358,0.1627,0.4733,0.1267
696268603,2022-05-22T04:22:16.316252Z,51.337744896479,31.867991364702,27.8384093735,1.00,true,1.129,8.318,277.337,27.338,-25.684,37,19,7,198.663,206.786,213.780,675,180,0,0,0.5042,0.3233,0.0557,0.2784
699757028,2022-05-22T04:57:01.505618Z,50.235803384875,26.023967628921,35.2494760130,1.00,true,0.986,8.885,168.079,34.749,-29.494,39,22,7,220.430,229.563,236.772,823,200,0,0,-0.1500,0.2040,1.0183,0.3515
700513565,2022-03-20T18:30:16.031838Z,50.341428526037,28.613860440697,0.4663787011,1.00,true,0.753,2.496,73.653,-0.034,-7.968,45,20,19,47.855,53.781,59.146,846,783,0,0,-0.0862,0.0818,0.0032,0.0181
702451819,2022-02-17T10:57:16.663372Z,49.458525075211,25.394999213107,54.5951604501,1.00,true,2.166,9.836,428.170,54.095,-30.337,15,24,23,295.373,303.135,310.702,347,336,0,0,-0.0222,0.1520,-0.0183,0.2446
707503715,2022-03-20T19:00:04.069241Z,50.315223004996,29.291325043188,65.2294960171,1.00,true,1.031,2.972,60.343,64.729,-10.931,66,21,21,70.505,78.105,84.647,1290,1239,0,0,0.2754,0.1651,0.0091,0.0670
707533690,2022-03-20T19:00:34.451142Z,50.233922781195,29.474159324483,61.3332726070,1.00,true,1.165,3.033,69.846,60.833,-10.549,47,21,21,73.163,82.244,91.055,916,916,0,0,0.3599,0.1168,-0.0940,0.0942
708326715,2022-03-20T19:08:28.527473Z,50.427898903609,30.167561427377,126.2546946976,1.00,true,3.995,1.228,45.277,125.755,-9.473,10,20,18,142.073,146.943,153.918,165,163,0,0,1.0668,0.8609,0.0814,0.2990
710493615,2022-03-20T19:29:57.163979Z,50.455989118227,29.360978309158,80.2265722166,1.00,true,1.158,2.209,37.964,79.727,-6.836,47,21,18,81.651,85.535,90.500,848,689,0,0,-0.0080,0.0750,-0.0188,0.0490
713394440,2022-03-20T19:58:55.021783Z,50.372711101688,29.279889033115,69.5056287564,1.00,true,0.843,2.946,58.834,69.006,-9.978,47,18,18,72.434,78.702,84.282,802,767,0,0,0.0902,0.1632,0.0381,0.0500
719596749,2022-03-03T02:22:35.626316Z,50.695961564193,29.652985362242,91.7642459797,1.00,true,0.908,0.879,55.103,91.264,-2.374,11,22,5,95.735,98.634,102.309,225,32,0,0,0.1716,0.1427,-0.0045,0.0790
722125565,2022-03-20T20:46:26.288413Z,50.167095763207,28.437652730960,0.1007916332,1.00,true,0.754,3.148,99.948,-0.399,-9.712,43,21,20,69.122,76.858,83.357,856,780,0,0,0.2400,0.1630,-0.1166,0.0700
729422999,2022-06-25T15:46:08.99301Z,50.863609924937,28.931632668021,22.7032045261,1.00,true,0.703,1.140,18.978,22.203,-3.007,59,21,20,25.864,35.524,45.710,927,826,0,0,0.0506,0.0465,0.0117,0.0249
729423715,2022-03-20T21:19:31.578262Z,50.487492887646,29.480786462877,98.3992057916,1.00,true,1.621,1.226,69.363,97.899,-3.422,7,19,14,100.348,103.469,107.898,129,74,0,0,12.4114,1.4834,-0.0025,0.2101
730901190,2022-03-20T21:34:10.559573Z,49.462919150113,27.470597430290,34.0511198186,1.00,true,2.510,1.784,363.994,33.551,-1.440,11,20,21,176.009,184.167,190.539,201,174,0,0,-0.2233,0.3018,-0.1830,0.3235
731097665,2022-03-20T21:36:03.069543Z,49.399202900753,27.799235413465,41.5142273028,1.00,true,3.986,2.020,331.433,41.014,-5.930,5,20,20,167.454,176.849,183.297,96,81,0,0,1.0354,1.0387,-0.5462,0.6230
757457703,2022-05-22T10:34:22.670817Z,50.645710663662,29.165302540791,53.7624271610,1.00,true,0.369,2.423,20.246,53.262,-8.329,49,24,24,53.768,54.366,56.344,991,1008,0,0,-0.2316,0.1335,-0.0127,0.0729
757470853,2022-05-22T10:34:35.704019Z,50.639673669834,29.149076062543,53.3497660170,1.00,true,0.387,2.519,21.478,52.850,-8.296,49,19,23,53.353,53.995,55.963,789,968,0,0,-0.2016,0.1507,-0.0123,0.0711
767582849,2022-03-03T07:02:23.695054Z,50.190510950789,29.185964349693,128.0556304734,1.00,true,3.109,1.051,175.594,127.556,-1.305,5,22,21,134.059,139.431,143.734,92,71,0,0,0.2013,0.2512,0.0348,0.1730
775251453,2022-05-22T12:11:58.478738Z,50.152941493903,26.418999382841,4.6903675477,1.00,true,1.209,7.132,141.072,4.190,-26.521,39,24,7,194.130,202.686,209.536,894,200,0,0,0.1978,0.2725,0.0415,0.3607
778372778,2022-05-22T12:43:22.683273Z,51.609392186965,31.421892407666,28.9478930134,1.00,true,1.750,7.612,266.515,28.448,-24.317,38,24,11,184.008,191.635,200.257,866,241,0,0,0.0991,0.1672,0.3830,0.2098
778532878,2022-05-22T12:44:42.360846Z,50.803435378600,27.157386377280,125.3369557197,1.00,true,1.769,6.751,108.917,124.837,-24.639,33,24,9,179.977,188.092,195.281,763,197,0,0,-0.0863,0.2104,0.1785,0.1210
779070770,2022-04-06T16:07:31.67262Z,50.478279037297,39.907505370449,67.2430325490,1.00,true,2.642,34.831,549.557,66.743,-115.327,40,22,20,749.179,756.968,767.720,840,768,0,0,0.0756,0.0918,-0.0924,0.2349
788160224,2022-03-03T09:07:58.630334Z,50.852534364129,28.970387145056,64.2667370173,1.00,true,1.299,1.157,52.688,63.767,-3.370,11,23,20,65.009,68.498,74.258,210,189,0,0,-0.2360,0.1773,0.0106,0.1640
792014749,2022-03-03T09:46:53.323034Z,50.324384111401,29.673437203743,71.1355492028,1.00,true,1.214,1.079,37.900,70.636,-2.677,11,22,19,82.327,89.392,97.607,208,143,0,0,0.3087,0.3181,-0.0272,0.1473
798314099,2022-03-03T10:09:54.507679Z,50.946687170913,30.405292324827,127.9730135911,1.00,true,2.109,0.946,66.324,127.473,-1.492,2,22,10,154.064,158.338,162.747,43,17,0,0,0.0539,0.5804,0.0693,0.2933
801481449,2022-03-03T10:41:13.426607Z,50.384874094164,29.079010574053,62.9217325028,1.00,true,0.920,2.921,64.263,62.422,-9.573,41,18,20,66.135,71.626,76.437,639,668,0,0,-0.0175,0.1434,0.0317,0.0692
802878649,2022-03-03T10:55:11.377512Z,50.368153599000,29.060564683028,57.4493122809,1.00,true,0.701,3.184,62.930,56.949,-8.622,46,15,19,61.737,67.700,73.105,560,706,0,0,0.2449,0.1074,-0.0188,0.0713
804811209,2022-11-19T15:12:36.118772Z,50.886247291433,28.880732424685,18.4335064722,1.00,true,0.434,1.161,19.646,17.934,-2.881,59,23,15,24.826,36.648,47.388,995,662,0,0,0.0073,0.0595,0.0044,0.0258
807696199,2022-03-03T11:03:37.512158Z,50.336267422201,30.005812167854,156.9398933104,1.00,true,3.049,1.128,127.789,156.440,-0.488,5,23,18,167.657,172.090,177.454,104,78,0,0,0.2463,0.3189,-0.1227,0.5009
810478524,2022-03-03T11:31:10.1589Z,50.421761044315,28.968403503913,66.5670826128,1.00,true,0.627,3.042,65.281,66.067,-9.841,49,21,15,70.144,73.925,77.438,814,604,0,0,-0.1132,0.1133,0.0067,0.0657
812515749,2022-03-03T11:51:50.66794Z,50.091997776891,28.488459932552,45.6514614409,1.00,true,0.940,2.499,143.557,45.151,-7.332,12,23,22,83.970,92.779,98.507,237,233,0,0,5.8349,17.7287,-0.0213,0.0733
817499149,2022-03-03T12:01:30.488868Z,50.079709295261,28.218153657224,25.0550902144,1.00,true,1.384,3.511,130.785,24.555,-10.511,41,21,21,87.683,96.542,103.997,777,669,0,0,-0.0480,0.2588,-0.0867,0.1711
817582849,2022-03-03T12:02:15.179451Z,50.422261385720,28.657834452750,78.5395854982,1.00,true,1.295,3.162,88.320,78.040,-8.821,46,21,14,86.100,90.176,94.146,876,530,0,0,-0.3391,0.1985,-0.0401,0.1440
817894974,2022-03-03T12:05:27.050002Z,50.222598645311,28.020060442941,1.0085223077,1.00,true,1.743,3.529,140.736,0.509,-9.950,43,22,17,85.548,94.463,101.819,865,607,0,0,0.3029,0.1340,0.1481,0.1421
818111624,2022-03-03T12:07:55.114149Z,50.648716951552,30.992172821501,116.1105856802,1.00,true,2.638,2.106,61.058,115.611,2.114,2,23,20,166.543,173.086,180.906,46,39,0,0,-1.4262,0.5357,0.1894,0.4391
818177649,2022-03-03T12:08:11.751545Z,50.477154314993,29.175009584214,47.6878017725,1.00,true,0.697,2.431,32.512,47.188,-8.248,46,20,21,48.423,53.446,58.827,793,815,0,0,0.0012,0.1621,0.0149,0.0590
819175149,2022-03-03T12:18:07.409074Z,50.567541070897,29.121279127756,73.9773523242,1.00,true,1.062,2.818,49.404,73.477,-9.591,56,22,20,74.203,75.277,77.696,1004,951,0,0,0.1330,0.3246,-0.0175,0.1367
820294024,2022-03-03T12:29:25.648665Z,50.523177413949,29.052189789490,84.4457122415,1.00,true,1.159,2.930,65.349,83.946,-10.351,45,23,23,85.027,86.603,88.960,879,866,0,0,0.0077,0.0522,0.0098,0.0411
820479274,2022-03-03T12:31:13.286988Z,50.476103200856,29.269232118634,55.6205758288,1.00,true,0.706,2.732,39.865,55.121,-7.713,47,23,22,56.415,60.716,66.737,910,842,0,0,0.2228,0.1465,-0.0012,0.0912
826381182,2022-04-19T09:29:39.558121Z,45.207929883648,28.010863835387,347.5231612099,1.00,true,2.626,32.744,755.692,347.023,-120.442,87,24,24,679.850,691.139,699.347,2071,2000,0,0,0.2162,0.3604,-2.7439,0.3796
828612774,2022-03-03T13:12:43.737114Z,50.078828782901,28.641583099036,54.7739701528,1.00,true,1.336,3.940,117.045,54.274,-11.263,41,19,8,85.516,93.656,99.471,635,290,0,0,-0.2999,0.1694,-0.7159,0.1480
828707624,2022-03-03T13:13:40.374791Z,50.525252320425,29.228826156316,58.4481130324,1.00,true,0.470,2.656,35.770,57.948,-8.625,41,19,20,58.541,61.441,66.038,659,673,0,0,-0.0847,0.1166,-0.0030,0.0487
830704224,2022-03-03T13:33:35.959273Z,50.251852035459,29.067286867295,54.7396984894,1.00,true,0.731,3.115,74.804,54.240,-10.041,55,19,18,64.690,73.363,79.828,817,779,0,0,-0.0263,0.0673,0.0163,0.0356
832712311,2022-03-16T02:02:55.27132Z,50.830284649475,29.218321354854,179.4182782180,1.00,true,2.906,2.013,174.299,178.918,-0.729,2,19,0,179.688,180.252,182.020,37,0,0,0,-0.4020,0.5393,1.1276,0.9746
832913349,2022-03-03T13:55:55.197397Z,51.102197223998,29.973011064957,20.2100266410,1.00,true,1.503,0.485,16.710,19.710,0.197,2,18,12,70.110,77.280,81.957,35,22,0,0,0.1177,0.4867,0.0353,0.1495
833589486,2022-03-16T02:11:21.969613Z,50.342256357658,29.508864400735,128.7294462008,1.00,true,1.430,3.166,90.695,128.229,-11.030,6,20,11,132.488,136.634,141.142,119,48,0,0,0.1282,0.1988,-0.1424,0.1609
835408511,2022-03-16T02:29:45.899015Z,50.595491815858,29.120694141070,75.8828732280,1.00,true,0.895,2.400,60.671,75.383,-6.101,20,21,21,76.087,76.780,78.667,384,375,0,0,-0.4866,0.2318,-0.0783,0.0898
835577111,2022-03-16T02:31:20.268047Z,51.057778908404,28.674286850023,39.3146853044,1.00,true,1.444,0.671,40.218,38.815,-0.732,14,20,21,56.379,66.038,78.003,260,264,0,0,0.0088,0.1157,0.0299,0.0390
836156557,2022-04-19T10:29:06.718609Z,50.590509577910,29.251896363190,51.1215875633,1.00,true,0.428,2.435,21.182,50.622,-8.281,45,24,24,51.130,52.743,57.047,887,926,0,0,0.0118,0.0532,-0.0030,0.0252
837309611,2022-03-16T02:48:42.910631Z,50.338386985083,29.373408474391,68.9749548076,1.00,true,0.704,3.038,60.392,68.475,-10.089,47,19,17,73.828,80.484,87.445,849,723,0,0,0.0556,0.1037,-0.0166,0.0583
837961861,2022-03-16T02:54:55.334362Z,50.210624662699,29.504153805905,59.3330151200,1.00,true,0.404,3.058,71.951,58.833,-9.666,47,21,21,73.380,83.029,92.199,916,916,0,0,-0.3069,0.1767,-0.0742,0.1065
842664336,2022-03-16T03:02:04.741616Z,49.412389896522,28.222209934199,80.5935281465,1.00,true,2.533,1.736,269.662,80.094,-3.258,7,20,20,164.874,174.997,181.239,139,137,0,0,-0.3375,0.2413,-1.2401,0.2039
843194661,2022-03-16T03:07:34.535166Z,49.532500368487,27.478363140181,6.2626142364,1.00,true,1.971,2.408,292.987,5.763,-3.465,10,20,19,167.394,174.992,181.843,190,176,0,0,0.1451,0.5029,-0.9019,0.6435
844382561,2022-03-16T03:19:19.144557Z,50.383532423672,29.067745798292,51.4924528666,1.00,true,0.991,1.972,34.869,50.992,-6.855,17,17,15,55.561,62.581,67.437,280,218,0,0,-33.9629,2.0748,0.0410,0.1279
845138608,2022-06-08T09:03:01.395089Z,45.223068860105,25.091270284407,57.9455807729,1.00,true,2.266,32.679,780.728,57.446,-116.605,43,24,24,666.330,676.702,684.304,1023,987,0,0,0.2120,0.3635,0.7924,0.2133
848980674,2022-03-03T15:16:12.458045Z,50.182505164540,29.090903661534,50.0447346815,1.00,true,0.837,3.235,86.295,49.545,-9.542,41,19,19,65.053,74.892,82.724,632,611,0,0,0.0181,0.1296,-0.0076,0.0827
851861599,2022-03-03T15:44:53.118128Z,50.486240404212,29.098450828875,79.1608249202,1.00,true,0.748,2.874,61.750,78.661,-9.882,44,18,20,80.230,82.601,85.500,658,690,0,0,-0.1403,0.1591,-0.0398,0.0872
853317524,2022-03-03T15:57:15.750007Z,53.117044976483,36.151551186946,238.3460986240,1.00,true,1.084,2.053,513.200,237.846,-163.250,45,0,18,584.799,592.116,599.466,0,640,0,0,-8.0620,2.0407,-0.0238,0.0948
855368757,2022-04-19T12:21:26.86237Z,50.435385626462,29.379265392392,2.6407035976,1.00,true,0.595,0.586,0.814,2.141,-0.138,24,21,17,18.007,31.305,44.842,366,313,0,0,-0.0198,0.0763,0.0006,0.0397
857397724,2022-03-03T16:00:29.793193Z,50.099589643324,28.624506683709,1.8101287364,1.00,true,1.295,3.193,110.307,1.310,-10.207,46,15,13,64.939,75.013,81.814,537,483,0,0,-0.2595,0.1809,-0.0227,0.0593
863447107,2022-04-19T13:00:09.138296Z,51.964065319011,40.148616535720,34.0616852066,1.00,true,3.568,37.331,596.481,33.562,-116.862,40,24,23,768.152,775.183,783.615,918,884,0,0,0.1679,0.3610,0.8232,0.5450
867760949,2022-03-03T17:03:05.124697Z,48.986101854409,24.879350965838,70.0536472797,1.00,true,1.199,3.028,404.227,69.554,-57.875,40,21,0,355.370,363.595,371.103,733,0,0,0,-0.1371,0.1184,-0.0518,0.0598
869309349,2022-03-03T17:19:44.72218Z,50.596411122126,29.124348895364,85.3149883445,1.00,true,1.073,2.369,73.615,84.815,-5.278,11,20,20,85.407,86.009,87.790,196,194,0,0,-0.0525,0.1501,0.0342,0.0761
876274786,2022-03-16T06:38:14.362918Z,50.500089162613,29.272236734440,92.7720019051,1.00,true,1.279,1.909,76.068,92.272,-3.637,49,19,10,93.062,95.451,98.980,861,359,0,0,-0.0736,0.1633,-0.0256,0.0793
876597511,2022-03-16T06:41:36.591252Z,50.154413213956,28.675170317754,74.7927586759,1.00,true,2.150,2.723,128.963,74.293,-4.409,53,21,10,94.373,100.760,105.434,1005,391,0,0,0.0638,0.0586,0.0200,0.0478
879951728,2022-05-22T22:59:20.901464Z,50.947765570298,28.802315689621,58.4624370137,1.00,true,1.411,1.535,15.846,57.962,-5.099,29,24,24,63.701,70.684,78.373,626,624,0,0,-0.2625,0.1418,0.0401,0.0523
882690611,2022-03-16T07:02:24.491985Z,50.363178000666,29.076380758328,64.2318861336,1.00,true,0.576,2.925,66.555,63.732,-9.508,41,21,21,68.099,74.064,78.877,710,725,0,0,0.1726,0.1313,0.0309,0.0523
887500636,2022-03-16T07:50:36.804643Z,50.407339201665,29.340649932730,68.4830798491,1.00,true,0.896,2.189,22.751,67.983,-7.195,32,19,20,70.946,76.244,82.438,583,580,0,0,-0.0296,0.0728,0.0301,0.0340
887691786,2022-03-16T07:52:28.154902Z,50.499599497495,29.388637367008,67.9294791132,1.00,true,1.296,2.431,22.891,67.429,-6.845,42,20,16,69.384,73.240,78.379,771,600,0,0,0.0951,0.1903,0.0391,0.0757
894169186,2022-03-16T08:17:08.56416Z,50.891170939114,28.006241681330,2.7437945607,1.00,true,1.610,2.032,103.901,2.244,-4.436,24,17,18,72.452,83.648,92.473,362,386,0,0,0.1169,0.1388,0.0645,0.0547
896586911,2022-03-16T08:41:27.512184Z,50.878684543382,28.824776321963,67.3568753676,1.00,true,1.196,1.080,65.604,66.857,-2.488,9,12,14,69.965,73.512,80.993,98,108,0,0,-0.2047,0.2850,-0.0175,0.1295
897100461,2022-03-16T08:46:37.996205Z,49.138672648740,29.132394755819,12.6426532907,1.00,true,3.141,2.443,215.424,12.143,-7.004,5,18,18,157.448,173.184,182.480,82,83,0,0,0.1789,0.2760,-0.0396,0.1706
897677174,2022-03-03T20:03:09.832596Z,50.225477557448,29.219580919043,117.6073119208,1.00,true,1.660,2.417,69.538,117.107,-9.167,4,23,23,122.949,128.309,132.930,84,61,0,0,-0.2724,0.3157,-0.3344,0.1681
898969224,2022-03-03T20:16:01.982627Z,50.235392914810,28.837880542718,26.7845577705,1.00,true,0.667,2.863,72.381,26.285,-9.017,44,21,18,51.125,60.635,67.455,782,677,0,0,0.0015,0.0699,-0.0216,0.0380
900194049,2022-03-03T20:27:28.683887Z,53.153019617051,33.161733696186,179.8267689417,1.00,true,1.112,1.858,388.456,179.327,-67.316,23,19,0,417.056,425.147,432.205,394,0,0,0,-0.0254,0.1807,0.0350,0.0878
900485449,2022-03-03T20:31:20.283427Z,50.842781174194,28.774205289395,80.1617118801,1.00,true,1.052,2.020,30.979,79.662,-6.717,28,23,20,82.575,86.673,91.510,633,540,0,0,-0.0335,0.1139,0.0321,0.0553
900599599,2022-03-03T20:32:36.500801Z,50.946504085239,28.793749939177,58.5974271109,1.00,true,0.554,1.703,14.061,58.097,-4.499,26,18,19,63.943,70.161,78.613,430,450,0,0,-0.3049,0.1446,-0.0055,0.0928
901184899,2022-03-03T20:38:21.818324Z,50.937782713885,28.940165841339,64.4130103674,1.00,true,1.247,1.762,26.525,63.913,-5.182,39,8,19,67.218,71.839,79.531,292,678,0,0,-0.0401,0.2646,0.0730,0.0810
906360011,2022-03-16T09:38:53.804207Z,50.212857854933,28.948217651036,46.5285536497,1.00,true,1.327,2.827,83.846,46.029,-10.196,49,14,17,62.397,71.546,77.647,603,717,0,0,0.1412,0.1240,-0.0071,0.0558
913201861,2022-03-16T10:07:36.702511Z,50.649491603823,29.029053790752,51.0828633743,1.00,true,0.419,2.421,25.903,50.583,-8.297,44,21,21,51.273,52.632,54.279,834,842,0,0,-0.0385,0.0936,-0.0138,0.0546
913568511,2022-03-16T10:11:03.528068Z,50.655371517686,29.073347396106,52.0702502134,1.00,true,0.510,2.418,23.999,51.570,-8.472,43,21,21,52.145,53.133,54.326,839,827,0,0,-0.1351,0.0924,-0.0105,0.0499
913779661,2022-03-16T10:13:14.78459Z,50.636731776068,29.186955505173,49.6619573338,1.00,true,0.429,2.416,18.101,49.162,-8.215,46,21,21,49.712,50.276,53.001,844,870,0,0,-0.0661,0.2110,-0.0129,0.0928
913900861,2022-03-16T10:14:37.101435Z,50.427935450828,29.400037090436,76.2725657493,1.00,true,1.008,2.297,30.173,75.773,-6.899,48,21,18,78.682,83.429,89.063,849,730,0,0,0.1501,0.1558,0.0202,0.0729
914783361,2022-03-16T10:23:18.066129Z,50.475357906710,29.260555649866,67.5870363127,1.00,true,1.259,2.484,27.573,67.087,-8.934,46,20,18,68.213,72.281,76.890,863,732,0,0,0.2647,0.2307,-0.0254,0.1296
916172886,2022-03-16T10:37:09.502087Z,50.525353477048,29.436155353237,71.2036732594,1.00,true,0.737,2.210,24.438,70.704,-6.498,47,20,21,72.675,76.092,81.268,870,866,0,0,0.0850,0.0966,0.0125,0.0512
916409936,2022-03-16T10:39:54.627882Z,50.385851817081,29.743168962601,45.5805194015,1.00,true,2.737,1.366,32.595,45.081,0.628,8,19,18,61.377,69.626,79.410,144,110,0,0,-0.2334,0.4465,-0.0370,0.1387
916669711,2022-03-16T10:42:04.041197Z,50.044968531965,29.373145199753,40.6519036186,1.00,true,1.208,2.935,88.102,40.152,-8.959,41,20,18,70.268,83.989,93.663,766,649,0,0,0.0080,0.2414,0.1056,0.1487
917342868,2022-11-02T08:38:58.653234Z,50.518165072867,29.044027198999,17.0492702274,1.00,true,0.799,0.706,3.034,16.549,-2.347,12,3,21,20.068,26.246,33.362,18,210,0,0,-0.0286,0.1026,0.0165,0.0605
918088411,2022-03-16T10:56:30.505007Z,50.678049356505,28.855078092478,23.1333379755,1.00,true,0.659,0.771,8.947,22.633,-1.495,4,18,18,26.082,31.539,38.702,60,54,0,0,-0.0488,0.1769,-0.0912,0.1732
919212212,2022-05-05T08:53:14.957864Z,50.555709881070,30.719711119390,115.3510885048,1.00,true,2.955,2.258,101.104,114.851,-2.042,8,23,12,153.066,159.389,167.331,167,65,0,0,-0.2074,0.4976,-0.0182,0.3541
920944050,2022-10-29T07:30:51.671968Z,50.813196505674,28.767980136870,71.7787272836,1.00,true,1.344,2.302,21.305,71.279,-7.328,50,19,15,74.154,77.861,83.307,874,684,0,0,0.0481,0.0558,-0.0111,0.0372
922240892,2022-09-13T11:00:38.701281Z,49.402977090377,21.019223173604,338.6052867996,1.00,true,2.604,31.217,564.277,338.105,-120.299,87,24,23,665.650,673.463,679.738,2071,1922,0,0,0.0066,0.0631,-0.4730,0.1918
922666261,2022-03-16T11:02:07.183434Z,50.861221372344,30.599473308517,119.3269669964,1.00,true,2.862,1.228,68.673,118.827,-2.817,8,20,16,152.891,157.739,163.396,155,92,0,0,0.2308,0.3471,-0.0446,0.3472
928881748,2022-03-29T00:13:17.485015Z,50.270802023115,29.519764447977,70.4735655340,1.00,true,0.832,2.848,69.482,69.974,-9.515,56,20,16,80.115,87.829,96.026,1041,773,0,0,-0.0290,0.0674,-0.0205,0.0397
929571949,2022-03-03T23:22:09.029262Z,50.409659124100,29.221542222038,91.9150515233,1.00,true,1.528,1.721,78.941,91.415,-4.971,52,22,22,93.232,97.206,101.222,1025,798,0,0,0.1452,0.3091,-0.0036,0.0827
930838750,2022-10-29T08:29:48.378826Z,50.233597607966,29.691040747979,142.5929842054,1.00,true,2.207,1.716,98.728,142.093,-4.621,8,21,19,150.705,154.991,161.106,138,128,0,0,0.2837,0.2612,0.6094,0.2955
932733192,2022-09-13T12:06:55.487947Z,50.517858909150,29.786855188733,314.6877210141,1.00,true,2.559,9.392,105.122,314.188,-35.512,25,24,7,316.759,318.194,320.126,589,157,0,0,0.0515,0.1231,-0.0554,0.1648
933501200,2022-10-29T08:56:11.907497Z,49.503748278321,28.194346357251,33.7814030563,1.00,true,2.519,1.770,222.005,33.281,-4.093,9,9,17,140.711,149.598,157.128,75,133,0,0,0.1997,0.2376,0.7370,0.3367
935682836,2022-03-16T12:32:17.843206Z,50.568835152394,29.160418268277,52.0321397364,1.00,true,0.381,2.428,26.993,51.532,-8.157,56,21,21,52.135,53.939,57.488,1034,1070,0,0,-0.2208,0.2673,0.0335,0.1452
942688598,2022-03-29T01:51:33.344926Z,50.607108002219,28.993474128837,30.9680130340,1.00,true,0.678,0.399,19.341,30.468,-0.655,7,22,22,32.467,34.870,37.300,120,117,0,0,0.2007,0.2846,0.0103,0.1452
945264536,2022-03-16T13:27:57.720262Z,50.272070599125,27.966624946928,8.2004167175,1.00,true,0.630,3.833,141.366,7.700,-10.280,40,17,19,89.584,95.095,102.396,588,622,0,0,-0.0337,0.0662,-0.0150,0.0679
954776561,2022-03-16T14:23:10.617343Z,50.296536250433,29.552617791814,67.2071148360,1.00,true,0.683,2.937,64.686,66.707,-9.383,61,21,21,76.872,84.924,92.860,1171,1104,0,0,-0.1266,0.1693,-0.1232,0.0617
956693736,2022-03-16T14:42:26.67462Z,50.332574086986,29.189206881515,67.6552188936,1.00,true,0.929,2.734,67.002,67.155,-10.325,45,11,17,71.836,78.537,84.227,456,639,0,0,0.0085,0.1970,0.0470,0.0899
958941318,2022-11-02T12:54:27.949783Z,51.094811475044,33.444829216380,65.5011536681,1.00,true,2.258,8.778,207.053,65.001,-32.050,25,24,6,302.472,309.853,318.728,589,131,0,0,0.1719,0.1629,0.8309,0.1634
963413970,2022-06-21T09:36:02.436729Z,50.460347460798,30.259813265047,269.6461686239,1.00,true,3.013,8.483,67.804,269.146,-33.563,13,23,23,278.467,281.254,284.798,294,223,0,0,-0.6755,0.7205,1.9239,0.6016
963464473,2022-03-29T03:59:00.777547Z,50.412633865223,28.484389530715,52.7064318920,1.00,true,0.823,2.982,92.656,52.206,-9.222,41,20,18,72.896,77.048,81.691,722,636,0,0,0.1300,0.0757,-0.0143,0.0638
966504087,2022-05-05T13:26:05.279644Z,50.879817343159,28.871410783807,19.5359029996,1.00,true,0.469,1.172,17.882,19.036,-2.720,52,9,16,25.621,34.570,45.694,376,633,0,0,0.3846,0.2128,0.0238,0.0911
968750362,2022-05-05T13:46:59.481455Z,50.561374610009,39.563114238506,13.9707421934,1.00,true,3.425,32.670,525.773,13.471,-115.519,40,24,24,724.410,732.786,742.960,918,921,0,0,0.1156,0.2898,-2.5886,0.1531
973256061,2022-03-16T16:07:49.149623Z,50.353508859546,29.082163230482,73.8181774141,1.00,true,1.657,3.042,75.470,73.318,-10.850,58,21,21,77.449,82.969,87.423,1064,1053,0,0,-0.0662,0.0634,-0.0218,0.0339
975869436,2022-03-16T16:34:08.937218Z,50.064166041683,28.451774281247,54.7353968496,1.00,true,1.424,1.734,149.412,54.235,-4.063,48,16,10,93.434,100.879,106.410,719,338,0,0,-0.0122,0.2098,0.0084,0.1282
976277561,2022-03-16T16:38:19.629794Z,49.434243919490,29.131853126263,80.5610619876,1.00,true,2.099,1.544,253.786,80.061,-1.370,4,21,11,147.425,160.651,168.887,83,40,0,0,-20.1108,0.2629,-0.0201,0.1473
976571486,2022-03-16T16:41:04.873859Z,50.015175642024,28.720528577151,39.0421574244,1.00,true,0.860,3.954,115.361,38.542,-10.126,44,21,21,78.888,89.552,95.949,822,797,0,0,-256.3555,18.5798,0.0025,0.1639
977581923,2022-03-29T05:00:16.913718Z,50.356044630335,29.389863951645,67.8023492787,1.00,true,0.349,2.941,55.007,67.302,-10.086,57,22,22,72.327,78.716,85.769,1138,1084,0,0,0.0472,0.0267,-0.0050,0.0169
977695148,2022-03-29T05:01:31.918145Z,50.527351162381,29.242576070245,53.7003651944,1.00,true,0.774,2.476,30.695,53.200,-9.082,52,22,21,53.830,56.928,61.989,1018,971,0,0,0.1385,0.1004,-0.0317,0.0345
977754073,2022-03-29T05:01:50.309604Z,50.437332913494,29.148052955645,56.6234317241,1.00,true,0.960,2.632,45.007,56.123,-9.690,42,22,22,58.133,63.307,68.343,837,816,0,0,-0.2936,0.1785,-0.0390,0.1073
978093473,2022-03-29T05:05:26.103682Z,50.074337349906,28.138728245528,3.2059857735,1.00,true,0.867,4.359,139.326,2.706,-12.896,51,22,22,92.400,98.717,105.601,967,964,0,0,0.0565,0.0524,0.0500,0.0759
978176723,2022-03-29T05:06:12.392318Z,50.319531727441,29.181179926011,59.8203675580,1.00,true,0.490,2.912,64.092,59.320,-9.608,56,22,22,65.082,72.684,78.937,969,975,0,0,-0.0749,0.0781,-0.0317,0.0375
978376073,2022-03-29T05:08:10.976125Z,50.320713911941,29.361404402558,66.0196491285,1.00,true,1.144,2.976,59.363,65.520,-11.024,57,22,22,71.611,78.734,86.046,1138,1084,0,0,0.2448,0.0800,-0.0133,0.0379
978608398,2022-03-29T05:10:49.997499Z,50.869421166889,28.731998459160,55.7601417359,1.00,true,1.205,1.315,55.127,55.260,-4.003,9,22,22,60.691,67.161,73.831,161,170,0,0,-0.0192,0.2129,-0.0655,0.1145
978900273,2022-03-29T05:13:37.617875Z,50.711330060267,28.726948782868,42.6937520580,1.00,true,0.606,2.429,36.437,42.194,-8.382,20,21,20,47.150,52.799,58.916,380,336,0,0,-0.0475,0.1056,-0.0050,0.0419
989527462,2022-05-05T15:56:22.714663Z,50.351476011221,29.036414382929,61.8517156495,1.00,true,0.626,2.911,69.926,61.352,-9.285,41,24,24,66.721,72.147,77.696,722,720,0,0,0.0044,0.0778,0.0078,0.0312
989537276,2022-12-18T12:01:40.007567Z,51.744483945383,34.008193875763,51.5977014538,1.00,true,2.867,17.572,263.408,51.098,-32.992,17,21,23,354.225,361.603,369.167,336,379,0,0,-26.9974,4.8096,-2.5742,1.6886
993387365,2022-02-13T10:17:13.091504Z,50.869231322007,28.907467281322,21.3490840701,1.00,true,0.490,1.070,19.355,20.849,-2.908,40,14,17,25.512,36.153,46.279,427,502,0,0,0.0542,0.1780,-0.0216,0.0946
993931170,2022-06-21T12:39:56.96603Z,50.125551958233,39.915400203789,120.3476800680,1.00,true,3.794,36.436,549.761,119.848,-116.034,40,23,21,757.760,766.021,776.795,882,808,0,0,0.3537,0.1791,-0.8188,0.4298
995308937,2022-05-05T16:14:03.47319Z,50.649460222449,29.801271539930,60.0918045647,1.00,true,1.428,2.821,34.019,59.592,-10.527,41,22,22,70.292,75.265,82.432,701,654,0,0,0.0843,0.0979,0.0312,0.0635
995545146,2022-08-10T10:41:27.199969Z,52.679116037430,36.173641841331,436.7637735555,1.00,true,2.534,31.271,566.387,436.264,-120.800,87,23,24,669.703,675.373,681.409,1985,2000,0,0,0.0801,0.1679,-0.7862,0.1919
998281923,2022-03-29T07:07:23.696688Z,50.857548901899,28.081893918589,18.9194495450,1.00,true,0.867,1.668,101.922,18.419,-3.303,25,19,19,69.003,81.038,90.692,416,413,0,0,0.3928,0.1646,0.0615,0.0806
1001693023,2022-03-29T07:41:34.735312Z,50.997671390278,28.470829099775,53.1506497019,1.00,true,1.533,1.435,70.710,52.651,-4.265,25,22,20,70.829,80.410,88.956,458,433,0,0,0.0548,0.0597,0.0243,0.0322
1004535987,2022-05-05T17:06:31.990545Z,50.654991728719,29.201953486696,50.8550312666,1.00,true,0.768,2.270,12.678,50.355,-9.009,42,9,22,50.856,51.447,53.787,332,795,0,0,0.0644,0.4011,0.0173,0.1687
1008405936,2022-03-16T19:59:39.284006Z,50.194567891535,28.889212802027,44.0796395868,1.00,true,1.209,2.913,82.933,43.580,-10.716,49,21,21,63.218,72.758,78.840,907,878,0,0,0.1314,0.0712,-0.0204,0.0507
1013533220,2022-06-21T14:37:50.03813Z,50.439624153991,28.885762770661,83.0907420181,1.00,true,1.595,1.564,96.076,82.591,-4.962,15,24,16,86.147,89.381,91.991,307,180,0,0,-33.3630,2.9978,0.0423,0.1305
1014467036,2022-03-16T20:20:01.52572Z,50.418792511788,28.163606091225,38.7272686487,1.00,true,1.459,3.254,121.857,38.227,-9.474,48,20,17,78.714,84.470,90.647,852,714,0,0,-0.1762,0.1994,-0.0060,0.1515
1015583586,2022-03-16T20:31:18.588143Z,50.508586295887,29.232979421795,70.3008358319,1.00,true,0.580,2.589,31.544,69.801,-8.412,41,20,20,70.484,73.561,77.452,784,737,0,0,-0.0335,0.0661,0.0528,0.0424
1024712111,2022-03-16T21:22:45.931927Z,50.278149136041,28.850454771420,44.8502366722,1.00,true,1.008,2.747,74.792,44.350,-10.068,44,20,19,59.566,67.377,72.574,788,745,0,0,-7.9708,3.0538,0.0253,0.0634
1030111674,2022-05-18T08:11:15.075511Z,50.929432155310,28.907535873765,16.8058659587,1.00,true,0.575,1.258,24.491,16.306,-2.924,72,22,21,25.690,37.662,49.865,1395,1166,0,0,-0.0431,0.0628,-0.0211,0.0199
1030767923,2022-03-29T10:32:03.90655Z,50.181946161767,28.994243675269,40.9856733348,1.00,true,0.475,3.193,83.620,40.486,-9.093,47,20,18,59.759,70.199,77.668,753,696,0,0,-0.0119,0.0715,-0.0124,0.0383
1031385173,2022-03-29T10:38:20.5608Z,50.166622308470,28.703059318616,21.6771106453,1.00,true,1.229,2.839,94.402,21.177,-10.439,43,12,16,59.567,69.015,75.735,471,619,0,0,-0.0825,0.0577,-0.0067,0.0319
1032295998,2022-03-29T10:47:31.866725Z,50.198059696459,28.909317930547,41.2391898106,1.00,true,0.444,3.087,84.765,40.739,-9.133,42,21,22,60.526,70.116,76.792,706,737,0,0,0.1836,0.1387,-0.0058,0.0545
1034203086,2022-03-16T22:17:36.151511Z,50.296182827670,29.271463625509,63.8572818748,1.00,true,1.092,2.975,63.756,63.357,-10.848,55,21,20,69.950,78.082,84.624,1076,1009,0,0,0.2822,0.1229,-0.0136,0.0688
1035884986,2022-03-16T22:34:21.761633Z,50.235890694653,28.592308966074,49.9642505760,1.00,true,1.474,2.371,94.881,49.464,-7.238,41,14,16,74.700,80.819,86.107,523,558,0,0,0.0848,0.0793,0.0307,0.0793
1036082461,2022-03-16T22:36:19.319269Z,50.513090283200,29.356682033507,75.5319565305,1.00,true,0.991,2.198,35.883,75.032,-6.681,43,19,20,76.399,79.580,83.899,736,706,0,0,0.1638,0.2361,0.0013,0.0894
1036364786,2022-03-16T22:39:00.824499Z,50.225414563972,28.412888301445,38.8594560556,1.00,true,1.148,2.756,107.953,38.359,-7.176,44,18,14,77.072,82.887,88.595,731,542,0,0,0.0654,0.0782,-0.0020,0.0318
1043405848,2022-03-29T11:58:41.001344Z,50.558732022602,29.083139798547,79.5980344391,1.00,true,1.009,3.006,55.048,79.098,-9.999,59,20,16,80.057,81.083,83.203,1016,815,0,0,-0.0902,0.1890,-0.0303,0.1023
1044610086,2022-03-16T23:21:51.937875Z,50.589809717949,29.274104354261,30.7017563799,1.00,true,0.662,0.593,19.723,30.202,-2.062,18,20,12,30.839,34.259,40.464,219,179,0,0,-0.0340,0.2509,0.0006,0.0738
1049906227,2022-02-26T04:31:36.103518Z,50.995493073598,28.460518600421,25.8845081212,1.00,true,0.943,0.798,52.965,25.385,0.104,16,23,23,54.015,66.063,76.363,302,302,0,0,0.3930,0.2898,-0.0249,0.1212
1055891800,2022-07-07T08:54:09.199381Z,51.330847771678,33.312080750384,132.2029449560,1.00,true,1.001,0.826,331.385,131.703,-49.801,13,22,0,318.648,325.126,332.454,228,0,0,0,-0.0461,0.3317,0.0399,0.1576
1057570798,2022-03-29T13:00:05.426982Z,50.385208037171,29.304284420896,69.6030535337,1.00,true,0.866,2.747,52.546,69.103,-10.573,60,21,20,72.312,77.873,83.997,1102,1007,0,0,0.0365,0.0746,0.0110,0.0298
1057666673,2022-03-29T13:01:01.764489Z,50.382450535160,29.321890040894,68.5627936889,1.00,true,0.576,2.916,52.090,68.063,-10.236,55,22,22,71.523,77.246,83.581,1079,1032,0,0,0.0434,0.0919,-0.0258,0.0564
1057709998,2022-03-29T13:01:46.080726Z,50.597885956446,28.993304058977,81.7111889337,1.00,true,1.264,3.069,56.883,81.211,-9.919,41,22,22,82.400,83.296,84.462,799,759,0,0,-0.1527,0.1033,0.0696,0.0734
1059483327,2022-02-26T05:27:08.592385Z,50.517014676175,29.804843661545,63.7501656684,1.00,true,1.521,1.722,42.163,63.250,-5.408,11,24,24,74.287,80.550,88.323,232,223,0,0,-0.2753,0.3239,0.0130,0.1978
1061124749,2022-05-18T11:21:27.739347Z,50.909755372653,28.860324279354,18.3790692824,1.00,true,0.439,1.194,21.203,17.879,-3.261,72,20,18,26.816,39.244,50.120,1194,1002,0,0,-0.0791,0.2197,-0.0286,0.0643
1063591930,2022-11-15T11:50:20.521813Z,49.199771852751,25.071352847088,74.8983583690,1.00,true,3.222,14.007,467.974,74.398,-32.478,17,24,24,332.611,340.713,348.046,381,395,0,0,0.2677,0.1196,-0.6539,0.2241
1067276377,2022-02-26T06:04:46.456794Z,50.442851413164,29.688927716661,150.1372315377,1.00,true,1.674,5.692,77.231,149.637,-20.543,22,23,17,153.939,156.892,160.998,446,278,0,0,-0.0898,0.1573,-0.1488,0.1471
1067469252,2022-02-26T06:06:31.971672Z,48.760431562695,28.249599379221,27.0885772589,1.00,true,1.793,11.029,155.142,26.589,-28.028,23,23,12,211.887,224.410,232.425,469,201,0,0,0.1397,0.0998,0.0156,0.0994
1067608902,2022-02-26T06:08:19.060002Z,50.349203102123,29.507364753969,147.0647550987,1.00,true,0.801,5.338,61.285,146.565,-19.940,25,21,8,150.227,153.300,157.762,473,152,0,0,0.3247,0.1782,0.7520,0.1500
1067680002,2022-02-26T06:08:19.767728Z,49.818183696612,24.234612759017,170.3606682832,1.00,true,0.840,26.753,323.567,169.861,-50.232,23,24,11,388.606,396.565,402.849,483,196,0,0,0.0640,0.1302,-0.1873,0.2773
1068168098,2022-03-29T14:03:47.815321Z,44.372862574663,19.907692948273,165.1792617172,1.00,true,2.354,1.501,1132.596,164.679,-146.185,9,19,0,979.912,986.127,993.365,160,0,0,0,0.0683,0.2308,-0.0592,0.0636
1075469325,2022-07-07T10:50:37.126346Z,51.100193936599,28.506966682087,46.4033426161,1.00,true,1.546,0.803,44.378,45.903,0.126,11,24,20,69.533,80.735,90.784,215,177,0,0,0.0057,0.2055,-0.0285,0.0396
1084889925,2022-07-07T11:43:01.970812Z,50.723311728251,39.435357164375,84.9373906624,1.00,true,3.820,31.758,519.348,84.437,-116.029,40,24,24,715.212,723.349,733.219,918,921,0,0,0.0479,0.0561,-0.3999,0.2195
1088493502,2022-02-26T08:17:13.901702Z,50.367832124982,29.104258524496,78.1958210739,1.00,true,1.371,2.847,77.776,77.696,-10.098,47,24,23,81.072,85.636,90.402,918,864,0,0,-0.1169,0.1132,0.0019,0.0797
1090010102,2022-02-26T08:32:30.617604Z,50.540121154224,28.620238221750,93.0070744873,1.00,true,0.775,3.167,100.490,92.507,-9.382,39,24,24,98.325,101.613,104.343,782,716,0,0,0.1306,0.0846,0.0370,0.0730
1090258553,2022-04-15T06:18:53.327881Z,54.043040689640,31.323051199226,524.3173979942,1.00,true,3.262,30.754,320.492,523.817,-116.672,42,24,23,646.257,650.945,657.725,1000,927,0,0,-0.5500,0.5858,2.7999,0.5858
1091457708,2022-08-23T08:51:41.685044Z,50.439187621430,29.391807951622,5.8562257940,1.00,true,0.293,0.294,0.177,5.356,-0.315,24,19,17,19.065,31.376,45.256,339,329,0,0,-0.1484,0.1466,0.0119,0.0736
1092290152,2022-02-26T08:55:12.313314Z,50.458426324362,29.191159627969,83.0350381222,1.00,true,1.465,2.491,73.225,82.535,-8.687,28,24,24,83.664,86.735,90.764,582,577,0,0,0.0873,0.1015,-0.0264,0.0579
1092686852,2022-02-26T08:59:08.483572Z,50.446551606330,29.180589166281,85.4958190964,1.00,true,0.612,2.575,74.190,84.996,-8.516,30,22,24,86.282,89.471,93.441,556,603,0,0,-0.2007,0.0935,-0.0124,0.0699
1103362184,2022-10-12T07:56:04.900471Z,50.920719212498,28.909705233437,16.5648203614,1.00,true,0.784,1.202,23.638,16.065,-3.100,72,23,22,24.843,36.819,48.906,1443,1160,0,0,0.0130,0.0561,-0.0217,0.0172
1108329279,2022-09-26T18:12:24.405733Z,50.206025771961,28.439586611241,52.6930490294,1.00,true,1.152,1.574,144.107,52.193,-4.594,3,16,16,82.019,89.454,95.576,46,44,0,0,-33.5799,9.1818,-0.0396,0.1298
1109210777,2022-02-26T10:24:37.000457Z,49.187592990607,29.333881675041,113.6759821767,1.00,true,3.176,1.986,306.594,113.176,-3.000,3,20,14,188.607,201.600,209.779,52,36,0,0,-5.7546,3.1550,-0.2085,0.3678
1118251757,2022-03-12T01:08:18.261451Z,50.432490977525,28.571257358321,79.8970315960,1.00,true,1.039,3.344,97.698,79.397,-9.739,68,14,16,91.254,94.208,97.573,875,914,0,0,-0.0339,0.1147,-0.0135,0.0719
1119218977,2022-02-26T11:24:43.00401Z,50.580001084764,29.292492045593,88.7484190115,1.00,true,1.440,2.173,60.312,88.248,-5.996,12,20,14,88.820,90.298,93.027,197,123,0,0,0.0917,0.2254,0.0939,0.1658
1120147382,2022-03-12T01:26:46.866574Z,51.672708742753,31.833861831557,98.1101581636,1.00,true,1.031,2.369,190.866,97.610,-37.133,40,21,0,230.522,237.201,242.269,790,0,0,0,-0.1436,0.0854,-0.0121,0.1130
1120344357,2022-03-12T01:29:11.569589Z,50.470994934979,29.018412903912,59.5780063335,1.00,true,0.770,2.787,52.498,59.078,-9.430,59,21,21,61.634,64.960,68.518,1082,1072,0,0,-0.0044,0.0586,-0.0016,0.0300
1120582007,2022-03-12T01:31:48.715893Z,50.346781586781,29.005219620389,61.2925571651,1.00,true,0.446,2.819,70.727,60.793,-9.284,40,21,20,66.805,72.886,77.612,707,686,0,0,-0.1152,0.0711,-0.0019,0.0390
1120676557,2022-03-12T01:32:43.714275Z,50.314825132415,28.706767803373,42.3687256389,1.00,true,0.766,2.987,82.021,41.869,-9.286,54,21,21,60.931,66.924,72.049,980,988,0,0,0.1522,0.1107,0.0065,0.0656
1120836482,2022-03-12T01:34:08.383058Z,50.856731878499,28.096238736197,2.2553408416,1.00,true,1.790,1.821,98.741,1.755,-4.617,20,18,18,65.478,77.937,87.853,301,315,0,0,0.0743,0.0910,-0.0208,0.0825
1120928457,2022-03-12T01:34:54.33226Z,50.029404223317,28.667536247164,23.7559592238,1.00,true,0.584,3.707,115.952,23.256,-10.668,53,20,20,76.120,84.076,90.741,922,908,0,0,-0.1581,0.1899,0.1368,0.1590
1123237532,2022-03-12T01:50:59.829028Z,64.793800111311,-9.426463533497,320.8599796663,1.00,true,3.096,3.986,2843.441,320.360,-434.171,8,19,0,2647.963,2659.524,2673.688,147,0,0,0,-0.8463,0.6920,1.3102,0.8126
1128385284,2022-10-12T10:06:30.544197Z,50.474816765813,29.404645131364,6.3746698626,1.00,true,0.814,0.471,3.089,5.875,-0.456,28,16,17,17.665,28.849,42.640,305,383,0,0,0.0953,0.1157,-0.0035,0.0422
1130586298,2022-03-29T20:30:21.933425Z,50.559035879163,28.922785915499,57.5673043257,1.00,true,1.248,2.624,44.577,57.067,-10.067,48,22,22,59.984,61.691,64.008,940,861,0,0,0.0511,0.0752,0.0041,0.0341
1130681348,2022-03-29T20:31:16.608477Z,50.101021024289,28.720870435763,24.2396127380,1.00,true,0.852,3.113,103.423,23.740,-10.392,46,11,20,65.207,75.065,82.431,478,760,0,0,0.0408,0.0471,0.0194,0.0336
1130710448,2022-03-29T20:31:47.23208Z,50.504479918653,28.443763656415,30.6946970503,1.00,true,0.702,2.774,73.804,30.195,-8.768,40,22,22,55.884,62.319,67.850,785,747,0,0,-0.0777,0.1622,0.0166,0.1014
1130787873,2022-03-29T20:32:24.308347Z,50.504874551740,28.914957877940,54.3118473985,1.00,true,0.500,2.621,49.421,53.812,-8.692,46,22,22,58.229,60.397,63.366,897,841,0,0,0.2970,0.1177,0.0463,0.0721
1130883748,2022-03-29T20:33:20.332285Z,50.432120194547,29.176107140818,53.0796429203,1.00,true,0.486,2.554,43.703,52.580,-8.668,44,22,22,54.716,60.492,66.028,873,843,0,0,-0.0475,0.1616,-0.0048,0.0732
1131169423,2022-03-29T20:36:04.207261Z,49.879473752507,29.249825074323,8.0021620533,1.00,true,0.972,3.409,116.093,7.502,-10.793,50,21,22,75.088,90.749,101.074,959,927,0,0,0.1118,0.1371,-0.0231,0.1157
1131200098,2022-03-29T20:36:36.085435Z,50.168548971431,28.809576771677,37.4401942619,1.00,true,1.072,3.154,95.100,36.940,-9.915,40,22,22,63.061,72.593,78.961,695,706,0,0,0.2328,0.1231,0.0377,0.1153
1137974784,2022-10-12T11:02:13.586404Z,50.921321819514,28.845742191978,68.1990133597,1.00,true,1.281,2.018,19.319,67.699,-7.414,48,24,24,71.384,76.885,83.436,1034,990,0,0,0.2759,0.1557,-0.0578,0.0768
1138613734,2022-10-12T11:08:58.206303Z,50.729153299924,30.418994537299,88.4074378827,1.00,true,1.759,1.793,48.376,87.907,-0.794,10,21,23,119.485,125.402,132.341,161,189,0,0,0.3712,0.2784,-0.0992,0.1495
1139323953,2022-04-15T11:11:12.659819Z,50.935438693231,28.883163858630,15.2420379495,1.00,true,0.594,1.241,25.248,14.742,-2.340,45,23,21,25.849,38.260,50.674,929,710,0,0,0.0805,0.0595,-0.0182,0.0323
1141573434,2022-10-12T11:37:44.288228Z,50.905791754912,33.696045808629,51.0181995158,1.00,true,2.401,12.089,212.338,50.518,-34.712,25,24,15,314.836,322.700,332.314,589,303,0,0,0.0103,0.1256,0.3164,0.1765
1144777629,2022-06-04T09:51:04.761728Z,49.099961284666,25.314764004133,19.9124698612,1.00,true,3.531,4.286,489.398,19.412,-25.238,3,19,1,316.950,325.459,333.121,55,3,0,0,0.0261,0.2356,0.2620,0.0405
1147129561,2022-05-31T08:30:34.056858Z,50.160641129810,28.551162746308,64.1771970472,1.00,true,1.823,2.434,135.903,63.677,-3.943,52,24,22,88.959,96.324,101.326,1079,781,0,0,0.0502,0.0881,0.0133,0.0549
1150335557,2022-03-12T04:29:01.303904Z,50.253096702899,29.265100709731,62.4690286074,1.00,true,0.916,2.917,68.217,61.969,-10.696,47,19,20,70.747,79.807,86.613,863,846,0,0,0.3106,0.2296,-0.0011,0.1138
1151456407,2022-03-12T04:40:22.713033Z,50.424452617463,29.368250415535,68.0650058062,1.00,true,1.349,2.855,51.488,67.565,-10.287,44,17,16,70.433,75.940,81.688,658,621,0,0,0.1087,0.2375,0.0010,0.1517
1151581207,2022-03-12T04:41:46.908031Z,50.599067035827,30.233160819182,25.1956181971,1.00,true,1.148,3.261,54.064,24.696,-11.092,51,19,20,71.421,80.254,91.053,829,882,0,0,-0.2071,0.1123,-0.2229,0.1401
1151827752,2022-02-26T14:50:55.484671Z,49.022374466990,28.535164764621,19.9281649603,1.00,true,3.079,2.653,346.155,19.428,-2.515,9,19,15,177.448,192.545,199.076,155,120,0,0,-0.0137,0.2378,-0.2818,0.3343
1153167457,2022-03-12T04:57:33.208025Z,50.285370727467,29.274528792928,62.3455368092,1.00,true,1.139,2.886,65.363,61.846,-10.792,48,20,19,69.090,77.567,84.302,873,797,0,0,0.0994,0.1074,-0.0505,0.0727
1157751832,2022-03-12T05:03:24.244962Z,50.497767538383,29.255970178572,96.7915132943,1.00,true,1.417,1.796,78.322,96.292,-3.755,45,18,13,97.035,99.386,102.657,761,438,0,0,-0.1722,0.1910,0.0135,0.0708
1159781807,2022-03-12T05:23:49.627787Z,50.521202089843,29.234616014516,70.4783495386,1.00,true,0.566,2.594,31.065,69.978,-8.372,42,21,21,70.586,73.239,77.111,833,782,0,0,-0.1479,0.1152,-0.0052,0.0763
1160461134,2022-10-12T13:27:03.854296Z,50.881994516279,28.908735849479,21.0891231145,1.00,true,0.583,1.159,18.850,20.589,-3.146,51,17,15,25.872,37.665,47.214,628,620,0,0,0.0396,0.2001,0.0206,0.0786
1161484127,2022-02-26T15:47:13.726987Z,49.348656003474,27.837548006464,28.8338060533,1.00,true,2.540,1.590,353.626,28.334,-0.273,4,20,9,167.735,177.677,184.166,76,29,0,0,-29.8981,1.0870,0.0435,0.1872
1165149117,2022-11-28T10:14:44.149109Z,51.537736193842,27.675431127553,115.7170071510,1.00,true,0.961,1.014,120.152,115.217,-27.851,50,13,0,171.301,181.692,188.453,605,0,0,0,-0.0181,0.0524,0.0209,0.0130
1168911153,2022-04-15T14:06:33.537269Z,47.790636437890,28.848589832421,16.0133399001,1.00,true,3.645,13.194,311.554,15.513,-29.463,17,14,20,313.658,322.200,332.266,229,333,0,0,0.5891,0.5437,-1.5697,0.3905
1174982317,2022-11-28T11:11:42.759832Z,44.075577661025,30.088399698092,14.1027711625,1.00,true,2.630,37.986,896.270,13.603,-122.240,87,24,24,722.402,737.316,748.528,2071,2000,0,0,0.1566,0.3004,2.9807,1.0353
1181674202,2022-02-26T17:46:51.348318Z,50.223153082072,40.793432393675,302.5929972972,1.00,true,1.792,0.596,728.369,302.093,-133.652,7,24,0,851.918,859.779,869.373,156,0,0,0,0.5242,0.1524,-0.0018,0.1281
1182537710,2022-12-01T13:31:44.080184Z,46.256792968898,32.464746695012,413.7424625835,1.00,true,2.066,31.338,719.659,413.242,-119.920,87,24,24,662.331,672.951,683.339,2071,2000,0,0,-0.1029,0.1113,-0.7844,0.1427
1182676402,2022-02-26T17:59:04.637717Z,50.668595850027,29.738354850210,88.9955552449,1.00,true,1.033,0.866,55.663,88.496,-1.362,9,24,14,94.682,97.863,102.868,197,74,0,0,0.3466,0.1887,-0.0165,0.0534
1190477532,2022-03-12T08:30:44.093174Z,50.232213517571,28.893602937900,49.0190835559,1.00,true,0.871,3.024,85.109,48.519,-9.907,42,20,21,64.258,72.771,78.393,733,760,0,0,-0.2766,0.1949,-0.0087,0.1181
1191135732,2022-03-12T08:37:01.874107Z,50.435895701250,29.395333886168,68.3793561278,1.00,true,0.963,3.078,45.187,67.879,-10.126,64,20,20,70.834,75.895,81.911,1194,1151,0,0,0.0049,0.1231,0.0133,0.0483
1191861257,2022-03-12T08:44:25.934514Z,50.500725561272,29.587925646251,72.1203731585,1.00,true,1.379,2.964,36.391,71.620,-12.065,59,17,17,76.258,80.521,87.157,918,898,0,0,-0.0030,0.0708,-0.0193,0.0367
1197790263,2022-09-09T09:06:17.784651Z,44.332024067913,25.820063109745,74.4164414831,1.00,true,2.946,39.519,866.855,73.916,-123.215,87,24,24,736.107,747.671,755.901,2071,2000,0,0,0.1330,0.0841,2.5385,0.2149
1199278432,2022-03-12T09:18:45.364785Z,50.202803467614,29.126232994943,45.5919130779,1.00,true,0.723,2.995,75.329,45.092,-9.635,46,11,16,59.958,72.261,78.441,468,648,0,0,0.1286,0.1079,0.0297,0.0782
1199980632,2022-03-12T09:25:47.154964Z,50.312829197336,29.094586511650,58.5321528318,1.00,true,0.827,2.737,64.535,58.032,-9.845,48,13,18,64.646,72.253,77.926,577,754,0,0,0.0006,0.1047,0.0161,0.0711
1200861557,2022-03-12T09:34:26.961374Z,50.306431672666,29.218974647034,67.4133464240,1.00,true,1.119,3.004,64.642,66.913,-11.039,56,21,21,72.633,80.175,86.032,1105,1054,0,0,0.1146,0.0642,-0.0233,0.0360
1201449557,2022-03-12T09:40:26.946117Z,50.997464049797,29.231802240181,76.2213484344,1.00,true,3.309,1.305,81.854,75.721,0.946,3,19,17,80.865,83.530,90.840,57,38,0,0,-0.8721,1.0545,0.0702,0.4386
1202229407,2022-03-12T09:48:06.196408Z,51.132754406115,29.788168853896,44.4218177266,1.00,true,1.792,0.776,20.216,43.922,0.196,2,18,13,74.611,80.869,88.326,35,22,0,0,0.2594,0.7071,0.0606,0.2308
1204285096,2022-10-25T06:14:30.204446Z,50.884432681955,28.959437529184,18.3642710098,1.00,true,0.690,1.265,20.532,17.864,-1.796,43,15,17,22.684,32.277,41.979,500,562,0,0,0.0008,0.0656,-0.0065,0.0253
1208138982,2022-03-12T10:07:10.184704Z,50.352580711130,29.444551751321,80.2382342865,1.00,true,1.235,1.807,46.685,79.738,-4.815,26,18,16,84.870,91.529,97.108,440,376,0,0,0.0825,0.2173,0.0160,0.1069
1210477062,2022-07-20T12:48:13.488444Z,45.668937772641,28.388009986083,241.1906041100,1.00,true,0.611,2.710,590.627,240.691,-92.512,54,24,0,587.632,600.002,608.989,1182,0,0,0,-7.6769,0.1400,0.2215,0.2450
1211138957,2022-03-12T10:37:06.567619Z,50.508558034015,29.201547897496,54.6342741803,1.00,true,0.718,2.505,27.807,54.134,-8.432,40,19,17,54.834,58.258,63.166,687,605,0,0,0.0326,0.2639,0.0217,0.1373
1211244007,2022-03-12T10:38:10.203688Z,50.039973159764,28.607832713020,11.4549800810,1.00,true,1.287,3.300,117.381,10.955,-10.796,44,17,20,71.715,82.074,88.980,665,717,0,0,-0.0912,0.4136,-0.0042,0.1436
1213212083,2022-05-01T08:43:46.350447Z,50.938082267140,28.922755010601,15.0304839372,1.00,true,0.424,1.275,25.769,14.530,-2.650,72,21,20,24.863,36.787,49.687,1314,1125,0,0,-0.1923,0.2617,0.0163,0.1167
1216721540,2022-04-28T07:34:08.486333Z,50.021087717094,28.287280628418,14.0586504192,1.00,true,1.636,2.378,134.671,13.559,-6.514,28,14,17,86.756,94.836,103.511,364,402,0,0,0.2180,0.1611,0.0988,0.1631
1220198138,2022-09-09T11:32:22.720076Z,50.929525946319,28.776585247499,68.5816015300,1.00,true,1.464,1.946,20.228,68.082,-6.280,30,24,22,73.030,79.188,85.763,673,613,0,0,-0.2659,0.2671,0.0403,0.1325
1221824057,2022-03-12T11:43:49.935393Z,50.342559167337,29.311293411426,63.5931389532,1.00,true,0.484,3.005,59.422,63.093,-10.065,58,20,20,68.052,75.207,81.894,949,976,0,0,-0.1125,0.0735,-0.0433,0.0494
1222940232,2022-03-12T11:55:07.610238Z,50.411365962589,29.205489382135,54.8256230226,1.00,true,0.943,2.630,45.084,54.326,-9.390,43,21,21,56.955,63.447,69.076,847,787,0,0,0.1204,0.0691,0.0081,0.0458
1228944982,2022-03-12T12:15:17.270026Z,50.478130647103,29.611350026823,80.0151522280,1.00,true,1.274,1.792,38.329,79.515,-3.730,29,20,16,84.604,89.466,95.299,541,417,0,0,-0.1861,0.2609,-0.0327,0.1123
1237076994,2022-03-25T01:45:45.313453Z,50.636192027023,29.175893824876,83.1712436526,1.00,true,0.988,3.098,43.063,82.671,-9.687,41,19,19,83.188,83.636,85.119,725,688,0,0,-0.1233,0.2166,0.1120,0.1023
1237874238,2022-09-09T13:08:49.208319Z,51.096733261775,28.233346895781,105.0599267927,1.00,true,1.354,4.548,22.327,104.560,-15.792,44,24,8,124.269,131.859,138.706,960,330,0,0,0.0675,0.0612,0.0430,0.0840
1238336107,2022-03-12T13:09:02.219569Z,50.291966414148,29.314034656273,60.8083584397,1.00,true,1.434,2.985,64.701,60.308,-10.780,47,17,16,67.655,76.339,83.295,710,675,0,0,-0.3340,0.1213,0.0011,0.0587
1240223432,2022-03-12T13:27:48.403639Z,50.069923915929,28.383341109653,0.0876054542,1.00,true,1.097,3.480,127.138,-0.412,-11.596,56,20,18,79.103,87.568,94.116,1012,910,0,0,-0.1176,0.1100,-0.0654,0.0919
1241136807,2022-03-12T13:37:03.348487Z,50.531383325880,29.073599410231,77.2965315440,1.00,true,0.492,2.904,56.820,76.797,-9.652,53,20,19,77.870,79.465,81.933,956,897,0,0,-0.1249,0.1209,-0.0353,0.0610
1241282557,2022-03-12T13:38:48.271375Z,50.350202403797,28.852389095345,71.5133765701,1.00,true,1.112,2.864,84.003,71.013,-10.729,62,20,20,78.866,83.259,86.950,1087,1080,0,0,0.0650,0.1890,-0.0082,0.0692
1241829507,2022-03-12T13:43:57.887936Z,50.208237498656,28.643755915738,47.1422519741,1.00,true,1.091,2.575,84.625,46.642,-8.112,43,19,20,72.322,79.384,84.718,726,740,0,0,0.0805,0.1851,0.0002,0.0845
1245325090,2022-04-28T10:20:14.495299Z,50.101235573169,28.394106190326,47.4775366309,1.00,true,1.637,2.586,150.296,46.978,-3.505,41,20,19,87.670,96.013,102.284,721,549,0,0,0.2169,0.2656,0.0281,0.0928
1248158746,2022-10-25T10:51:04.331266Z,44.201822388082,27.181237077516,22.1033001177,1.00,true,2.516,37.726,869.179,21.603,-121.669,87,24,23,721.225,734.029,743.280,2071,1915,0,0,-0.0647,0.2424,3.5192,0.3256
1249254282,2022-03-12T14:16:26.785341Z,44.751357588389,24.068319616809,101.8806689776,1.00,true,1.583,1.862,816.305,101.381,-124.215,14,20,0,751.416,761.821,768.265,251,0,0,0,0.0231,0.1087,-0.0221,0.0495
1249466541,2022-06-17T08:47:20.438445Z,50.498383588500,28.975366558548,15.0839944543,1.00,true,0.791,0.714,4.758,14.584,-0.562,16,14,19,20.627,28.409,34.683,164,232,0,0,-0.1814,0.2879,0.0150,0.1361
1252056157,2022-03-12T14:46:22.008961Z,50.136310266972,28.475993422715,31.4851468794,1.00,true,0.350,3.410,118.026,30.985,-9.991,56,21,21,75.912,83.623,89.721,1060,1051,0,0,0.1860,0.1022,-0.0310,0.0937
1254340544,2022-03-25T03:18:11.878679Z,50.407999810180,29.280416519607,73.4839484881,1.00,true,1.625,2.304,38.587,72.984,-7.121,48,12,16,75.348,80.413,85.667,522,662,0,0,-0.0648,0.0785,0.0030,0.0452
1255345266,2022-06-17T09:03:59.10522Z,50.044398907543,19.270080870863,82.3062749578,1.00,true,2.886,34.196,641.571,81.806,-120.895,87,24,24,694.693,704.855,713.299,2071,2000,0,0,0.3551,0.2993,0.0085,0.7238
1255437544,2022-03-25T03:29:06.367805Z,50.338628927378,28.646755339419,48.6193164073,1.00,true,0.800,2.937,84.680,48.119,-9.632,43,15,17,66.806,71.604,76.464,583,655,0,0,-0.0160,0.0827,-0.0145,0.0510
1258799988,2022-09-09T15:18:08.314749Z,50.898434920104,30.762990314353,240.2681778918,1.00,true,2.558,6.024,112.029,239.768,-21.685,12,23,23,262.859,265.861,269.584,250,267,0,0,-0.1458,0.3447,-1.7545,0.3980
1259208658,2022-05-01T13:03:42.606579Z,50.971104521024,28.523622617590,60.1989491108,1.00,true,1.363,1.288,75.462,59.699,-3.393,21,24,24,73.473,81.893,89.776,384,407,0,0,0.2162,0.2778,-0.0638,0.1449
1265090516,2022-06-17T10:03:34.899751Z,50.619183606812,28.790862801803,92.7856678212,1.00,true,1.609,3.192,84.211,92.286,-10.100,40,24,22,94.692,96.836,99.021,782,686,0,0,-0.4479,0.3191,0.1408,0.1541
1267860707,2022-03-12T16:04:32.100944Z,50.399216883443,29.387208852003,81.0858768217,1.00,true,1.239,2.035,47.020,80.586,-4.899,31,16,16,83.787,88.660,94.331,470,434,0,0,-0.1300,0.1999,-0.0194,0.0594
1267975057,2022-03-12T16:05:40.913467Z,50.333021139082,29.410725808125,66.5338563412,1.00,true,0.628,2.934,57.624,66.034,-10.087,48,20,20,72.234,79.224,86.625,919,866,0,0,-0.0002,0.0902,0.0141,0.0411
1268552607,2022-03-12T16:11:23.182685Z,50.427386077271,29.623815520326,76.7213813175,1.00,true,2.197,2.081,31.657,76.221,-5.817,28,19,18,82.975,88.608,95.082,495,441,0,0,-0.4088,0.3252,0.0630,0.1701
1269295436,2022-02-09T08:26:56.924207Z,51.449293252731,29.505109857890,116.6150300670,1.00,true,2.635,1.121,73.772,116.115,0.924,7,24,23,141.474,146.632,154.388,159,142,0,0,-0.2379,0.2712,0.0460,0.0724
1269366382,2022-03-12T16:19:32.883801Z,50.112831002884,28.935037429284,34.4156783513,1.00,true,0.918,3.210,90.833,33.916,-10.116,53,16,12,65.444,73.893,81.586,784,573,0,0,0.0689,0.0690,-0.0048,0.0469
1271580332,2022-03-12T16:41:46.149302Z,50.518533943301,28.994929993121,75.4699254756,1.00,true,1.226,2.863,57.169,74.970,-10.851,49,21,20,76.974,78.765,80.740,893,814,0,0,-0.1499,0.2345,-0.0227,0.1035
1272658257,2022-03-12T16:52:23.710711Z,50.127524306280,29.124259489516,42.1744177238,1.00,true,1.621,3.201,83.913,41.674,-11.289,55,21,19,63.327,75.626,83.570,972,872,0,0,0.5659,0.2831,-0.0201,0.1230
1275847315,2022-04-28T13:25:35.469801Z,49.149405012411,28.664644969339,10.7164272999,1.00,true,2.706,2.370,245.987,10.216,-5.530,7,23,19,160.772,173.974,183.075,129,124,0,0,0.3915,0.4354,0.1474,0.2549
1282536869,2022-03-25T06:00:04.807032Z,50.380010574266,29.334422561918,67.4219671882,1.00,true,0.491,2.933,51.703,66.922,-10.193,58,21,21,70.611,76.602,83.007,1102,1046,0,0,0.0583,0.0941,0.0084,0.0450
1282631794,2022-03-25T06:01:00.875245Z,50.490369004150,28.939606181003,56.3614760232,1.00,true,0.660,2.694,52.227,55.861,-9.125,50,21,21,59.738,62.575,65.226,960,900,0,0,-0.0406,0.0928,-0.0132,0.0399
1282977319,2022-03-25T06:04:45.196713Z,50.291615734054,29.435194863328,64.3367235468,1.00,true,0.334,2.932,60.890,63.837,-9.803,42,21,21,72.287,80.183,88.208,833,796,0,0,0.3549,0.2217,0.0497,0.0933
1284527194,2022-03-25T06:18:07.690554Z,44.468508571727,29.733363576592,103.4313514729,1.00,true,2.317,34.824,847.316,102.931,-117.309,40,21,18,679.885,695.214,705.227,835,694,0,0,0.2002,0.5749,-1.3732,0.3851
1285402422,2022-12-14T12:09:11.380963Z,44.276984000820,25.090422734527,60.8320089753,1.00,true,2.654,44.083,884.014,60.332,-119.619,87,24,22,761.695,772.818,780.567,2071,1838,0,0,0.0194,0.0816,0.2040,0.1088
1287207015,2022-04-28T14:38:52.117711Z,50.586125507516,29.194472968558,48.9858609860,1.00,true,0.598,2.411,21.362,48.486,-7.882,45,12,22,48.987,50.364,54.392,482,856,0,0,-0.3497,0.3045,-0.0253,0.1446
1289270086,2022-02-09T10:24:31.404897Z,47.670853416210,32.202962275890,550.6207977239,1.00,true,2.223,31.236,571.710,550.121,-119.595,87,24,24,663.787,670.839,678.619,2071,2000,0,0,-0.0594,0.0562,-0.5393,0.2344
1290262861,2022-02-09T10:34:43.86106Z,54.931789595271,38.523991084224,82.1918559521,1.00,true,3.835,1.143,701.386,81.692,-100.139,6,14,0,778.820,784.043,790.273,69,0,0,0,-0.3681,0.4983,-21.5123,0.3132
1290370057,2022-03-12T18:29:36.42446Z,50.238697266922,29.587845720464,63.4478528919,1.00,true,0.797,3.046,69.727,62.948,-9.576,63,19,19,77.128,86.348,95.082,1140,1065,0,0,0.0701,0.0461,0.0320,0.0350
1291784511,2022-02-09T10:51:42.903545Z,50.868319036218,28.890045083415,21.8582926268,1.00,true,0.741,1.196,19.558,21.358,-3.096,41,23,16,26.368,37.039,47.001,771,517,0,0,-0.0247,0.1072,0.0193,0.0450
1296873070,2022-05-14T05:29:02.732206Z,50.424085592053,27.887569991123,3.3374504408,1.00,true,0.967,3.739,148.444,2.837,-9.268,44,20,15,85.592,94.471,101.054,703,530,0,0,-0.0709,0.0926,-0.0169,0.0651
1298069661,2022-02-09T11:14:30.576776Z,51.470717548938,29.580117016767,116.1748604438,1.00,true,2.510,0.584,67.369,115.675,-0.423,7,20,16,143.439,148.097,156.367,136,110,0,0,0.2315,0.3174,0.0443,0.1095
1298988686,2022-02-09T11:23:50.272788Z,51.588470555420,29.876046307045,93.8446373472,1.00,true,2.288,0.539,45.055,93.345,0.273,7,23,17,140.770,146.732,155.232,154,114,0,0,0.0305,0.4380,-0.0029,0.1493
1299167233,2022-05-01T17:03:01.386002Z,51.035974512022,28.481683684458,53.1324916293,1.00,true,1.135,1.623,71.361,52.632,-2.614,24,23,21,71.968,81.737,90.937,448,410,0,0,0.3672,0.2337,0.0770,0.0843
1303560494,2022-03-25T08:10:31.305002Z,50.407103883056,29.689894647252,77.0116993112,1.00,true,1.358,2.313,16.243,76.512,-7.695,57,19,15,85.268,90.416,98.305,956,722,0,0,-0.0338,0.1893,-0.0907,0.1041
1307644596,2022-07-03T04:22:43.742961Z,50.483316487787,29.251025122776,14.2995301462,1.00,true,1.082,0.446,4.123,13.800,-1.257,16,19,17,16.472,27.236,38.487,220,226,0,0,0.4557,0.2595,0.0315,0.1166
1308785270,2022-05-14T06:47:59.711226Z,50.292612551107,26.512488825119,3.0623110811,1.00,true,2.165,8.048,138.750,2.562,-25.289,37,24,23,183.044,192.287,199.472,847,472,0,0,-0.0005,0.0608,-0.0696,0.1633
1308944115,2022-04-28T16:55:53.365309Z,47.145978366428,28.302310114055,12.9373086502,1.00,true,2.602,20.713,375.279,12.437,-43.635,21,24,16,384.119,397.414,407.066,495,263,0,0,-0.4914,0.5830,0.9851,1.7975
1316591970,2022-05-14T07:26:25.160792Z,50.373420106083,29.460327296277,82.3453462147,1.00,true,1.066,2.067,41.757,81.845,-5.839,32,23,24,86.535,91.393,98.105,634,613,0,0,-0.0523,0.1090,-0.0214,0.0570
1317163136,2022-02-09T13:05:25.122654Z,51.433118772452,29.520277350035,115.5244018362,1.00,true,2.955,0.792,72.964,115.024,0.123,7,23,24,139.831,144.889,152.577,153,149,0,0,-0.0872,0.2579,-0.0036,0.1026
1318572261,2022-02-09T13:19:34.065882Z,51.538835958994,29.614315392396,105.2897408212,1.00,true,2.285,0.975,59.965,104.790,1.066,7,24,23,139.853,145.571,154.167,159,145,0,0,0.7866,0.2211,0.0266,0.1094
1328238894,2022-03-25T10:57:06.999832Z,50.470413603052,29.097540039690,79.1749801776,1.00,true,0.785,2.883,64.700,78.675,-10.000,54,19,20,80.024,83.120,86.181,927,957,0,0,0.0377,0.0730,-0.0080,0.0341
1328479419,2022-03-25T10:59:47.314445Z,50.448492802440,29.006506578706,79.3486729916,1.00,true,1.363,2.833,71.015,78.849,-10.686,51,20,21,81.346,84.302,87.266,925,953,0,0,-0.0242,0.1088,0.0027,0.0351
1329370261,2022-02-09T14:27:32.152568Z,51.430533111759,29.629852321706,114.3812283062,1.00,true,2.946,1.004,68.316,113.881,0.153,7,22,21,140.431,145.284,152.820,147,136,0,0,-0.0695,0.2046,0.0133,0.0834
1337511742,2022-08-06T15:13:23.981071Z,50.920893383972,28.903714169362,21.4212719258,1.00,true,0.501,1.222,23.049,20.921,-3.019,41,24,21,28.460,39.277,50.930,890,669,0,0,-0.0094,0.1434,-0.0168,0.0856
1338462911,2022-02-09T15:18:24.672454Z,51.394659106474,29.449074852910,121.3479528514,1.00,true,3.317,1.583,80.646,120.848,0.672,7,24,20,141.684,146.451,153.795,159,127,0,0,-0.1073,0.2346,0.0279,0.0756
1355452894,2022-03-25T13:29:28.877901Z,50.365445718041,29.806008023698,70.0090782921,1.00,true,1.403,1.123,33.638,69.509,-2.122,9,17,16,83.721,90.441,99.230,145,106,0,0,-0.2788,0.4996,-0.0115,0.1737
1361080361,2022-02-09T17:44:38.526935Z,50.894175908623,28.896882891505,20.1514568521,1.00,true,0.536,1.219,20.197,19.651,-2.473,64,10,14,26.085,37.065,48.242,587,748,0,0,-0.4848,0.2044,-0.0307,0.0894
1362526919,2022-03-25T13:59:54.581652Z,50.371380744125,29.358399778391,68.3947278674,1.00,true,0.649,2.963,53.173,67.895,-10.418,68,21,21,72.033,78.086,84.726,1362,1317,0,0,0.0570,0.1430,-0.0311,0.0669
1362581144,2022-03-25T14:00:49.349033Z,50.140566639363,29.461763202126,52.0874603828,1.00,true,0.602,3.130,80.396,51.587,-9.651,46,21,21,71.461,82.756,92.451,893,897,0,0,0.0939,0.0602,-0.0225,0.0378
1362653169,2022-03-25T14:01:21.125572Z,50.239374825376,29.467262260526,63.3526572027,1.00,true,0.474,3.016,70.337,62.853,-9.874,46,21,21,74.457,83.259,91.869,895,898,0,0,0.0287,0.0557,-0.0219,0.0327
1362726194,2022-03-25T14:01:53.796356Z,50.297167331495,29.508475797102,71.2454514547,1.00,true,0.615,3.017,65.825,70.745,-10.204,48,21,20,79.503,87.052,94.652,922,844,0,0,-0.0367,0.1387,-0.0239,0.0622
1366539644,2022-03-25T14:40:14.990741Z,51.091224127779,30.516984029360,30.8137748317,1.00,true,2.149,1.917,207.867,30.314,-3.009,11,18,13,103.903,111.830,117.100,188,124,0,0,0.3143,0.3432,0.0265,0.3537
1367245369,2022-03-25T14:47:21.263242Z,50.718963005975,28.963389117752,107.5268175599,1.00,true,2.117,1.442,100.031,107.027,-2.737,11,18,15,107.580,108.454,110.440,187,145,0,0,-0.2926,0.2072,0.0963,0.1075
1367353319,2022-03-25T14:48:27.872389Z,50.248407702828,27.639344021857,8.2055602152,1.00,true,1.694,1.738,41.913,7.706,-3.128,11,21,17,110.692,116.878,124.108,209,158,0,0,-0.0263,0.2341,-0.0869,0.1326
1372729044,2022-03-25T15:02:04.532673Z,51.488312138945,30.090326186738,22.5549664801,1.00,true,1.651,2.364,216.080,22.055,-2.467,11,19,14,106.429,113.588,123.150,194,134,0,0,-0.1424,0.5206,0.2316,0.3945
1377541248,2022-02-22T07:57:32.267024Z,49.050841441169,27.509925523199,205.2090704074,1.00,true,2.174,8.879,289.466,204.709,-31.733,19,24,23,288.595,295.428,300.437,451,393,0,0,0.2613,0.3537,3.9422,0.5542
1389935884,2022-12-27T11:05:26.620006Z,50.292673653148,25.269764222415,18.3106691990,1.00,true,3.054,7.215,452.799,17.811,-19.380,4,24,24,269.096,278.583,286.631,89,94,0,0,-172.1186,0.8012,1.7314,1.1172
1394324244,2022-03-25T17:18:00.495579Z,50.201537427325,29.684481561710,59.6309608921,1.00,true,1.354,1.261,45.681,59.131,-1.504,10,16,12,78.723,88.927,98.239,152,99,0,0,0.1832,0.4425,-0.0114,0.2004
1399882020,2022-05-14T15:59:18.622385Z,50.912461975793,28.937748424569,20.3187633892,1.00,true,0.538,1.207,23.202,19.819,-2.378,41,24,21,26.350,36.846,48.754,880,686,0,0,0.1872,0.2873,-0.0180,0.1082
1402454498,2022-02-22T10:05:15.525469Z,51.006119469903,39.341128265194,43.6581250606,1.00,true,2.948,35.046,798.388,43.158,-122.475,87,24,23,706.309,714.254,723.873,2071,1916,0,0,0.1561,0.0897,1.3673,0.4340
1405594953,2022-03-08T00:31:57.152758Z,50.534694656119,29.324213973981,79.5154341021,1.00,true,1.054,2.149,39.074,79.015,-6.847,54,14,9,79.979,81.825,85.659,653,397,0,0,-0.0978,0.1499,-0.0136,0.0667
1407374623,2022-02-22T10:56:31.515036Z,50.537839809289,31.436606876130,39.1002249949,1.00,true,3.141,2.161,18.266,38.600,-6.485,8,24,23,156.689,165.662,176.482,154,154,0,0,-183.0971,40.3062,1.0906,0.9840
1412973894,2022-03-25T19:04:51.935758Z,49.977324933390,30.234018471507,101.5532128634,1.00,true,2.371,1.593,157.751,101.053,-0.064,4,20,14,139.944,149.464,158.477,80,46,0,0,-0.2368,0.3964,-0.0159,0.2474
1413172444,2022-03-25T19:06:39.92278Z,50.125770258864,28.845034008456,44.2673078496,1.00,true,1.023,3.127,97.449,43.767,-10.077,46,18,13,69.445,80.410,85.734,724,517,0,0,0.3998,1.2529,-0.0260,0.0422
1413957203,2022-06-30T13:41:06.096934Z,50.984362139623,29.040494739547,79.4313139125,1.00,true,0.710,2.163,37.254,78.931,-6.903,40,24,24,82.689,86.706,93.472,895,854,0,0,-0.1971,0.1351,0.0694,0.0610
1437929944,2022-03-25T21:53:57.939525Z,50.307424810173,29.313224207450,62.0288863422,1.00,true,0.551,2.963,62.769,61.529,-10.060,50,20,19,68.052,76.323,83.094,870,829,0,0,-0.1436,0.1856,-0.0456,0.0814
1438377644,2022-03-25T21:58:45.754324Z,50.314516715369,29.259416456931,63.2816237274,1.00,true,0.801,3.049,62.724,62.782,-10.246,48,16,10,68.575,75.837,82.765,708,438,0,0,-0.0700,0.1941,0.0110,0.1220
1442621694,2022-03-25T22:00:50.564251Z,50.289988502855,28.994580325748,53.0709218519,1.00,true,1.138,3.075,73.893,52.571,-9.436,52,21,19,62.202,70.085,75.688,883,817,0,0,-0.0995,0.0963,-0.0049,0.0403
1442715303,2022-03-08T04:03:19.55475Z,49.955314140508,29.801355804621,147.1660801770,1.00,true,2.552,1.833,131.200,146.666,-4.445,11,20,18,166.433,173.814,180.657,204,194,0,0,0.1430,0.2721,-0.4472,0.3221
1442727394,2022-03-25T22:01:56.168995Z,50.342462039645,28.857659973308,51.2835030794,1.00,true,0.910,2.861,71.716,50.784,-9.831,57,21,21,61.317,67.134,71.756,1024,1029,0,0,-0.0243,0.0600,0.0001,0.0267
1442834294,2022-03-25T22:03:03.131347Z,50.359959132646,28.930443709110,55.2183115009,1.00,true,0.322,2.850,67.802,54.718,-8.869,46,21,21,62.193,67.907,72.362,817,832,0,0,-0.0143,0.0486,0.0050,0.0223
1442971344,2022-03-25T22:04:39.077494Z,50.331829036319,29.295597493336,67.4734359740,1.00,true,1.102,2.919,58.909,66.973,-10.923,64,21,21,71.972,79.038,85.372,1280,1243,0,0,0.0581,0.0525,-0.0062,0.0224
1443122069,2022-03-25T22:05:51.493379Z,50.527140266622,29.199928286922,58.1592700886,1.00,true,0.468,2.562,35.741,57.659,-8.507,42,16,21,58.219,61.291,65.320,638,806,0,0,0.1158,0.0468,-0.0072,0.0242
1466009053,2022-03-08T06:36:08.306468Z,50.543505861889,28.866506844789,88.3746178838,1.00,true,1.280,3.037,72.274,87.875,-9.694,42,19,14,90.738,91.867,94.002,746,498,0,0,0.0693,0.0982,0.0283,0.0852
1466136403,2022-03-08T06:37:35.61492Z,50.486576224523,28.973876421398,88.7881584409,1.00,true,0.646,3.014,64.975,88.288,-9.385,45,19,13,90.529,92.390,94.500,806,499,0,0,0.3170,0.1828,0.0020,0.0687
1466514353,2022-03-08T06:41:16.271029Z,50.502210178746,29.368221508418,77.1802768688,1.00,true,0.827,2.161,35.267,76.680,-6.729,48,20,19,78.218,81.485,86.013,828,737,0,0,0.0399,0.0953,-0.0012,0.1005
1466635853,2022-03-08T06:42:37.766227Z,50.440048944897,29.326565051822,77.1524461309,1.00,true,1.190,2.147,39.436,76.652,-7.234,50,21,20,78.586,82.696,87.938,885,790,0,0,0.0890,0.1530,-0.0470,0.1069
1466724928,2022-03-08T06:43:25.077647Z,50.116924964303,28.434814806393,33.6244432874,1.00,true,1.458,2.556,108.400,33.124,-8.922,57,19,21,80.079,87.705,93.750,922,963,0,0,0.2595,0.3426,-0.0382,0.2097
1474454005,2022-10-08T15:17:29.025804Z,50.953162612867,28.960157246751,16.9441102055,1.00,true,0.390,1.248,28.349,16.444,-2.974,72,24,21,26.556,37.703,50.783,1488,1165,0,0,-0.0470,0.0675,-0.0183,0.0286
1496112528,2022-03-08T09:32:32.439648Z,65.879486732514,35.356869131773,19.1808173825,1.00,true,1.438,2.495,1746.165,18.681,-289.560,48,15,0,1714.833,1724.087,1737.651,625,0,0,0,6.2773,0.1225,0.3469,0.2800
1496304253,2022-03-08T09:39:06.409713Z,50.508839828601,29.341531650826,77.3339710693,1.00,true,1.029,2.024,39.261,76.834,-6.590,43,18,16,78.069,81.241,85.417,692,566,0,0,0.1220,0.1230,-0.0267,0.0768
1496341953,2022-03-08T09:39:41.322973Z,50.528317394820,28.735914227063,79.7219039919,1.00,true,1.136,3.082,79.224,79.222,-9.677,46,21,20,84.640,86.877,89.408,856,782,0,0,-0.0072,0.0984,-0.0121,0.0572
1497450359,2022-09-05T09:53:12.538849Z,44.321102272430,28.170849474973,66.2924234746,1.00,true,2.112,34.887,854.489,65.792,-120.461,87,24,24,696.565,710.200,720.062,2071,2000,0,0,-0.0413,0.0455,0.2320,0.1331
1514807503,2022-03-08T11:24:06.267084Z,50.479888534686,29.097859285701,78.3635236735,1.00,true,0.566,2.847,61.896,77.864,-9.733,56,19,19,79.108,82.039,85.029,944,947,0,0,-0.4104,0.1500,-0.0501,0.0706
1517125228,2022-03-08T11:47:23.852244Z,50.360316458629,29.087387087591,64.4938920872,1.00,true,0.925,2.861,59.905,63.994,-10.148,49,21,20,68.345,74.417,79.301,927,802,0,0,0.0739,0.0902,-0.0275,0.0838
1517405053,2022-03-08T11:50:02.624735Z,49.837699155757,29.132697503790,3.6374738476,1.00,true,0.970,3.664,117.851,3.137,-11.375,44,18,20,79.507,95.108,104.611,739,803,0,0,0.0781,0.4121,-0.1008,0.1785
1517435803,2022-03-08T11:50:35.693832Z,50.197523546858,28.090754702302,1.6921123793,1.00,true,1.476,2.898,147.230,1.192,-9.306,14,11,19,87.327,93.122,99.327,122,208,0,0,0.0296,0.2272,-0.0474,0.1303
1517789490,2022-03-21T00:02:55.937771Z,50.340057149375,29.443205430282,72.1168891069,1.00,true,1.503,1.937,39.814,71.617,-4.062,34,19,17,77.627,84.230,91.230,599,500,0,0,-0.1817,0.1431,-0.0368,0.0597
1526647253,2022-03-08T12:42:50.695047Z,50.566337800598,29.204435868381,86.8105212296,1.00,true,1.146,2.084,66.804,86.311,-5.305,13,20,20,86.828,88.119,90.574,229,199,0,0,-0.0725,0.2344,0.0927,0.1415
1535319928,2022-03-08T13:29:19.098131Z,50.540206171890,29.356462941612,79.9689334667,1.00,true,1.939,2.421,29.476,79.469,-9.902,50,20,21,80.554,83.109,86.958,873,880,0,0,0.3400,0.2942,-0.0592,0.1422
1535647303,2022-03-08T13:32:45.34181Z,50.258093928075,27.948695014433,3.7281227770,1.00,true,0.616,4.107,141.388,3.228,-10.658,47,21,21,91.247,97.126,104.054,872,809,0,0,0.0115,0.0751,0.0099,0.0562
1535837153,2022-03-08T13:34:36.358595Z,50.458527083474,29.325217093034,69.3971223410,1.00,true,0.573,2.835,41.452,68.897,-9.641,44,21,21,70.655,74.836,80.293,850,773,0,0,-0.0691,0.0522,-0.0206,0.1246
1536146353,2022-03-08T13:36:27.855278Z,44.976931131729,28.580493384013,92.9365249918,1.00,true,2.313,41.008,631.076,92.437,-87.145,15,20,14,623.948,639.271,647.778,243,175,0,0,0.3407,0.2768,-0.3983,1.4268
1536397928,2022-03-08T13:40:02.050602Z,50.567445803623,29.733197095690,67.1236342219,1.00,true,1.502,2.426,45.357,66.624,-4.949,27,20,16,74.335,79.414,86.340,518,399,0,0,0.0546,0.6312,0.0049,0.2803
1537543715,2022-03-21T02:00:49.904381Z,50.485557896908,30.241556848265,51.2637609602,1.00,true,1.975,2.042,16.843,50.764,-5.096,25,20,17,85.840,94.388,104.551,472,373,0,0,-0.1267,0.4063,-0.0201,0.2805
1542638415,2022-03-21T02:51:38.869094Z,50.457503944491,29.055314854472,62.6657505304,1.00,true,1.019,2.828,47.879,62.166,-10.131,46,21,18,64.369,68.128,71.923,897,713,0,0,0.1239,0.0906,0.0134,0.0473
1545450228,2022-03-08T14:30:52.04963Z,50.684077870690,28.583346017300,45.9108870838,1.00,true,0.654,2.087,56.826,45.411,-6.950,10,21,21,55.034,61.572,67.772,197,194,0,0,-0.1227,0.1775,0.0226,0.1908
1548844090,2022-03-21T03:13:53.077187Z,49.142800104262,28.512718362483,6.5715827550,1.00,true,2.770,1.936,327.457,6.072,-1.923,9,20,21,164.264,178.098,185.570,167,156,0,0,-0.0832,0.2797,0.0605,0.1534
1549227115,2022-03-21T03:17:27.762207Z,49.913102926701,28.919860612281,48.6957172958,1.00,true,1.203,3.543,129.268,48.196,-10.238,44,20,20,88.124,100.776,107.658,833,777,0,0,-7.3448,4.9775,0.0049,0.0732
1562817153,2022-03-08T16:04:24.170301Z,50.074841005547,28.970656152554,150.1806285170,1.00,true,2.236,2.013,179.762,149.681,-1.830,10,17,19,159.867,165.615,168.885,164,182,0,0,0.3786,0.4088,0.1490,0.3582
1563822757,2022-02-05T08:22:17.266917Z,50.527351252860,28.971511330114,10.0546936961,1.00,true,0.789,0.556,6.106,9.555,0.267,18,5,14,15.198,22.665,30.021,64,204,0,0,-0.0388,0.2060,0.0260,0.0591
1564875143,2022-12-10T10:56:12.775269Z,50.917318421394,28.856399279243,16.4892292828,1.00,true,0.576,1.245,22.191,15.989,-3.225,71,21,22,26.191,38.911,50.277,1319,1186,0,0,-0.0293,0.0464,-0.0108,0.0253
1565007903,2022-03-08T16:26:13.379757Z,49.134573181587,28.580336976683,30.9515475842,1.00,true,2.595,3.446,253.721,30.452,-3.620,11,20,20,166.210,180.610,187.644,209,210,0,0,0.1822,0.4246,0.7505,0.3054
1567530040,2022-03-21T05:00:40.528041Z,51.022157864971,28.450651581909,49.0585811535,1.00,true,1.533,0.904,61.871,48.559,-0.472,10,21,21,69.669,79.819,88.994,184,175,0,0,0.3519,0.2717,0.0184,0.1275
1567809215,2022-03-21T05:03:19.427122Z,51.020463066943,28.635932512779,30.8716137741,1.00,true,1.308,0.980,37.158,30.372,-0.573,16,20,21,49.926,60.819,72.510,280,307,0,0,-0.0442,0.0751,0.0140,0.0409
1567947215,2022-03-21T05:04:47.591113Z,50.269698753556,29.565615444327,64.1276070800,1.00,true,0.629,3.026,64.759,63.628,-10.409,47,21,21,75.680,84.393,92.800,916,916,0,0,0.0356,0.1320,-0.1105,0.0467
1568022265,2022-03-21T05:05:22.677645Z,50.102306691737,29.080314872299,43.0622371357,1.00,true,0.682,3.162,87.678,42.562,-10.322,56,21,21,66.337,78.609,86.268,1087,1037,0,0,0.0281,0.0335,0.0152,0.0359
1568045790,2022-03-21T05:05:46.420872Z,50.290176885065,29.581970147846,63.0476657973,1.00,true,1.102,3.029,60.367,62.548,-10.579,42,20,21,74.259,82.856,91.169,795,820,0,0,0.0281,0.0482,-0.0386,0.0327
1569872067,2022-10-21T13:20:48.975982Z,50.959185066631,28.981294931772,17.5192891514,1.00,true,0.449,1.290,28.728,17.019,-3.024,43,17,16,27.146,38.080,51.088,658,582,0,0,-0.0122,0.0733,-0.1236,0.0337
1571193715,2022-03-21T05:36:57.76026Z,50.987473735775,29.336841298554,25.7678808583,1.00,true,0.885,1.232,46.642,25.268,-5.240,40,19,15,38.813,44.507,55.674,476,321,0,0,-40.5682,3.1095,-0.0076,0.1659
1576128328,2022-03-08T17:37:26.989042Z,50.403782006990,30.014579941764,64.1168630892,1.00,true,1.029,2.711,60.069,63.617,-10.011,48,19,19,85.413,93.514,102.477,874,814,0,0,-0.1119,0.1014,0.0675,0.0610
1578320403,2022-03-08T17:59:20.572768Z,50.688102297827,29.059096547504,52.2566734769,1.00,true,0.397,2.416,21.645,51.757,-8.427,46,21,21,52.258,53.106,55.376,876,886,0,0,0.0442,0.0619,-0.0167,0.0341
1578341853,2022-03-08T17:59:43.516298Z,50.552977596058,29.589670645739,69.5713120154,1.00,true,1.109,2.545,12.742,69.071,-7.484,49,20,19,73.118,76.872,83.271,878,798,0,0,0.0860,0.1324,-0.0265,0.0401
1582544253,2022-03-08T18:01:44.321952Z,50.705897005691,29.266606462719,52.4343933296,1.00,true,0.521,2.464,9.327,51.934,-8.678,47,21,21,52.521,53.479,55.586,879,899,0,0,0.0219,0.0713,-0.0065,0.0356
1583090840,2022-03-21T06:55:57.310902Z,50.435003815095,29.256011422628,94.1558843817,1.00,true,1.880,2.482,79.382,93.656,-3.689,53,21,17,95.087,98.659,102.519,1003,655,0,0,-0.2131,0.2340,-0.0064,0.1091
1583310703,2022-03-08T18:08:59.443257Z,51.097371945711,31.328215046439,3.3659801603,1.00,true,1.803,7.111,217.868,2.866,-20.557,21,20,18,153.135,160.299,167.679,409,315,0,0,0.1738,0.1719,-0.1630,0.2572
1583423428,2022-03-08T18:10:10.425657Z,50.478691175553,27.542472068841,121.6191671774,1.00,true,1.250,6.078,68.781,121.119,-22.574,20,20,16,161.422,167.623,172.861,386,205,0,0,0.1154,0.3499,0.8887,0.5038
1583599428,2022-03-08T18:11:52.785955Z,50.443176103660,29.605708543178,122.1426759671,1.00,true,1.455,4.801,73.038,121.643,-16.214,13,21,17,125.629,128.888,133.485,262,177,0,0,-0.0835,0.2894,0.2583,0.2347
1584114903,2022-03-08T18:17:15.077228Z,50.624265142020,28.688756927935,48.8791549579,1.00,true,0.679,2.580,49.380,48.379,-8.923,35,21,21,54.959,59.685,64.372,681,632,0,0,-0.0389,0.1910,0.0195,0.1028
1584314078,2022-03-08T18:19:13.304188Z,50.345476406490,28.948790081182,60.2659120476,1.00,true,0.582,2.854,61.976,59.766,-9.696,47,20,20,66.875,73.043,77.131,907,851,0,0,0.0273,0.0629,0.0048,0.0515
1584525478,2022-03-08T18:21:25.002071Z,50.315872362565,28.742335504990,50.1760091821,1.00,true,0.439,2.920,74.906,49.676,-8.998,48,20,21,65.244,71.150,75.654,925,891,0,0,-0.0764,0.0811,-0.0292,0.0406
1594749532,2022-02-05T11:31:43.084822Z,50.524220204626,29.218735171326,22.8039999286,1.00,true,1.004,0.680,12.116,22.304,-0.915,5,18,19,23.015,30.101,38.189,78,69,0,0,0.0091,0.2963,-0.0173,0.1482
1603291890,2022-03-21T08:57:52.501455Z,50.496782808971,29.823897371451,57.1041604887,1.00,true,0.866,2.944,42.451,56.604,-10.499,50,21,21,69.792,76.105,85.271,888,896,0,0,-0.0359,0.1305,-0.0489,0.1459
1605859932,2022-02-05T12:42:51.000777Z,50.892360471920,28.914724656060,20.4956879908,1.00,true,0.733,1.262,21.777,19.996,-2.999,50,19,16,25.794,36.049,47.679,842,673,0,0,-0.0042,0.0439,0.0004,0.0189
1607797865,2022-03-21T09:02:56.225941Z,50.382925817772,27.799506728911,6.9275954599,1.00,true,1.005,3.869,142.766,6.428,-12.774,42,14,16,93.780,101.351,108.328,555,597,0,0,0.0418,0.1560,0.3078,0.1817
1610967891,2022-05-10T07:20:36.42473Z,50.897710811339,28.886602299201,20.5829190937,1.00,true,0.669,1.198,20.064,20.083,-3.575,46,17,11,26.899,37.947,49.056,610,425,0,0,0.1642,0.1446,-0.0066,0.0763
1614048628,2022-03-08T21:16:55.017643Z,49.158211210790,28.533356674235,2.3526970105,1.00,true,2.138,2.101,319.886,1.853,-1.982,6,17,11,162.124,177.233,183.554,101,65,0,0,-0.0114,0.3314,-0.1676,0.1888
1614676463,2022-08-02T13:34:46.034469Z,51.856657189070,33.688373390219,43.7535525715,1.00,true,2.183,14.878,275.488,43.254,-37.966,25,23,23,336.700,344.304,352.069,567,450,0,0,-0.3263,0.4680,2.8747,0.8538
1618492740,2022-03-21T10:09:54.089556Z,50.310854371067,28.938609080152,72.6950329966,1.00,true,0.760,2.843,89.569,72.195,-8.910,47,20,21,79.613,85.201,89.367,861,860,0,0,0.0691,0.0645,0.0034,0.0627
1618803920,2022-07-29T12:32:05.478091Z,50.850772187239,28.887068473924,19.6001182473,1.00,true,0.641,1.188,16.361,19.100,-2.522,59,22,21,23.881,34.930,44.632,963,852,0,0,0.0660,0.0909,0.0123,0.0516
1618999740,2022-03-21T10:15:00.858673Z,50.434242905142,29.090748007566,81.4134491016,1.00,true,1.167,2.890,71.595,80.913,-10.141,47,20,21,82.810,86.396,89.827,855,853,0,0,-0.0507,0.0653,-0.0161,0.0647
1621477716,2022-05-10T08:25:46.647958Z,50.896580599414,28.920590735728,16.5824250057,1.00,true,0.830,1.111,22.212,16.082,-3.352,40,7,16,22.923,32.821,46.351,243,475,0,0,-0.1534,0.1808,0.0135,0.0857
1622647690,2022-03-21T10:51:49.205076Z,50.269755881668,29.253630350181,74.4742156652,1.00,true,1.749,3.111,83.765,73.974,-9.795,42,20,21,80.765,88.461,94.364,780,794,0,0,-0.4300,0.1697,0.0936,0.0971
1627803615,2022-03-21T11:03:04.016773Z,51.173292323874,29.884802751940,45.8078099559,1.00,true,0.593,3.148,61.741,45.308,-9.983,52,21,21,81.813,87.650,95.502,1002,937,0,0,-0.2460,0.1811,-0.0227,0.1770
1630704190,2022-03-21T11:32:05.09363Z,50.148666084476,28.607400061553,45.1211757511,1.00,true,0.780,3.230,114.374,44.621,-9.906,51,21,21,76.170,83.855,89.507,958,930,0,0,-0.0353,0.1385,0.0108,0.0720
1631032365,2022-03-21T11:35:42.796432Z,50.572519801266,29.029371589031,37.7909174056,1.00,true,0.926,0.729,27.450,37.291,-0.204,8,21,21,39.603,41.357,44.044,135,143,0,0,0.1285,0.3822,0.0706,0.1611
1638292465,2022-03-21T12:07:53.200385Z,50.606716661154,29.018059132287,83.5383811307,1.00,true,1.388,3.063,53.447,83.038,-10.800,40,18,18,84.031,84.781,85.770,668,635,0,0,0.5613,0.1675,-0.1043,0.1268
1639145891,2022-05-10T10:00:18.20187Z,45.650465653027,28.850267643399,396.9094769555,1.00,true,2.586,31.501,709.806,396.409,-119.798,87,24,24,660.963,672.087,680.204,2071,2000,0,0,0.0738,0.3696,-2.7438,0.4318
1640322765,2022-03-21T12:28:30.648199Z,50.912279373908,28.503782716328,60.1786455377,1.00,true,1.626,1.300,81.584,59.679,-3.352,21,20,20,72.282,80.302,87.696,347,338,0,0,-0.3190,0.2374,0.0570,0.1429
1640825240,2022-03-21T12:33:32.190797Z,50.915365773051,28.161459598236,36.4411779877,1.00,true,1.340,1.345,98.909,35.941,-3.809,27,14,13,72.282,82.844,92.952,340,320,0,0,0.0911,0.1542,-0.0905,0.0856
1650328245,2022-07-29T15:47:24.087Z,49.554881158273,29.461252600658,23.2193524182,1.00,true,2.696,0.461,66.031,22.719,-7.913,5,24,0,114.415,128.998,140.747,120,0,0,0,-0.2573,0.2193,-0.0592,0.2455
1653806322,2022-11-07T11:51:31.723452Z,44.261510846914,29.373017064084,70.9840416211,1.00,true,2.180,35.357,867.704,70.484,-120.277,87,24,24,699.158,713.738,724.297,2071,2000,0,0,-0.0611,0.0407,0.3578,0.1526
1668433078,2022-05-23T01:44:03.714681Z,51.008627043469,28.815119970285,16.0996123163,1.00,true,0.783,1.312,30.991,15.600,-3.285,40,24,13,34.303,47.237,59.938,868,440,0,0,-0.1849,0.2819,-0.0175,0.1393
1672133901,2022-10-04T05:44:18.074622Z,50.957809612793,33.400062013513,14.6138118678,1.00,true,2.255,10.066,175.379,14.114,-26.925,18,17,22,291.804,300.564,309.207,290,385,0,0,0.7191,0.5802,3.4839,0.5600
1673852470,2022-04-07T05:57:02.206426Z,50.912881056348,28.880043357185,74.4257332981,1.00,true,0.807,2.070,27.256,73.926,-6.794,42,24,24,76.775,81.486,87.506,943,902,0,0,0.1555,0.2263,0.0287,0.0941
1681328166,2022-05-10T14:22:02.464274Z,43.742021925500,28.482845023571,33.3832673331,1.00,true,3.312,36.541,751.318,32.883,-117.536,40,24,24,757.792,771.828,781.979,918,921,0,0,0.0479,0.0889,-0.1103,0.1600
1681743341,2022-05-10T14:28:12.118038Z,50.883263983065,28.097568116261,59.1510187001,1.00,true,1.100,5.221,100.207,58.651,-2.882,27,22,23,88.382,96.955,106.252,479,507,0,0,0.0839,0.0748,0.0264,0.0442
1686393130,2022-12-23T11:18:36.237217Z,44.375181230170,27.565521978096,165.0979433644,1.00,true,2.938,37.132,845.630,164.598,-119.763,43,24,23,708.081,720.736,729.892,1023,947,0,0,-0.2769,0.4280,-4.7820,0.6972
1689704830,2022-12-23T11:51:46.373616Z,44.096957330986,27.020324848635,30.7575127384,1.00,true,2.507,39.491,881.627,30.258,-121.626,86,24,23,735.042,747.698,756.841,2047,1902,0,0,0.1020,0.2369,2.2779,0.8417
1690877945,2022-04-07T07:27:32.135554Z,50.889993067271,28.991889588019,22.2472038412,1.00,true,0.634,1.236,23.689,21.747,-2.864,59,15,13,25.811,33.463,42.962,652,648,0,0,0.0480,0.0672,0.0241,0.0245
1693324490,2022-03-21T17:58:24.914889Z,50.372265976557,29.399240288271,69.4761173171,1.00,true,0.353,2.955,53.400,68.976,-10.085,50,21,21,73.515,79.604,86.338,1000,956,0,0,-0.2060,0.1138,-0.0205,0.0802
1697499340,2022-03-21T17:59:59.885494Z,50.177051631977,29.437587710372,58.7151396720,1.00,true,0.630,3.046,76.597,58.215,-10.115,47,19,19,73.681,84.245,92.870,833,844,0,0,0.0837,0.0831,-0.0125,0.0575
1697539815,2022-03-21T18:00:40.166675Z,50.286370910642,29.588788378520,68.1183603410,1.00,true,1.223,3.037,63.153,67.618,-10.833,67,21,18,78.921,87.155,95.161,1307,1085,0,0,0.0913,0.0537,-0.0014,0.0383
1697603765,2022-03-21T18:01:05.097328Z,50.318693949696,28.461420530420,46.9511818248,1.00,true,0.710,3.344,100.662,46.451,-8.903,42,17,18,74.925,79.181,84.327,659,685,0,0,-0.1463,0.0669,-0.0352,0.0673
1698425840,2022-03-21T18:09:29.272999Z,50.675524392917,28.467028733338,22.7156023700,1.00,true,0.900,2.301,54.276,22.216,-7.727,8,21,20,44.818,54.268,62.228,163,136,0,0,-0.3704,0.2481,0.0180,0.1148
1700102699,2022-03-04T00:27:39.847094Z,50.404374650558,29.223395056493,95.7879004044,1.00,true,1.335,1.634,82.825,95.288,-4.153,40,22,23,97.149,100.882,104.989,781,623,0,0,0.0534,0.1303,0.0154,0.0542
1700407965,2022-03-21T18:29:16.741346Z,50.922359231368,28.618160282813,51.6877065393,1.00,true,1.004,1.458,65.876,51.188,-2.259,22,17,15,61.731,68.954,77.807,325,293,0,0,0.3400,0.1508,0.0353,0.0953
1701602440,2022-03-21T18:41:09.619918Z,50.751195204023,28.562954842519,57.8584790179,1.00,true,1.450,1.832,77.649,57.358,-4.380,13,15,16,65.793,71.710,78.333,187,195,0,0,-0.2924,0.3193,-0.0418,0.1768
1709043819,2022-02-18T11:23:32.328745Z,50.825135192406,28.776963727808,75.4644486513,1.00,true,1.055,2.146,23.620,74.964,-7.671,51,24,24,77.734,81.845,86.667,1107,1062,0,0,0.1723,0.2547,-0.0699,0.1530
1710332844,2022-02-18T11:35:07.722535Z,45.632892269853,28.291944720448,110.9539041604,1.00,true,3.873,23.146,560.924,110.454,-81.277,6,24,20,557.365,570.676,580.320,127,117,0,0,-152.2028,2.3851,-0.8810,4.1456
1710495599,2022-03-04T01:31:17.329799Z,50.426833644311,29.527820629177,147.6377557828,1.00,true,1.351,5.902,69.284,147.138,-19.670,28,22,18,149.979,152.672,156.275,559,386,0,0,-0.0096,0.1905,-0.1980,0.1312
1722886695,2022-04-07T10:45:44.922156Z,51.086928588160,36.500671162959,440.8191709366,1.00,true,2.049,31.442,602.688,440.319,-118.078,86,24,24,660.201,665.868,672.795,2047,1982,0,0,-0.3704,0.3058,-2.0895,0.3296
1724061770,2022-04-07T10:57:17.647098Z,47.357484565510,20.562350668473,112.7799583199,1.00,true,3.501,38.203,738.252,112.280,-121.353,86,22,22,719.956,727.999,735.486,1881,1821,0,0,0.3272,0.4061,4.8822,0.3984
1727692501,2022-10-04T11:00:06.137578Z,50.343936450231,29.449943197073,37.1972934201,1.00,true,2.929,0.749,35.088,36.697,2.138,7,24,14,47.007,56.393,67.146,159,81,0,0,-0.3441,0.2962,-0.0031,0.1262
1731489590,2022-03-21T21:39:51.673424Z,50.358656740030,28.917409699966,36.7467035655,1.00,true,0.871,2.557,53.847,36.247,-8.327,48,20,19,47.055,54.349,59.770,855,846,0,0,-0.2614,0.1800,0.0133,0.0535
1731740815,2022-03-21T21:42:42.450505Z,50.212831281792,28.690578284038,19.4231952989,1.00,true,1.056,2.827,85.919,18.923,-9.549,43,20,15,55.747,64.691,71.028,823,612,0,0,0.0655,0.0529,-0.0221,0.0321
1733320251,2022-10-04T11:54:27.118522Z,47.888588658083,22.540340065329,426.5090129614,1.00,true,2.195,32.917,596.953,426.009,-123.881,86,24,24,690.317,697.003,702.669,2047,1982,0,0,-0.1139,0.0984,3.5402,0.2945
1748593495,2022-04-07T13:04:46.970196Z,50.902711426587,28.896356149161,20.5935572874,1.00,true,0.380,1.226,22.030,20.094,-3.030,58,22,18,26.923,37.924,49.192,954,802,0,0,-0.1645,0.2279,-0.0192,0.1010
1758197599,2022-03-04T06:08:36.156354Z,50.562048109803,29.489264369826,101.2368892166,1.00,true,1.202,1.220,74.200,100.737,-2.844,10,23,12,102.414,104.978,108.565,211,84,0,0,0.3031,0.1203,-0.0410,0.0925
1758578849,2022-03-04T06:12:13.78059Z,50.410695820182,29.459769326516,74.6913220116,1.00,true,1.309,2.045,24.765,74.191,-7.219,30,15,14,78.365,82.860,89.023,392,360,0,0,-0.2534,0.2471,0.0354,0.1407
1759599974,2022-03-04T06:22:30.984805Z,50.376043410778,29.275317522425,70.3026373583,1.00,true,1.208,2.995,55.493,69.803,-11.015,53,22,21,73.078,78.815,84.683,1012,944,0,0,0.1696,0.1896,0.0212,0.1112
1760447569,2022-02-18T16:37:38.528406Z,51.205391192819,28.336542586136,99.2411754854,1.00,true,0.940,1.392,136.121,98.741,-4.472,11,24,24,120.367,128.893,136.806,230,208,0,0,-0.0292,0.2692,-0.0815,0.1243
1761168174,2022-03-04T06:38:02.776706Z,50.499303502475,29.340994329031,42.5281608413,1.00,true,0.602,1.909,12.537,42.028,-7.223,23,22,15,43.974,48.650,56.512,398,294,0,0,-0.0071,0.2003,-0.0062,0.1453
1761673070,2022-04-07T14:35:29.452109Z,50.530888706470,30.283077906528,151.5989271505,1.00,true,3.714,1.348,108.911,151.099,-0.548,2,24,23,167.099,171.489,177.187,47,42,0,0,-0.6888,0.3754,-0.0182,0.2685
1768576479,2022-07-12T09:31:07.324839Z,50.946501781897,28.761887899425,64.4414911526,1.00,true,1.401,1.558,24.575,63.941,-3.675,20,19,22,69.923,76.755,83.843,371,427,0,0,0.1292,0.1576,-0.0592,0.0852
1769790045,2022-04-07T15:16:36.851661Z,50.294157357467,29.197701939262,59.4952373092,1.00,true,0.444,2.937,66.624,58.995,-9.148,52,23,22,65.925,73.162,80.675,873,839,0,0,0.0822,0.0738,-0.0357,0.0341
1777971254,2022-07-12T10:25:02.468776Z,50.970883994378,28.813075763656,63.4016863219,1.00,true,0.974,1.274,24.278,62.902,-3.531,20,24,23,68.833,75.553,83.254,466,446,0,0,0.0230,0.0564,0.0024,0.0483
1778144695,2022-04-07T15:59:56.007415Z,50.426056709693,29.620953472044,71.1420444257,1.00,true,1.030,1.920,22.836,70.642,-4.993,15,13,10,77.829,82.914,90.628,172,116,0,0,0.1826,0.2952,-0.0601,0.2524
1779688099,2022-03-04T08:23:21.213692Z,50.918803449936,29.690743247035,74.3261513997,1.00,true,1.158,2.724,46.591,73.826,-7.786,44,21,22,83.965,88.191,92.785,796,744,0,0,0.5162,0.3688,0.0145,0.3082
1789302799,2022-03-04T09:19:40.761238Z,50.438533549575,29.271774178587,85.9070161834,1.00,true,1.759,1.673,68.714,85.407,-4.239,31,19,16,86.925,90.893,95.037,532,366,0,0,0.0841,0.0946,-0.0086,0.0456
1790084154,2022-07-12T11:44:22.457325Z,49.171005519676,40.023307757553,49.4528602552,1.00,true,3.489,39.883,570.313,48.953,-116.543,40,24,22,783.599,793.257,804.606,918,847,0,0,0.1007,0.1752,-0.7990,0.4382
1790809374,2022-03-04T09:34:46.938349Z,50.393376392453,29.081026869970,85.2915760209,1.00,true,1.309,1.563,84.922,84.792,-4.062,40,23,5,87.475,91.190,95.247,800,144,0,0,-0.0093,0.1361,0.0364,0.0455
1791887699,2022-03-04T09:45:18.696948Z,50.041176780104,28.313050602628,18.4641923066,1.00,true,0.942,3.751,141.330,17.964,-10.303,42,20,20,84.726,94.399,101.322,738,729,0,0,0.0569,0.1052,-0.0433,0.0674
1800488299,2022-03-04T10:31:21.435402Z,50.482336396430,28.806999256065,80.0929569267,1.00,true,0.921,2.727,85.575,79.593,-8.565,19,20,20,83.307,86.318,89.372,349,344,0,0,0.0321,0.1001,-0.0080,0.0728
1800811674,2022-03-04T10:34:42.862678Z,50.231757492633,29.203325149640,60.1984380951,1.00,true,0.679,2.985,72.639,59.698,-10.137,56,21,20,69.784,78.915,85.942,1074,940,0,0,0.0164,0.0969,-0.0045,0.0512
1825704536,2022-03-17T01:27:46.872559Z,40.356316472858,48.681475775442,158.0456344806,1.00,true,3.012,1.320,1745.747,157.546,-301.127,7,19,0,1867.881,1880.865,1891.354,126,0,0,0,0.2331,0.3812,0.1902,0.3412
1825887761,2022-03-17T01:34:24.262835Z,50.463315536349,29.089005858091,41.9542402243,1.00,true,0.817,2.128,32.028,41.454,-6.737,22,20,21,43.819,49.256,54.545,355,361,0,0,0.2190,0.1695,-0.0053,0.0848
1825902461,2022-03-17T01:34:37.56759Z,50.526196572156,29.397858939838,55.3554153953,1.00,true,1.483,2.199,11.747,54.855,-9.432,26,9,21,56.785,60.894,66.752,226,491,0,0,0.3878,0.1384,-0.0239,0.0982
1827797332,2022-04-20T09:45:49.136676Z,50.294404558689,28.964916920158,70.1760953426,1.00,true,1.243,2.308,63.856,69.676,-6.863,47,13,14,77.541,82.960,87.928,489,511,0,0,0.0704,0.2108,-0.0617,0.0615
1828867199,2022-03-04T13:15:04.944527Z,50.314673676087,28.943064522353,85.9564296558,1.00,true,1.556,2.053,100.562,85.456,-4.055,42,22,21,91.685,96.350,100.186,824,632,0,0,0.1120,0.2051,0.0485,0.0797
1828892749,2022-03-04T13:15:32.300289Z,50.270795209765,29.368707090174,113.5827860592,1.00,true,1.441,1.096,98.927,113.083,-1.700,9,20,23,118.261,123.193,128.569,145,177,0,0,0.7381,0.4464,0.0137,0.1921
1830517624,2022-03-04T13:31:56.344671Z,50.434996599565,29.810984273405,73.9794630833,1.00,true,1.583,1.067,34.412,73.479,-2.655,10,21,12,85.076,91.970,99.040,182,96,0,0,0.0033,0.5006,-0.0161,0.1455
1836380333,2022-06-09T08:16:53.099803Z,50.889778997149,28.826652488229,76.5504206982,1.00,true,0.720,2.122,26.678,76.050,-6.900,46,24,24,79.011,83.779,89.237,1015,963,0,0,-0.0341,0.1536,0.0250,0.0819
1837359699,2022-03-04T14:00:01.527047Z,51.208947203699,30.996352778538,49.8753345658,1.00,true,2.072,0.807,27.786,49.375,0.527,2,22,14,143.760,151.495,158.492,43,21,0,0,-0.3064,0.9332,0.1087,0.2438
1837963099,2022-03-04T14:05:53.791847Z,50.154051816422,28.425215206381,8.6353327654,1.00,true,1.192,3.373,104.203,8.135,-11.208,47,19,16,68.564,78.087,85.412,802,616,0,0,0.1787,0.2123,0.0098,0.1240
1845898982,2022-04-20T11:26:52.58462Z,49.142614741808,28.747673083834,23.3691285145,1.00,true,2.821,2.302,233.048,22.869,-5.415,12,24,24,161.367,174.427,184.038,246,242,0,0,-0.3799,0.3385,0.6121,0.4206
1847134658,2022-06-09T09:19:53.367833Z,41.105289939658,31.096749697366,95.1689154744,1.00,true,0.749,4.817,1115.614,94.669,-300.632,54,0,24,1056.746,1071.463,1083.009,0,1133,0,0,-2.5568,0.0000,0.1310,0.1593
1847753430,2022-09-01T15:08:46.218603Z,50.903750674339,28.949684487651,22.6270861170,1.00,true,0.467,1.242,25.357,22.127,-2.781,42,22,15,27.451,36.582,45.733,789,507,0,0,0.0845,0.2093,-0.0135,0.1096
1849901853,2022-02-01T07:33:26.157258Z,50.883275992545,28.895135874567,17.3864238697,1.00,true,0.830,1.209,19.014,16.886,-2.843,64,18,18,23.433,35.439,46.248,988,933,0,0,0.2360,0.2494,-0.0164,0.0969
1853299424,2022-03-04T15:59:32.608383Z,50.474338156223,29.195554615828,74.3756644117,1.00,true,1.076,2.638,39.838,73.876,-8.392,47,23,19,74.856,78.150,82.237,919,733,0,0,-0.0631,0.0548,0.0053,0.0394
1862802661,2022-03-17T05:03:35.82025Z,50.627773961090,30.523295677673,7.2307442005,1.00,true,1.179,3.673,58.264,6.731,-11.180,46,17,17,87.645,96.588,107.560,754,706,0,0,-0.0377,0.1981,-0.0685,0.0926
1865380211,2022-03-17T05:29:13.764601Z,49.949914525543,29.349616086198,17.7819460868,1.00,true,0.912,3.481,103.839,17.282,-10.235,49,19,20,69.806,85.417,95.987,875,910,0,0,-0.0033,0.1477,-0.0599,0.0893
1867290758,2022-06-09T11:24:10.084686Z,44.843879637401,26.358740757777,258.1268156736,1.00,true,1.784,35.343,804.220,257.627,-119.915,83,24,24,704.645,715.485,723.322,1979,1920,0,0,-0.2398,0.1389,-0.7412,0.0924
1867329083,2022-06-09T11:24:49.393353Z,49.558545712463,20.649910800037,284.0434079073,1.00,true,3.059,31.317,577.671,283.543,-119.607,77,24,24,660.086,668.408,675.425,1836,1778,0,0,0.3022,0.1347,-1.3023,0.2726
1870051364,2022-12-06T11:56:26.466078Z,44.640437632357,27.089153410194,40.5983953728,1.00,true,2.635,33.414,820.961,40.098,-118.534,76,24,24,675.053,687.589,696.651,1812,1755,0,0,-0.0046,0.4147,-0.5882,0.2667
1876262514,2022-12-06T12:20:00.551835Z,50.001082496940,24.626970198591,58.7818522898,1.00,true,2.111,14.453,460.213,58.282,-35.448,24,24,24,325.021,334.100,341.221,566,444,0,0,-0.3734,0.2636,-0.1936,0.2996
1878007078,2022-02-01T10:12:34.007902Z,49.635062317913,20.319411122828,239.0896526132,1.00,true,2.875,31.346,594.040,238.590,-119.992,76,24,24,663.044,671.842,679.234,1812,1755,0,0,0.2406,0.1326,-1.2390,0.3136
1880428276,2022-12-19T01:10:56.637482Z,48.968113862535,28.707957109562,4.3469284352,1.00,true,2.801,5.951,228.534,3.847,-7.363,9,19,22,179.543,192.769,202.469,149,155,0,0,0.3913,0.3197,3.6100,1.4091
1880598603,2022-02-01T10:40:22.309829Z,50.934799792661,28.942245402188,18.9635861893,1.00,true,0.373,1.267,26.414,18.464,-2.690,46,22,17,26.790,37.687,50.176,916,644,0,0,0.0277,0.0594,-0.0159,0.0271
1884578926,2022-12-19T01:52:52.835562Z,49.532205328707,28.787254757980,54.9647098042,1.00,true,2.459,1.260,175.067,54.465,-2.164,4,11,18,128.904,139.290,149.408,32,63,0,0,-32.1595,6.8140,0.3258,0.2757
1886396909,2022-11-20T23:28:24.364334Z,50.600124544121,29.134730516867,22.4303235133,1.00,true,1.148,0.634,17.855,21.930,-0.636,19,19,24,22.764,24.821,30.473,231,353,0,0,-0.1989,0.1960,-0.0066,0.0489
1886788878,2022-02-01T11:00:14.468353Z,50.190303910410,19.088954258373,62.7035061941,1.00,true,2.000,35.107,647.347,62.204,-120.532,76,24,24,703.681,714.097,722.742,1812,1755,0,0,-0.2747,0.1678,0.8751,0.5184
1891926928,2022-02-01T11:53:16.752804Z,53.681651506182,28.701052831975,58.4282481679,1.00,true,3.176,14.842,439.106,57.928,-37.247,24,24,24,327.648,338.454,353.100,566,444,0,0,-122.5757,73.9837,0.2494,0.2082
1895382783,2022-06-09T14:06:58.768927Z,51.167411084858,28.512069068214,37.5392812084,1.00,true,1.081,1.301,62.408,37.039,-3.231,27,24,23,68.240,80.635,91.823,514,499,0,0,-0.0002,0.0700,0.0184,0.0578
1903806786,2022-03-17T09:13:40.146412Z,50.403194127881,29.294269255168,68.1250891300,1.00,true,0.407,2.921,50.262,67.625,-9.854,57,21,21,70.336,75.839,81.602,1090,1026,0,0,0.0110,0.0630,0.0055,0.0341
1910485424,2022-03-04T21:31:06.165902Z,50.944907554336,31.495178970413,34.4676616193,1.00,true,0.854,7.970,218.690,33.968,-20.834,27,23,18,162.939,170.642,179.030,563,377,0,0,0.2386,0.1438,-0.3411,0.2323
1910570374,2022-03-04T21:31:50.580783Z,50.995190596756,31.614556204508,14.6060541832,1.00,true,1.276,8.106,233.663,14.106,-21.419,26,23,18,169.523,176.938,185.560,547,347,0,0,0.1554,0.0810,-0.0202,0.1831
1916569361,2022-03-17T10:41:03.757069Z,50.230580320080,28.506027103816,6.1332685345,1.00,true,0.725,2.935,96.430,5.633,-9.243,59,17,16,61.255,67.875,75.067,919,860,0,0,0.0306,0.0569,0.0217,0.0321
1918184811,2022-03-17T10:57:18.842131Z,50.344239119830,28.295764509324,21.7472132086,1.00,true,1.067,2.802,100.347,21.247,-9.158,43,20,19,69.168,74.372,80.867,820,735,0,0,0.0400,0.1678,0.0785,0.1099
1918289436,2022-03-17T10:58:26.107273Z,50.482231263802,29.302201316445,48.5286175955,1.00,true,0.593,2.049,15.954,48.029,-6.893,25,20,20,49.598,54.576,61.249,459,462,0,0,0.1009,0.1001,-0.0045,0.0602
1918313061,2022-03-17T10:58:47.704787Z,50.371096811731,29.082627731037,53.5066676523,1.00,true,0.857,2.828,58.817,53.007,-9.295,46,21,21,57.725,64.487,69.895,845,848,0,0,-0.0234,0.0521,-0.0098,0.0302
1918376661,2022-03-17T10:58:23.760319Z,50.583556709828,33.631531532707,136.7512892848,1.00,true,1.057,2.918,284.555,136.251,-56.240,52,21,0,332.877,340.439,350.454,1018,0,0,0,-0.1795,0.1204,-0.0359,0.1237
1918404336,2022-03-17T10:59:39.790113Z,50.513292251738,28.625550914026,33.4364503506,1.00,true,0.749,2.758,60.336,32.936,-8.210,45,13,16,48.915,53.945,58.614,545,646,0,0,0.0173,0.1169,0.0036,0.0561
1918980718,2022-11-03T08:55:36.379664Z,50.910163778063,28.900920823303,18.0909936639,1.00,true,0.387,1.222,21.971,17.591,-2.620,62,23,19,25.409,37.152,48.737,1157,927,0,0,-0.3332,0.2918,0.0193,0.1362
1923689536,2022-03-17T11:12:21.740219Z,51.364426198826,29.875751566254,23.1340489930,1.00,true,0.904,3.811,74.863,22.634,-11.260,41,20,19,87.377,94.258,104.381,755,671,0,0,-0.0511,0.0820,0.0151,0.1801
1926102662,2022-05-06T09:22:06.745003Z,50.601992694394,28.848459721798,20.6729572666,1.00,true,0.585,0.584,8.145,20.173,-0.255,2,20,21,26.997,32.375,37.062,37,39,0,0,0.0163,0.2628,-0.0217,0.1491
1926696233,2022-06-09T17:19:23.051483Z,51.731678954506,33.985054269555,17.4241253582,1.00,true,0.834,4.098,421.266,16.924,-52.949,35,22,0,349.890,356.262,364.991,735,0,0,0,-56.6681,10.1740,-0.7845,0.1051
1926731058,2022-06-09T17:20:47.225808Z,50.534127251052,29.249030041898,117.6355154734,1.00,true,2.161,1.226,106.810,117.136,-3.774,11,22,22,117.691,118.966,121.490,213,188,0,0,0.1463,0.3264,-0.0657,0.1172
1928438483,2022-06-09T17:37:51.289544Z,49.863735491647,28.803638334787,6.5243512934,1.00,true,1.557,2.285,148.185,6.024,-7.710,18,22,14,81.756,93.105,103.038,351,204,0,0,-16.6015,0.8754,-0.1617,0.1269
1934900468,2022-11-03T10:14:58.94571Z,50.412508003988,29.350566473685,16.7292948723,1.00,true,1.407,0.922,1.616,16.229,-2.054,17,14,20,24.941,37.244,48.850,202,256,0,0,-0.5445,0.4118,0.0163,0.1756
1937010686,2022-03-17T12:45:53.581121Z,51.054078569830,28.761989907362,46.0144840753,1.00,true,1.009,0.808,37.597,45.514,-0.419,11,17,18,58.704,66.987,78.660,165,180,0,0,-0.4140,0.3282,0.0016,0.1756
1937893218,2022-11-03T10:44:48.58062Z,50.936911729670,28.891311455429,17.1730753092,1.00,true,0.639,1.243,24.920,16.673,-3.419,71,20,14,26.908,39.017,51.168,1258,816,0,0,-0.0171,0.0420,-0.0148,0.0176
1944651737,2022-05-06T11:07:46.549321Z,50.398367546475,28.184858740936,61.3800118745,1.00,true,0.677,3.196,129.714,60.880,-9.451,41,24,20,90.166,96.294,101.963,811,631,0,0,-0.0806,0.0972,-0.0171,0.0554
1945375111,2022-03-17T13:29:08.697344Z,50.362865262142,28.630584562318,47.7125923229,1.00,true,0.885,2.784,80.405,47.213,-10.303,54,20,21,65.934,70.210,75.027,953,973,0,0,0.0585,0.0574,-0.0343,0.0252
1950568698,2022-03-30T02:30:05.301736Z,50.420001420563,28.932790342331,54.7158229603,1.00,true,0.352,2.745,60.410,54.216,-8.698,54,22,22,59.744,63.984,67.934,1010,990,0,0,-0.0323,0.0422,-0.0010,0.0292
1950612723,2022-03-30T02:30:48.992165Z,50.402307037143,28.929128348804,61.3925733358,1.00,true,0.443,2.840,58.759,60.893,-9.008,47,22,22,66.442,70.677,74.485,959,901,0,0,0.2096,0.1661,0.0577,0.0871
1950701223,2022-03-30T02:31:37.302621Z,50.421934704763,28.938969922655,61.6788815944,1.00,true,0.858,2.831,56.449,61.179,-9.697,48,22,22,66.004,69.841,73.458,966,910,0,0,0.0094,0.0584,-0.0153,0.0336
1950788898,2022-03-30T02:32:24.361947Z,50.468452778737,28.965375397364,73.7138930603,1.00,true,0.335,3.103,56.003,73.214,-9.638,49,22,22,76.150,78.693,81.373,989,944,0,0,-0.0523,0.0474,-0.0401,0.0555
1950866973,2022-03-30T02:32:58.306436Z,49.992271385742,28.309745883476,10.2906313634,1.00,true,0.603,4.363,129.388,9.791,-13.694,52,20,15,89.395,97.810,104.571,867,686,0,0,-0.0669,0.1059,0.0803,0.1579
1950969073,2022-03-30T02:34:04.396846Z,50.290433378400,29.204211593671,60.7401318734,1.00,true,1.092,2.926,66.313,60.240,-10.603,51,21,22,67.223,75.364,81.926,885,894,0,0,0.0357,0.0602,-0.0193,0.0412
1950997223,2022-03-30T02:34:33.107776Z,50.436157686447,28.956122800026,71.1298855903,1.00,true,0.935,2.806,62.041,70.630,-9.892,46,22,21,74.330,77.512,80.691,931,856,0,0,-0.3343,0.1308,0.0013,0.0936
1952874736,2022-03-17T14:04:08.831856Z,50.332821266369,28.647529642556,39.6543872763,1.00,true,0.586,2.852,79.926,39.154,-9.168,51,20,20,60.838,66.217,71.496,929,890,0,0,0.1018,0.0610,-0.0012,0.0243
1953102461,2022-03-17T14:06:36.692413Z,50.528100467227,28.939887152468,71.0819106620,1.00,true,0.607,2.771,59.212,70.582,-9.308,43,21,20,73.515,74.866,76.966,788,732,0,0,0.2556,0.1426,0.0311,0.0864
1963001220,2022-06-22T09:32:26.17884Z,50.336692714636,29.293630976735,36.8112322790,1.00,true,2.969,0.832,49.310,36.311,3.179,7,24,14,44.247,53.979,63.610,163,81,0,0,-7.9005,1.1100,0.0215,0.1534
1966849593,2022-11-03T13:32:05.930894Z,43.705599751543,25.359192683946,3.7853511141,1.00,true,3.642,44.886,871.362,3.285,-122.069,40,21,24,814.316,825.911,834.101,812,921,0,0,0.1323,0.1827,4.2371,0.5659
1971694873,2022-03-30T04:41:34.038687Z,49.183820792174,28.326006491439,12.9374148530,1.00,true,3.042,2.505,254.658,12.437,-5.961,12,19,20,164.851,177.774,184.879,214,215,0,0,-0.3581,0.2411,-0.2084,0.6211
1982746446,2022-08-11T09:15:26.373039Z,50.905574272663,28.931869508789,20.7615097438,1.00,true,0.521,1.275,23.615,20.262,-2.627,50,20,13,26.385,36.619,48.475,874,544,0,0,0.1310,0.1320,-0.0109,0.0619
1983298311,2022-03-17T17:08:34.718978Z,50.512406282743,29.445867010867,77.8993280311,1.00,true,1.285,2.273,31.265,77.399,-7.281,49,20,19,79.532,82.910,87.869,846,739,0,0,0.0517,0.0805,0.0133,0.0733
1995467636,2022-03-17T18:30:06.235159Z,50.433144543477,29.462692761147,79.5126208134,1.00,true,1.083,1.763,41.685,79.013,-4.765,33,19,17,82.588,87.443,92.908,584,494,0,0,-0.0035,0.1268,0.0245,0.0522
1999478748,2022-03-30T07:19:13.68547Z,50.622481901130,28.979964663740,79.3677696516,1.00,true,1.237,2.517,53.404,78.868,-10.315,44,20,17,79.853,81.078,82.195,791,663,0,0,0.1002,0.0814,-0.0430,0.0582
2000069151,2022-12-19T13:05:47.232127Z,50.713812731802,37.547915008349,341.6360103838,1.00,true,2.766,32.065,684.172,341.136,-117.768,76,24,23,661.634,668.578,677.050,1812,1685,0,0,0.2028,0.3628,-0.9348,0.1683
2005114861,2022-03-17T19:26:49.094515Z,50.303405251823,29.045245821050,50.1312021497,1.00,true,0.995,2.699,61.461,49.631,-9.905,42,21,21,58.219,66.528,72.510,836,774,0,0,0.0414,0.0597,0.0004,0.0449
2005199336,2022-03-17T19:27:37.447151Z,50.820307621435,28.644214425672,47.0466371907,1.00,true,1.092,1.523,51.463,46.547,-5.553,12,21,21,54.251,61.701,68.904,246,238,0,0,0.1395,0.1883,-0.0128,0.1046
2008683773,2022-03-30T08:11:19.755254Z,50.413352671568,29.142656554810,75.8302409620,1.00,true,1.615,2.741,67.204,75.330,-10.245,42,20,15,77.457,81.973,86.084,708,526,0,0,-0.5098,0.3208,0.0405,0.1604
2014844050,2022-07-08T04:44:08.698822Z,50.897352673219,28.912021464845,21.4187294297,1.00,true,1.178,1.344,21.742,20.919,-3.301,46,12,10,26.869,36.686,48.598,497,401,0,0,0.2908,0.1216,0.0063,0.0549
2016674111,2022-03-17T20:42:11.141403Z,50.493698396066,29.417943415306,75.6988874657,1.00,true,1.439,2.223,32.257,75.199,-6.859,53,19,19,77.429,81.151,86.034,890,833,0,0,-0.0376,0.0685,-0.0076,0.0441
2019292827,2022-02-27T01:20:50.708933Z,48.409317603099,5.548341508927,561.2966135094,1.00,true,2.605,2.454,1875.665,560.797,-272.291,13,23,0,1722.966,1732.301,1740.624,260,0,0,0,-0.0519,0.0939,-0.1662,0.1214
2022583355,2022-11-16T07:40:40.34915Z,50.850111050753,28.808988498525,24.8048319205,1.00,true,0.694,1.240,15.264,24.305,-3.651,50,23,20,30.805,40.393,49.919,997,784,0,0,-0.0015,0.1268,0.0068,0.0497
2023957711,2022-03-17T21:14:51.669315Z,50.518637647123,29.008006226126,67.9041770823,1.00,true,0.807,2.927,46.722,67.404,-9.331,44,18,11,69.384,71.485,73.684,770,435,0,0,0.0213,0.1919,-0.0285,0.1383
2025778790,2022-02-14T13:41:07.481059Z,51.114113453777,28.557712072476,45.8099103767,1.00,true,2.098,0.977,39.224,45.310,0.481,7,24,20,68.125,79.390,89.683,143,104,0,0,0.1093,0.4173,0.0134,0.1610
2030670025,2022-07-08T06:02:28.385976Z,50.384867095440,28.020685185754,33.7140026836,1.00,true,1.851,3.455,141.325,33.214,-9.614,37,18,16,86.088,92.414,98.679,542,468,0,0,-0.0461,0.1415,0.0020,0.0614
2032098123,2022-03-30T10:45:34.33647Z,50.522293570512,28.985332171438,67.2475900897,1.00,true,1.028,2.802,55.351,66.748,-9.664,48,18,16,69.060,70.941,72.993,730,615,0,0,0.1288,0.1260,-0.0385,0.0664
2040676423,2022-03-30T11:31:12.988597Z,50.320791618264,28.985662635102,67.4304102427,1.00,true,1.131,2.879,83.189,66.930,-9.011,42,22,22,73.695,79.470,84.273,782,746,0,0,-0.0672,0.0765,-0.0243,0.0457
2043179298,2022-03-30T11:56:18.004818Z,50.535858720140,29.104125363576,45.5046758659,1.00,true,0.931,2.072,26.823,45.005,-6.995,28,22,22,46.079,48.676,52.916,503,504,0,0,0.0343,0.1096,0.0160,0.0488
2048059111,2022-03-17T23:55:55.059737Z,50.443826359216,29.450807003644,67.8759954804,1.00,true,0.894,2.406,15.441,67.376,-6.940,36,16,9,71.045,76.293,82.364,558,306,0,0,-0.0032,0.0898,0.0289,0.0353
2050456475,2022-07-08T08:00:23.87104Z,50.469798842940,28.974311602715,19.3645437236,1.00,true,0.717,0.604,8.133,18.865,-0.129,15,24,23,25.778,33.242,39.452,263,266,0,0,0.0821,0.1248,0.0365,0.0645
2051398377,2022-02-27T04:46:23.917404Z,50.337358341076,29.385544150019,87.1876820071,1.00,true,1.505,2.195,68.955,86.688,-4.083,49,23,20,91.209,96.629,102.634,989,686,0,0,0.2314,0.1166,-0.0069,0.0481
2057568448,2022-03-30T13:00:04.684102Z,50.399015072213,29.203059834013,57.9053370643,1.00,true,0.778,2.690,49.898,57.405,-9.316,46,21,22,60.290,66.546,72.293,839,843,0,0,-0.0176,0.1285,-0.0020,0.0610
2057592698,2022-03-30T13:00:29.230058Z,50.518291297945,28.739314314099,57.4331776467,1.00,true,0.438,2.714,63.223,56.933,-8.770,47,22,21,64.335,67.382,70.543,875,830,0,0,0.0659,0.0940,-0.0242,0.0644
2057677773,2022-03-30T13:01:13.514177Z,50.547198113159,28.935037121624,70.1099467167,1.00,true,0.960,2.670,57.372,69.610,-9.486,43,20,22,72.261,73.608,75.577,726,767,0,0,0.1115,0.0907,0.0217,0.0498
2057703623,2022-03-30T13:01:40.423019Z,50.442762839808,29.251610809967,49.0714240977,1.00,true,0.562,2.495,34.413,48.571,-8.577,45,20,20,50.616,56.582,63.175,764,744,0,0,0.1186,0.1414,0.0109,0.0796
2057754723,2022-03-30T13:01:50.6023Z,50.538857597900,28.792718372076,66.2647594106,1.00,true,0.650,2.749,62.554,65.765,-9.398,43,22,22,70.696,73.135,75.676,771,773,0,0,0.2016,0.1841,0.0702,0.1152
2057876298,2022-03-30T13:03:12.372173Z,50.257635392517,29.016987690665,48.3476313368,1.00,true,0.780,2.880,68.765,47.848,-9.628,43,22,22,59.720,68.429,75.119,848,808,0,0,0.0074,0.0734,-0.0321,0.0630
2057976198,2022-03-30T13:04:12.841503Z,50.408663451481,29.188195969820,56.0727294454,1.00,true,0.632,2.619,47.376,55.573,-9.158,43,22,22,58.247,64.382,70.051,860,831,0,0,-0.0159,0.1668,-0.0382,0.0805
2059667623,2022-03-30T13:21:05.397574Z,50.377545475887,28.817232191048,35.4856057142,1.00,true,0.740,2.656,62.353,34.986,-7.602,42,12,21,48.731,54.944,59.722,488,814,0,0,0.3807,0.2641,-0.0018,0.1813
2062631978,2022-04-16T03:44:17.31161Z,50.517939361497,29.036002080942,147.7424189357,1.00,true,2.845,2.103,140.162,147.242,-5.688,12,21,20,148.121,149.108,150.449,205,191,0,0,0.0244,0.2187,0.0100,0.1980
2064479275,2022-07-08T09:38:46.455406Z,46.107384345976,35.546827182701,86.3686191940,1.00,true,2.657,33.501,859.240,85.869,-120.545,76,23,22,681.550,693.482,706.925,1738,1615,0,0,-41.6267,0.6938,0.0146,0.4966
2067986423,2022-03-30T14:04:28.465519Z,50.863922967231,28.035064334636,1.7824219314,1.00,true,1.301,1.646,102.820,1.282,-3.534,21,22,22,69.831,82.394,92.182,388,392,0,0,0.0342,0.0913,0.0354,0.0478
2071572280,2022-11-16T12:30:29.374512Z,50.867605544926,28.788355913127,65.5737676021,1.00,true,1.223,1.408,30.388,65.074,-3.625,25,24,24,68.671,73.890,79.864,567,570,0,0,-0.0002,0.3431,0.0274,0.1863
2071999552,2022-02-27T06:52:25.517752Z,50.419998383243,29.133991842304,93.3531659055,1.00,true,1.941,2.066,85.110,92.853,-4.482,43,22,19,94.591,97.811,101.509,838,592,0,0,0.0933,0.1718,-0.0139,0.0751
2078788873,2022-03-30T15:12:25.278443Z,50.168517333142,29.216549913439,69.9499301937,1.00,true,0.884,2.586,95.950,69.450,-8.722,43,18,18,81.731,91.006,97.790,718,680,0,0,0.0186,0.1814,0.0371,0.0812
2079789429,2022-06-05T03:01:36.264012Z,50.032275686211,28.371742012799,148.5384464711,1.00,true,2.178,6.181,190.768,148.038,-5.736,11,16,12,168.735,173.660,177.283,149,111,0,0,-0.1482,0.2304,-0.0749,0.2184
2079903604,2022-06-05T03:02:50.368201Z,50.283869212290,28.763812280302,147.8021450808,1.00,true,2.744,2.802,161.427,147.302,-5.632,12,20,18,153.573,156.522,158.906,197,174,0,0,0.0362,0.3427,-0.0082,0.1792
2079990754,2022-06-05T03:03:37.895844Z,49.887519428156,27.372670867223,1.8956427989,1.00,true,1.899,2.608,265.943,1.396,-5.104,11,19,15,144.587,153.469,161.045,168,135,0,0,-0.5366,0.5470,0.0924,0.2986
2080271827,2022-02-27T07:34:57.619375Z,50.434850319472,29.116435742632,90.7413661557,1.00,true,1.523,1.854,82.973,90.241,-4.381,47,16,19,91.846,94.547,98.403,668,611,0,0,-0.0392,0.1376,0.0117,0.0549
2081490080,2022-11-16T13:29:18.284077Z,48.007963315693,28.393413256681,4.9482812459,1.00,true,2.836,8.557,295.878,4.448,-32.716,25,23,6,288.720,302.110,311.309,569,138,0,0,0.0088,0.1247,0.9725,0.1851
2082328902,2022-02-27T07:55:54.18966Z,50.349327569033,29.183279829764,90.1032959892,1.00,true,1.919,2.316,79.245,89.603,-4.810,36,21,16,92.818,97.708,102.178,658,408,0,0,0.0511,0.0619,0.0092,0.0302
2090723502,2022-02-27T08:39:44.743356Z,50.496329723943,29.278307241505,48.8411319467,1.00,true,0.420,2.395,24.900,48.341,-9.257,41,4,11,49.486,53.727,60.197,134,380,0,0,0.1144,0.1940,-0.0078,0.1077
2091128674,2022-05-19T14:19:39.063936Z,50.093338944788,40.021213090416,128.8531024053,1.00,true,3.018,37.934,558.404,128.353,-115.936,40,23,23,766.452,775.063,785.487,883,884,0,0,0.0592,0.0849,-0.1755,0.2328
2091480577,2022-02-27T08:47:01.280742Z,50.401599296669,28.885866697934,59.4345987429,1.00,true,0.562,2.845,60.385,58.935,-9.719,44,24,24,65.043,69.768,73.561,910,843,0,0,-0.0292,0.0915,-0.0151,0.0488
2099020727,2022-02-27T09:22:42.908087Z,50.355799550192,29.254985547799,36.0958678816,1.00,true,0.720,2.383,41.162,35.596,-8.092,42,7,15,42.222,51.902,60.853,262,548,0,0,0.1294,0.0911,0.0072,0.0266
2099908974,2022-05-19T15:09:13.276408Z,50.859753481634,28.909294285554,20.8981978787,1.00,true,0.331,1.107,19.014,20.398,-2.724,41,13,13,24.675,33.970,45.214,411,410,0,0,0.0948,0.1050,-0.0075,0.0515
2101699927,2022-02-27T09:49:20.389901Z,50.414371075822,29.423427255216,63.6773703184,1.00,true,0.468,3.138,45.117,63.177,-9.610,48,14,8,67.232,72.186,79.857,511,311,0,0,-0.1612,0.1934,-0.0123,0.1127
2101776177,2022-02-27T09:49:55.635703Z,50.608899147233,29.771375563439,70.0715226836,1.00,true,1.053,3.223,25.124,69.572,-11.364,56,24,24,77.957,82.655,89.312,1140,1084,0,0,0.2413,0.1392,0.2491,0.1092
2108054448,2022-03-30T18:04:59.483027Z,50.630868774731,29.030787736346,8.3977014872,1.00,true,0.625,0.522,3.328,7.898,-0.517,7,20,19,10.505,15.813,19.843,69,119,0,0,-0.3787,0.3640,-0.0137,0.1660
2112720852,2022-02-27T10:59:41.098847Z,50.401664032634,29.296691347494,67.3646682981,1.00,true,0.391,2.877,48.463,66.865,-9.901,49,24,24,69.656,74.821,81.093,973,889,0,0,0.2218,0.1234,0.0073,0.0841
2118175673,2022-03-30T19:06:11.571231Z,50.565938003908,28.928723526179,74.4427400853,1.00,true,0.795,2.664,59.815,73.943,-9.429,44,20,19,76.136,77.312,79.232,785,732,0,0,0.0162,0.2703,0.0181,0.0948
2118282023,2022-03-30T19:07:17.56919Z,50.659404805266,28.865132938459,76.7608604254,1.00,true,0.444,2.643,54.982,76.261,-9.431,44,17,10,77.753,79.661,82.346,703,415,0,0,0.3911,0.2154,0.0570,0.0983
2118765173,2022-03-30T19:12:08.965234Z,49.793441064258,28.980043797325,139.0806269287,1.00,true,2.154,1.361,246.826,138.581,-1.035,9,20,21,162.879,171.113,176.209,165,152,0,0,-0.1592,0.3705,-0.3061,0.1940
2119275652,2022-02-27T11:24:54.575322Z,50.588047874283,30.143656358774,44.7585186469,1.00,true,1.039,2.976,43.766,44.259,-11.425,48,24,22,75.249,83.115,92.937,970,846,0,0,0.0832,0.0833,-0.0302,0.0454
2120407173,2022-03-30T19:22:13.862564Z,63.252595351321,-4.561918972877,518.5431795173,1.00,true,2.122,1.786,2511.449,518.043,-399.137,7,18,0,2378.215,2388.482,2400.246,119,0,0,0,69.3693,14.1968,-0.0139,0.1539
2120508598,2022-03-30T19:29:43.146424Z,50.465783032003,30.246310106630,43.0403596589,1.00,true,0.871,3.200,56.511,42.540,-10.854,64,22,22,81.939,90.324,101.770,1242,1186,0,0,0.0231,0.1930,0.0918,0.1651
2120592998,2022-03-30T19:30:27.239261Z,49.974744965874,29.286197045427,32.4214901099,1.00,true,0.814,3.211,101.131,31.921,-10.761,47,20,21,71.871,86.723,96.204,848,887,0,0,0.0439,0.1068,-0.0284,0.0696
2120663673,2022-03-30T19:30:59.031865Z,50.243180726991,29.503588938220,65.6419303002,1.00,true,0.880,2.966,71.016,65.142,-9.968,58,21,21,76.885,85.575,94.038,1097,1050,0,0,0.0096,0.0498,0.0789,0.0426
2121662648,2022-03-30T19:40:47.890689Z,50.023134020129,29.141848110460,130.6259149777,1.00,true,1.179,5.413,30.800,130.126,-20.109,24,18,17,144.615,149.974,154.870,403,300,0,0,0.0748,0.3282,1.0140,0.1864
2123306473,2022-03-30T19:57:50.996973Z,51.048785314607,28.593504648688,38.6886122463,1.00,true,1.294,0.725,48.620,38.189,-1.003,10,20,19,58.231,68.592,79.860,178,170,0,0,0.0812,0.1165,0.0146,0.0893
2126924802,2022-02-27T12:01:44.742179Z,50.243456919243,29.197425315658,60.1223573044,1.00,true,0.797,3.098,70.297,59.622,-10.258,57,18,22,69.073,77.479,84.931,881,999,0,0,-0.2312,0.3029,0.0080,0.1360
2127302127,2022-02-27T12:05:22.703043Z,50.447206489963,28.954676383192,62.2182762524,1.00,true,0.545,2.721,52.931,61.718,-9.297,46,24,24,65.290,68.937,72.357,960,876,0,0,0.3117,0.1482,0.0224,0.0708
2127715152,2022-02-27T12:09:35.752217Z,50.305227343460,28.657081393292,43.0724283742,1.00,true,0.303,3.051,79.426,42.572,-9.248,46,22,23,61.873,69.472,74.937,884,846,0,0,-0.2013,0.1400,0.0084,0.1074
2128101548,2022-03-30T20:05:46.399694Z,51.017873123234,28.698393499460,42.1881986720,1.00,true,1.219,0.845,39.770,41.688,-0.600,14,16,13,55.431,64.196,73.873,204,165,0,0,-0.0851,0.1428,-0.0109,0.0760
2128397473,2022-03-30T20:08:34.705518Z,50.376109275334,28.766555670437,28.5703683547,1.00,true,0.837,2.518,57.092,28.070,-9.294,43,21,12,46.343,52.359,57.924,778,483,0,0,-0.1059,0.1883,-0.0326,0.0861
2128460448,2022-03-30T20:09:01.647479Z,50.064584799333,28.915331197272,41.2654485803,1.00,true,1.451,2.360,126.457,40.765,-4.353,13,21,19,70.883,82.486,89.482,256,212,0,0,0.0908,0.3416,0.0490,0.3882
2128598477,2022-02-27T12:18:18.618061Z,50.368457755474,29.269126380412,66.4905229645,1.00,true,0.882,2.925,51.589,65.991,-10.382,46,23,23,69.629,75.418,81.927,909,833,0,0,-0.0334,0.0577,-0.0575,0.1390
2128712498,2022-03-30T20:11:50.60181Z,50.854528843057,27.586735291049,0.1566712401,1.00,true,1.190,2.298,135.321,-0.343,-7.398,22,19,10,100.791,112.842,122.415,357,196,0,0,31.5641,7.3241,0.2835,0.1095
2131080732,2022-03-13T02:36:46.87014Z,50.153250523423,29.239669248293,71.5848044514,1.00,true,1.374,2.977,86.563,71.085,-10.130,40,17,18,84.035,93.306,100.327,656,645,0,0,-0.0364,0.3378,0.1891,0.1596
2131570602,2022-02-27T12:47:51.123758Z,50.494103484052,29.035733712815,65.0364952169,1.00,true,0.877,2.792,45.817,64.536,-9.876,45,23,22,66.374,68.785,72.147,902,797,0,0,-0.1813,0.2520,0.0242,0.1346
2132110102,2022-02-27T12:53:29.989403Z,50.346444681302,29.282750193538,68.7036799415,1.00,true,1.182,2.913,57.321,68.204,-11.011,48,24,24,72.532,78.590,85.250,981,921,0,0,-0.0333,0.0679,0.0000,0.0532
2132205627,2022-02-27T12:54:25.354692Z,50.285074676779,29.275446594420,65.0682467812,1.00,true,0.816,2.971,64.258,64.568,-10.645,63,24,24,71.571,78.932,86.359,1299,1264,0,0,0.0738,0.2159,-0.0470,0.0907
2132767532,2022-03-13T02:51:46.608069Z,44.935753470186,25.816276031981,331.6681539808,1.00,true,1.781,0.984,663.769,331.168,-117.392,7,21,0,735.147,745.976,752.208,145,0,0,0,-0.2898,0.4103,0.0258,0.1903
2133451228,2022-04-16T10:52:38.572698Z,50.528970151543,29.236930654345,92.7135838273,1.00,true,1.344,1.822,78.448,92.214,-3.427,42,23,22,92.773,94.450,97.612,837,618,0,0,0.1431,0.1144,0.0079,0.0363
2137751082,2022-03-13T03:03:19.524238Z,50.425080954044,29.766492301437,65.9299028935,1.00,true,1.101,2.736,55.108,65.430,-7.476,44,19,19,77.054,83.197,91.898,798,742,0,0,0.0942,0.1904,0.0570,0.0993
2140589677,2022-02-27T13:38:09.134056Z,50.416788369033,30.006281103335,50.1996510894,1.00,true,1.183,2.919,49.471,49.700,-10.866,45,24,24,74.737,83.447,93.461,896,890,0,0,-0.2822,0.1345,0.0663,0.1240
2141719927,2022-02-27T13:49:06.291351Z,48.505837751316,28.105116920233,84.6353200539,1.00,true,1.013,3.659,279.559,84.135,-43.709,49,8,0,257.066,263.732,273.165,298,0,0,0,0.0066,0.0771,0.0132,0.0245
2148202252,2022-02-27T14:13:34.900028Z,48.461722260286,26.060944729713,115.2026259806,1.00,true,1.002,2.970,356.890,114.703,-58.100,46,23,0,339.757,348.414,355.616,932,0,0,0,0.1504,0.1022,-0.0284,0.0599
2149867132,2022-03-13T04:24:33.325972Z,50.298454221864,29.207422142874,58.8853713648,1.00,true,0.588,3.062,64.608,58.385,-9.674,54,19,20,65.169,73.620,80.009,887,925,0,0,-0.0400,0.0608,-0.0469,0.0470
2149928152,2022-02-27T14:31:58.33427Z,50.525543120327,29.342637076776,3.3359029034,1.00,true,0.566,0.405,1.030,2.836,0.334,22,8,18,10.693,21.041,32.157,129,296,0,0,0.3167,0.1656,0.0005,0.0697
2150083652,2022-02-27T14:33:14.741514Z,50.502220518124,29.367774345398,2.4242895362,1.00,true,0.575,0.479,4.189,1.924,-1.258,19,6,15,12.971,23.590,35.147,82,237,0,0,0.1283,0.2022,0.0149,0.0852
2150875927,2022-02-27T14:41:05.78457Z,50.535222110779,29.318327334637,8.3341465688,1.00,true,0.694,0.697,1.630,7.834,-0.215,19,18,20,11.711,21.545,34.161,217,264,0,0,0.3915,0.2932,0.0451,0.1287
2151610085,2022-12-02T10:24:13.583831Z,50.904494336123,28.899325979705,16.8092020209,1.00,true,0.820,1.166,21.025,16.309,-3.416,43,24,23,24.184,35.915,47.812,720,670,0,0,-0.0166,0.0736,-0.0049,0.0427
2155438367,2022-11-29T09:17:57.832528Z,50.866575601793,28.878307011089,22.9101074646,1.00,true,0.696,1.282,18.156,22.410,-3.167,50,23,15,27.507,38.092,47.744,997,620,0,0,-0.0566,0.0918,-0.0115,0.0471
2157673352,2022-02-27T15:08:47.354593Z,51.403071534517,30.654510395710,1.1472916192,1.00,true,1.247,4.980,193.388,0.647,-16.645,11,24,23,125.242,132.802,141.959,245,190,0,0,0.0103,0.3042,-0.1727,0.3333
2158576877,2022-02-27T15:18:05.328081Z,50.305622152401,30.185002694913,153.0954599563,1.00,true,2.090,1.236,96.572,152.595,-1.672,6,24,24,168.996,174.010,180.229,126,125,0,0,-0.3519,0.3281,0.0819,0.2517
2160094273,2022-03-30T23:25:29.107118Z,49.981115411782,29.214234986074,40.4438770957,1.00,true,1.230,3.286,107.413,39.944,-10.893,48,18,12,74.981,88.846,97.748,784,493,0,0,-0.3145,0.2084,0.1812,0.1374
2162189202,2022-02-27T15:54:18.717249Z,50.498049271916,29.349635725639,5.3519446079,1.00,true,0.859,0.448,1.577,4.852,-1.283,24,22,18,12.970,24.662,38.163,334,330,0,0,-0.0404,0.1406,0.0064,0.0419
2167371552,2022-02-27T16:06:01.84742Z,50.554799717513,29.296115505254,9.4892222073,1.00,true,1.121,0.678,5.364,8.989,-0.153,25,9,19,11.143,18.898,30.556,173,371,0,0,0.0602,0.1236,-0.0149,0.0406
2168478427,2022-02-27T16:17:08.209668Z,50.515407800164,29.330304921705,6.1415394014,1.00,true,0.655,0.516,0.592,5.642,-0.790,22,15,17,11.499,22.304,35.948,221,292,0,0,-0.0741,0.2169,0.0365,0.1014
2168871877,2022-02-27T16:21:01.841898Z,50.502895969476,29.360039496457,1.6098377687,1.00,true,0.650,0.327,2.897,1.110,-0.158,22,5,14,12.323,21.389,37.821,87,247,0,0,-0.4125,0.0727,-0.0031,0.0409
2169505127,2022-02-27T16:27:34.702653Z,50.495640425695,29.309976618777,8.1859147310,1.00,true,0.920,0.548,2.298,7.686,-1.297,25,11,19,12.652,24.142,37.381,203,369,0,0,0.2526,0.1375,0.0070,0.0766
2169884127,2022-02-27T16:31:13.860147Z,50.513201717047,29.324050591382,8.1795772020,1.00,true,0.448,0.387,0.473,7.680,-0.140,25,10,17,12.478,22.780,34.772,189,333,0,0,0.5120,0.1463,0.0222,0.0756
2170293702,2022-02-27T16:35:23.959107Z,50.530562430020,29.280456788650,7.4311486379,1.00,true,0.502,0.397,3.608,6.931,-0.041,14,4,12,9.438,17.082,23.357,51,151,0,0,-0.2316,0.4437,-0.0234,0.0551
2172228852,2022-02-27T16:54:58.862052Z,50.515362386200,29.326763814502,5.6697922553,1.00,true,0.438,0.439,1.380,5.170,-0.138,23,16,19,11.059,22.239,35.735,255,338,0,0,0.0030,0.0898,0.0082,0.0264
2172317252,2022-02-27T16:55:46.808091Z,50.525729616514,29.387595377874,0.6386502317,1.00,true,0.775,0.681,3.106,0.139,-0.192,17,8,15,12.331,21.585,34.370,100,200,0,0,-0.6515,0.3552,-0.0001,0.1487
2172725152,2022-02-27T16:59:45.90633Z,50.417030579239,28.956452893564,64.2590810978,1.00,true,0.994,2.816,56.627,63.759,-10.094,47,24,24,68.209,71.870,75.802,1000,939,0,0,-0.2382,0.1694,0.0435,0.0908
2173444603,2022-04-16T14:52:35.538718Z,50.811742733619,30.185226917017,155.6536416539,1.00,true,3.899,1.153,110.659,155.154,-0.461,3,24,22,169.168,172.298,175.988,71,62,0,0,-0.4896,0.3474,-0.0093,0.2693
2176901827,2022-02-27T17:01:22.045039Z,50.454488501759,28.934264240545,69.6666433125,1.00,true,0.696,2.911,59.927,69.167,-9.955,51,23,21,72.382,75.806,78.699,1010,861,0,0,0.0001,0.1151,-0.0553,0.1225
2177125152,2022-02-27T17:03:45.465737Z,50.211403952966,28.493877939338,28.5577288730,1.00,true,0.320,3.170,97.419,28.058,-9.534,47,24,24,66.371,75.313,81.978,988,938,0,0,-0.1535,0.0872,-0.0293,0.0514
2177471702,2022-02-27T17:06:56.362042Z,50.034843598065,27.769435380587,71.7189580304,1.00,true,2.266,1.956,219.468,71.219,-5.638,10,22,17,132.423,141.091,146.536,170,152,0,0,65.0111,5.2476,-0.0415,0.1188
2180091752,2022-02-27T17:33:13.959749Z,50.512775861939,29.189192661317,86.5170899555,1.00,true,0.732,2.534,69.619,86.017,-8.040,26,22,23,86.625,88.442,91.866,496,517,0,0,0.1607,0.1850,-0.0605,0.0920
2180183387,2022-07-21T09:44:55.765242Z,45.947031481850,23.441839597279,18.1038906389,1.00,true,2.081,32.222,746.903,17.604,-116.235,43,24,22,663.772,673.451,680.706,1023,909,0,0,0.3524,0.3142,1.0241,0.1452
2180451037,2022-07-21T09:47:52.037018Z,51.017526757121,36.826623260658,95.4269460555,1.00,true,2.757,25.067,625.018,94.927,-88.963,6,24,24,536.090,543.867,553.309,140,128,0,0,-0.0699,0.3834,0.7044,1.8034
2182224127,2022-02-27T17:53:56.219445Z,47.828540118809,26.352794389049,155.5659038083,1.00,true,0.858,1.711,416.102,155.066,-57.781,40,22,0,394.241,402.869,409.532,760,0,0,0,0.1095,0.0886,0.0501,0.0473
2188260857,2022-03-13T08:08:29.561806Z,50.524683741449,29.414329913877,72.7758790859,1.00,true,1.016,2.466,24.550,72.276,-7.438,43,19,18,74.022,77.007,81.749,748,669,0,0,-0.0329,0.0943,0.0215,0.0478
2190788977,2022-02-27T18:40:08.846695Z,50.183586356866,28.986909869629,50.8214810744,1.00,true,0.862,3.008,81.276,50.321,-10.153,51,22,11,66.873,75.635,83.117,938,397,0,0,0.0229,0.0660,-0.0217,0.1049
2193269357,2022-03-13T08:58:41.443727Z,50.332917370660,29.537647131380,73.8252723636,1.00,true,1.902,1.944,34.368,73.325,-4.556,18,20,18,81.119,88.304,95.217,339,283,0,0,0.0194,0.1489,-0.0272,0.1198
2198612828,2022-04-16T17:04:03.449374Z,50.577922342491,29.142900626511,40.1016625585,1.00,true,1.358,0.522,31.127,39.602,-1.551,13,24,24,40.302,41.915,46.287,259,244,0,0,0.5365,0.3051,0.1829,0.1632
2200054562,2022-07-21T11:43:29.210582Z,52.968867266467,19.309487286338,9.3646720766,1.00,true,3.110,31.694,950.799,8.865,-114.789,40,23,23,709.556,721.806,733.036,882,886,0,0,-0.0096,0.1044,-0.2396,0.2730
2202570607,2022-03-13T09:51:38.511449Z,50.530030157593,29.273840582135,59.9419836599,1.00,true,0.937,2.278,22.740,59.442,-8.489,40,20,21,60.184,63.027,67.833,734,759,0,0,-0.2656,0.1622,0.0428,0.0941
2208287102,2022-02-27T20:15:06.951027Z,50.316619386628,29.465562107652,65.9720183260,1.00,true,0.555,3.001,59.353,65.472,-10.049,55,24,23,73.222,80.136,88.464,1106,1034,0,0,0.0444,0.0584,-0.0283,0.0391
2208518227,2022-02-27T20:17:38.36637Z,50.315194794296,29.338272737880,67.4980293782,1.00,true,1.431,3.315,62.479,66.998,-10.634,46,24,23,72.962,79.768,87.133,935,899,0,0,-0.4932,0.2733,0.0619,0.1887
2210620252,2022-02-27T20:38:50.368889Z,51.041811969454,28.580156988165,31.0580848204,1.00,true,1.583,0.745,44.977,30.558,-0.631,14,23,23,53.613,65.436,76.471,268,267,0,0,-0.1743,0.1424,0.0025,0.0742
2218016352,2022-02-27T21:12:43.094781Z,50.497983325340,29.424967311454,100.9415362228,1.00,true,1.706,1.328,76.968,100.442,-3.905,13,24,18,102.239,104.671,108.861,270,152,0,0,0.3183,0.2454,0.0181,0.1265
2218575877,2022-02-27T21:17:56.350903Z,50.382337483909,29.284705305625,62.2184078483,1.00,true,0.413,2.845,49.696,61.718,-9.649,51,23,16,65.193,71.160,77.868,958,668,0,0,0.0528,0.0555,-0.0009,0.0522
2221883027,2022-02-27T21:51:09.454407Z,50.384597106017,29.077546068729,100.4493384209,1.00,true,1.120,1.705,101.919,99.949,-3.546,22,23,17,102.495,105.788,109.383,455,260,0,0,0.2708,0.2774,-0.0396,0.1538
2223081908,2022-05-02T09:42:16.80218Z,50.874256941929,28.907509028087,19.5788353909,1.00,true,0.512,1.175,19.319,19.079,-2.198,58,19,18,24.294,34.974,45.928,861,769,0,0,-0.0070,0.0727,0.0213,0.0344
2228299613,2022-09-10T12:13:26.720689Z,50.881247404389,28.935713568703,22.5029275973,1.00,true,0.723,1.140,20.849,22.003,-3.279,58,13,11,26.405,38.348,47.001,638,497,0,0,0.1778,0.1404,-0.0096,0.0623
2228565282,2022-03-13T12:11:31.054699Z,50.651903995610,28.976899025751,90.6071622992,1.00,true,1.424,3.094,61.539,90.107,-10.945,42,16,18,90.856,91.756,93.223,603,645,0,0,-0.3360,0.1763,0.0618,0.0917
2229423352,2022-02-27T22:26:50.380142Z,50.424588942455,29.438953741976,95.6577686083,1.00,true,1.174,1.554,78.187,95.158,-2.620,16,22,15,98.058,101.503,106.918,312,159,0,0,0.4948,0.3378,0.0082,0.1392
2233976821,2022-10-26T09:09:23.124811Z,50.921405336943,39.467429823583,45.6290070377,1.00,true,2.297,36.755,809.092,45.129,-120.875,75,24,24,715.252,723.273,732.989,1791,1737,0,0,-0.1409,0.2056,2.2861,0.9145
2234238715,2022-04-29T09:09:25.940871Z,50.538818731748,29.262378994196,73.5409951958,1.00,true,1.131,2.166,41.962,73.041,-6.059,45,13,12,73.665,75.184,78.936,511,419,0,0,0.1419,0.1837,-0.0169,0.0624
2234337190,2022-04-29T09:10:21.627101Z,50.533339099634,29.276540329379,57.7557284104,1.00,true,1.029,2.576,32.177,57.256,-9.373,42,23,22,58.010,60.782,65.808,798,746,0,0,0.0563,0.0791,-0.0184,0.0316
2234808315,2022-04-29T09:14:57.458053Z,50.436779062945,29.198387607940,93.7021040891,1.00,true,1.698,1.654,83.942,93.202,-4.542,44,24,20,94.543,97.635,101.516,910,591,0,0,0.2053,0.1579,-0.0026,0.0735
2238773127,2022-02-27T23:19:56.68369Z,49.075579270252,27.327209789166,17.4646922583,1.00,true,3.144,4.312,405.212,16.965,-7.316,9,20,15,212.655,221.801,228.598,162,115,0,0,-0.1595,0.2598,-0.0973,0.1224
2240513452,2022-02-27T23:37:44.241773Z,51.145945028120,29.011875003228,49.2742274627,1.00,true,1.614,0.680,30.804,48.774,0.242,2,22,18,64.092,71.858,83.404,42,33,0,0,-0.0523,0.4625,0.0136,0.3093
2245357190,2022-04-29T10:20:46.232163Z,50.478207646585,29.117215283484,84.1249263426,1.00,true,0.959,1.639,77.507,83.625,-3.768,28,21,13,84.727,87.275,90.498,510,261,0,0,0.4116,0.2741,0.0177,0.1569
2251641557,2022-03-13T14:42:07.702256Z,50.559884348404,28.959610660575,72.8057226333,1.00,true,1.127,2.668,55.281,72.306,-10.298,44,16,19,74.427,75.623,77.310,644,721,0,0,-0.1672,0.2062,0.0424,0.1039
2252563407,2022-03-13T14:51:29.230851Z,50.515011006941,28.857261074288,69.4701307120,1.00,true,1.597,2.733,60.819,68.970,-10.769,46,18,19,73.330,74.847,77.627,730,762,0,0,0.0667,0.1478,-0.0098,0.0853
2261840882,2022-03-13T15:44:07.646569Z,50.319566888728,29.288784839779,65.2900937267,1.00,true,0.819,2.978,60.275,64.790,-9.353,46,21,20,70.370,77.883,84.368,930,838,0,0,0.3428,0.2391,-0.0017,0.1169
2262523769,2022-03-26T03:59:52.055636Z,50.450468226482,28.986119737937,68.3265376715,1.00,true,0.727,2.859,55.805,67.827,-9.944,53,21,21,70.903,74.124,77.352,1055,988,0,0,-0.0116,0.0628,-0.0042,0.0391
2262623957,2022-03-13T15:51:50.41819Z,50.391086204942,28.679525424042,62.6736344298,1.00,true,1.108,2.974,82.254,62.174,-10.582,44,16,16,74.875,77.621,82.196,655,616,0,0,0.0365,0.0661,0.0013,0.0455
2262654944,2022-03-26T04:01:22.634256Z,50.392215355312,29.418623153124,70.3239932566,1.00,true,0.508,2.956,51.609,69.824,-10.366,55,21,21,74.027,79.828,86.313,1086,1041,0,0,0.0508,0.0529,-0.0021,0.0300
2262740544,2022-03-26T04:02:10.052429Z,50.402782988741,29.111013209395,73.7720675057,1.00,true,1.424,2.598,50.172,73.272,-8.948,47,21,19,75.848,80.545,84.687,892,786,0,0,-0.2521,0.2141,0.0494,0.1066
2263420283,2022-05-02T13:45:54.454501Z,50.936462817757,28.859648135363,16.6599956273,1.00,true,0.829,1.285,22.638,16.160,-3.545,41,23,13,27.509,39.575,49.413,811,454,0,0,-0.2502,0.1625,-0.0176,0.0828
2266119947,2022-12-15T10:18:19.217714Z,50.234065745538,28.585367338615,5.4603341580,1.00,true,0.677,2.913,89.482,4.960,-8.782,50,23,18,54.178,64.292,71.053,892,792,0,0,-0.0568,0.0567,-0.0052,0.0508
2266472016,2022-06-18T10:17:21.878816Z,50.288560218849,28.656756638342,79.7762757414,1.00,true,1.418,2.213,123.682,79.276,-4.121,48,21,21,91.957,97.350,101.391,883,697,0,0,0.0022,0.1380,-0.0032,0.0892
2268951836,2022-02-10T08:23:09.007599Z,50.893644493265,28.779391636441,62.7959006927,1.00,true,0.872,1.480,24.398,62.296,-3.992,35,24,24,66.694,72.609,79.180,776,778,0,0,-0.0028,0.0682,0.0081,0.0721
2269858582,2022-03-13T16:23:41.95152Z,46.821710328440,26.435680656758,96.2501921364,1.00,true,2.717,1.341,632.300,95.750,-53.048,11,20,0,468.210,479.580,486.364,204,0,0,0,-0.0368,0.4102,0.1866,0.2916
2270051232,2022-03-13T16:26:29.174057Z,50.750197361450,31.174858892922,83.1278315692,1.00,true,2.182,1.147,67.048,82.628,2.174,2,15,20,156.964,163.290,172.650,29,38,0,0,0.0307,0.4799,0.6948,0.2652
2275704397,2022-12-15T11:13:40.462628Z,50.191573690437,24.644045479810,92.4635053449,1.00,true,2.503,14.739,472.413,91.964,-32.537,17,23,24,325.834,334.847,342.496,388,387,0,0,0.1253,0.2332,0.3493,0.2066
2276358721,2022-10-26T13:34:59.358627Z,50.900987039522,28.896190817191,78.0136713961,1.00,true,0.914,2.118,30.441,77.514,-6.641,35,24,23,79.869,84.112,89.720,791,726,0,0,0.2578,0.2175,0.0247,0.0632
2278459619,2022-03-26T05:59:28.607925Z,50.406777610780,28.994248543230,53.0164013236,1.00,true,0.808,2.676,49.004,52.516,-9.392,41,20,10,57.306,63.028,67.061,773,364,0,0,-0.2345,0.2832,0.0267,0.1283
2278855991,2022-06-18T11:41:09.02618Z,52.143487062822,30.869848131684,27.6948083889,1.00,true,1.603,24.541,101.342,27.195,-0.974,2,20,15,196.173,203.439,212.872,37,27,0,0,0.1726,0.4831,-6.8877,1.2415
2280374632,2022-03-13T17:29:41.8509Z,50.260375680316,28.692001252342,57.9592188751,1.00,true,1.199,2.717,79.262,57.459,-9.149,50,21,21,75.490,81.495,86.083,954,906,0,0,0.0902,0.1624,0.0028,0.1637
2280563257,2022-03-13T17:31:32.174234Z,50.490352032243,29.361343110539,71.9229311730,1.00,true,1.408,2.326,27.862,71.423,-7.826,50,16,17,73.432,77.177,81.701,734,756,0,0,0.1343,0.2062,-0.0238,0.0993
2281881732,2022-03-13T17:44:54.268904Z,51.018806539739,28.981720345088,36.0178245124,1.00,true,0.893,1.340,11.464,35.518,-3.731,7,18,18,45.138,51.908,65.077,120,117,0,0,-0.1976,0.2415,-0.0124,0.2392
2282251632,2022-03-13T17:48:18.524572Z,50.216310381934,29.621013275316,59.0917778363,1.00,true,0.812,2.996,69.991,58.592,-9.475,46,20,17,75.671,86.026,94.853,866,697,0,0,0.0950,0.1796,0.1802,0.0671
2282451757,2022-03-13T17:50:16.740751Z,50.500182758066,30.498100696631,14.3493346939,1.00,true,0.908,3.759,63.869,13.849,-11.259,45,19,16,87.754,97.643,109.219,789,627,0,0,0.0657,0.1132,-0.0770,0.0529
2282646857,2022-03-13T17:52:12.431034Z,50.489140463937,30.374694649417,3.0840644583,1.00,true,0.758,3.158,56.559,2.584,-10.569,45,20,20,78.320,87.882,100.360,827,803,0,0,0.0712,0.0561,0.0837,0.0422
2283233307,2022-03-13T17:57:58.491885Z,50.571617547450,30.523898824919,6.3675331528,1.00,true,0.520,3.789,62.606,5.868,-10.508,66,20,20,87.801,97.230,108.538,1243,1164,0,0,-0.0422,0.0405,0.0584,0.0449
2284979675,2022-09-23T06:27:11.067422Z,44.150350754543,29.456064546712,138.1653749412,1.00,true,2.535,37.527,880.761,137.665,-120.933,40,24,23,717.645,732.006,742.412,955,894,0,0,-70.5532,1.6689,-5.0958,1.5031
2287432707,2022-03-13T17:59:58.793518Z,50.340410739383,29.612459481288,71.1283726905,1.00,true,1.348,2.950,58.485,70.628,-10.206,59,19,19,80.159,87.374,94.814,1077,969,0,0,0.0084,0.0653,0.0107,0.0420
2298095061,2022-02-10T11:14:56.589334Z,51.105307433693,28.566153492584,48.7024442074,1.00,true,1.211,0.528,40.301,48.202,0.589,8,24,20,69.296,80.197,90.223,152,126,0,0,0.2075,0.2520,-0.0353,0.1006
2301071036,2022-02-10T11:44:03.842429Z,48.883218274893,25.603907385989,77.2676166883,1.00,true,3.425,13.408,445.263,76.768,-29.158,12,22,24,321.584,330.810,337.658,241,277,0,0,0.3860,0.2905,1.9965,0.9867
2305737269,2022-03-26T08:32:11.825055Z,51.135354155899,28.376222952368,38.4321370921,1.00,true,1.097,1.505,73.402,37.932,-3.175,23,17,18,72.260,83.803,95.072,349,370,0,0,0.2899,0.2924,0.0985,0.1553
2308261986,2022-02-10T12:15:53.969323Z,51.472042049028,33.407034625735,68.9278687504,1.00,true,2.677,12.282,218.066,68.428,-29.031,18,24,23,309.628,316.613,324.169,407,402,0,0,-0.2120,0.4700,-3.3365,0.5935
2312943532,2022-03-13T20:55:15.605911Z,50.159429974495,28.414820835940,59.8051433720,1.00,true,1.505,2.175,145.252,59.305,-4.394,54,20,13,92.522,98.197,103.666,995,541,0,0,0.1733,0.2397,0.0466,0.2153
2314817925,2022-09-23T09:25:52.865713Z,45.855854551541,34.587817155890,2.0540822696,1.00,true,2.670,32.123,838.451,1.554,-117.134,43,23,24,656.568,668.961,683.252,981,987,0,0,-0.1909,0.3837,1.2743,0.3609
2314914422,2022-12-15T15:04:25.768143Z,45.324386183412,33.293856116386,11.8761829019,1.00,true,3.116,31.802,841.005,11.376,-117.232,40,24,22,655.398,669.216,682.864,955,857,0,0,-0.2500,0.5000,1.4358,0.4315
2318845611,2022-02-10T13:20:07.023981Z,44.466081200280,27.700937988101,7.9334104645,1.00,true,2.675,33.786,838.278,7.433,-119.976,40,24,24,685.517,698.803,708.407,955,931,0,0,-0.3000,0.3500,-0.5295,0.2825
2319279132,2022-03-13T21:18:46.193231Z,50.285093041455,28.915507619512,35.8374218249,1.00,true,1.456,2.664,66.272,35.337,-9.807,46,17,14,50.678,59.457,65.814,748,604,0,0,-0.0253,0.0540,-0.0085,0.0173
2320230082,2022-03-13T21:27:57.406673Z,50.522274414628,29.225428006763,56.6410184277,1.00,true,0.325,2.542,33.388,56.141,-8.593,43,21,21,56.748,60.004,64.541,841,826,0,0,0.3897,0.2358,0.0428,0.1004
2321858382,2022-03-13T21:44:25.434045Z,50.413249225044,28.992244918348,54.1443932403,1.00,true,0.883,2.746,53.146,53.644,-9.566,41,14,14,60.626,64.183,67.532,554,546,0,0,0.1329,0.1308,0.0092,0.0658
2326167650,2022-09-23T10:39:05.162087Z,48.682083491778,37.820267984002,6.5823656439,1.00,true,2.490,31.705,792.862,6.082,-114.838,43,23,20,650.282,660.151,672.823,982,832,0,0,0.0801,0.3532,1.5830,0.5115
2326290800,2022-09-23T10:42:22.331291Z,50.861096871665,28.455943291515,42.0705731403,1.00,true,0.861,0.695,14.151,41.571,-0.669,4,24,24,58.714,67.746,76.754,95,92,0,0,0.0988,0.1720,0.1095,0.4189
2328943282,2022-03-13T22:15:17.337153Z,49.096095728096,28.391785877010,50.1947402267,1.00,true,2.293,2.057,348.264,49.695,-1.663,12,20,14,178.454,191.732,198.290,222,146,0,0,0.0297,0.2346,-0.2476,0.1201
2333078144,2022-03-26T11:05:46.38205Z,50.093759380048,28.845029505327,13.8471454019,1.00,true,0.811,3.056,96.911,13.347,-9.618,50,13,15,58.457,71.016,78.326,579,652,0,0,0.0041,0.1807,-0.0333,0.0721
2335658494,2022-03-26T11:31:30.383805Z,50.367151613429,28.615706296353,149.1771473701,1.00,true,2.780,1.741,175.220,148.677,-6.616,11,16,17,156.067,157.677,160.007,149,150,0,0,0.1754,0.4074,-0.3163,0.2507
2342199634,2022-12-28T06:28:06.912461Z,50.882134559186,28.893585365106,20.0317229867,1.00,true,0.690,1.200,18.858,19.532,-3.088,50,22,20,25.441,36.309,47.250,920,790,0,0,0.0361,0.0788,-0.0262,0.0295
2353521594,2022-03-26T13:09:49.853889Z,50.562032950366,29.045540999938,77.0453887665,1.00,true,0.766,2.666,53.714,76.545,-10.146,57,14,12,77.951,79.089,80.606,738,635,0,0,-0.0373,0.0708,0.0177,0.0319
2353628069,2022-03-26T13:10:59.435716Z,50.469680037781,29.389287664965,78.2941117570,1.00,true,1.302,2.408,33.949,77.794,-6.564,47,14,16,79.868,83.761,88.725,573,625,0,0,-0.2052,0.1558,-0.0367,0.1088
2356153669,2022-03-26T13:36:29.302945Z,49.254030365373,28.440506551735,6.3904563670,1.00,true,2.454,2.648,250.451,5.890,-2.697,11,18,19,154.267,167.565,174.757,188,195,0,0,-0.1129,0.2773,-0.0918,0.2708
2366598154,2022-08-20T06:53:12.074291Z,50.902724183074,28.857054225744,16.2428002309,1.00,true,0.445,1.238,20.392,15.743,-2.926,50,20,17,25.073,37.878,48.871,841,698,0,0,-0.0361,0.0719,-0.0076,0.0290
2366737569,2022-03-26T14:42:06.170188Z,50.159147122758,29.441294303037,58.6378886511,1.00,true,1.373,2.976,81.044,58.138,-9.830,57,19,18,74.810,85.277,94.327,1033,910,0,0,0.3882,0.2183,-0.2017,0.1217
2367942919,2022-03-26T14:54:15.883745Z,49.200287503095,28.450130426505,7.4199486003,1.00,true,2.402,2.032,249.343,6.920,-5.116,15,21,21,159.668,173.124,180.341,282,277,0,0,0.0980,0.1431,0.3374,0.5103
2371009784,2022-12-28T09:16:20.030502Z,50.550527898453,29.091733320675,13.9531605018,1.00,true,0.655,0.476,5.504,13.453,0.031,15,6,23,15.732,20.618,28.921,52,275,0,0,0.1643,0.2050,-0.0153,0.0860
2383894398,2022-02-23T08:19:59.325435Z,47.220824169676,33.351174359928,463.4085729320,1.00,true,2.100,31.031,660.507,462.909,-117.675,40,24,24,653.667,662.001,671.936,955,931,0,0,0.4027,0.2699,3.3155,0.6043
2391395579,2022-08-20T09:01:10.522761Z,50.839743789630,28.865604057647,19.4317614782,1.00,true,0.517,1.172,14.419,18.932,-2.477,46,21,20,24.084,34.637,44.443,668,642,0,0,0.0548,0.0541,0.0135,0.0251
2404093248,2022-02-23T10:21:56.29701Z,52.603518243951,39.341922702132,54.4754116861,1.00,true,2.263,38.374,779.640,53.975,-119.703,40,24,24,726.758,734.115,741.762,955,931,0,0,0.2250,0.2048,-1.7227,0.4835
2407479298,2022-02-23T10:55:41.573641Z,44.516415594297,26.139554977271,43.4669893217,1.00,true,2.104,36.248,842.676,42.967,-120.426,40,24,24,708.091,719.860,728.321,955,931,0,0,0.4027,0.2723,-5.6665,1.4296
2413988098,2022-02-23T11:22:47.881129Z,50.955548586634,28.782781471643,58.5188778476,1.00,true,0.870,1.322,21.614,58.019,-3.119,21,24,23,64.384,71.621,79.398,490,472,0,0,0.0160,0.0763,0.0061,0.0457
2414448573,2022-02-23T11:27:07.42045Z,50.920795043089,28.758575693038,63.1042087895,1.00,true,1.341,1.503,22.033,62.604,-4.580,32,24,24,68.038,74.529,81.447,717,718,0,0,0.2679,0.2251,-0.0080,0.0998
2421861673,2022-02-23T11:59:27.770224Z,57.368370940791,31.447349935128,44.8372680623,1.00,true,3.039,34.701,820.682,44.337,-117.230,40,23,22,748.192,757.547,770.640,881,844,0,0,-0.1343,0.7656,1.3807,0.8439
2427732953,2022-03-09T02:53:41.525839Z,50.529193169538,29.227212068253,12.3143167496,1.00,true,0.829,0.649,6.240,11.814,-0.474,9,21,20,12.647,22.733,32.804,124,145,0,0,-0.1841,0.2554,-0.0124,0.1061
2427995903,2022-03-09T02:55:59.89607Z,50.833865043822,28.636262116041,48.2989357282,1.00,true,0.879,1.654,52.845,47.799,-5.104,12,21,21,55.849,63.374,70.619,236,237,0,0,-0.0951,0.1424,-0.0130,0.1522
2428048553,2022-03-09T02:56:53.469722Z,50.904128997401,28.701832147441,45.1354522421,1.00,true,1.286,1.355,44.666,44.635,-4.530,9,20,17,52.950,60.153,69.377,177,146,0,0,-0.1700,0.0959,-0.0035,0.0605
2431662832,2022-05-28T07:24:02.214635Z,44.164094546251,28.170229287655,40.4424107000,1.00,true,2.620,36.373,871.943,39.942,-121.785,40,24,24,713.279,727.000,736.922,955,931,0,0,28.2151,2.3635,-3.0175,0.9784
2433449978,2022-03-09T03:10:48.88176Z,50.344377100108,29.223623920036,63.0182246987,1.00,true,0.805,2.887,57.141,62.518,-10.118,55,21,21,67.039,74.339,80.121,1039,967,0,0,0.0893,0.0747,-0.0071,0.0554
2433715728,2022-03-09T03:13:13.303264Z,50.222530863261,27.921741075029,8.0025333153,1.00,true,1.204,4.319,145.375,7.503,-11.697,51,21,17,95.333,101.219,107.934,923,737,0,0,-0.0678,0.0490,-0.0053,0.0371
2433997503,2022-03-09T03:15:56.731098Z,50.126612381239,28.302120782274,15.5633346460,1.00,true,1.431,3.656,118.880,15.063,-10.269,49,21,19,80.937,88.044,94.397,951,787,0,0,-0.3731,0.1482,-0.0270,0.1132
2434547278,2022-03-09T03:21:47.476732Z,50.469759015361,29.132850260862,79.4693908552,1.00,true,1.474,2.562,47.689,78.969,-9.523,46,19,18,80.129,83.281,86.627,807,703,0,0,-0.0182,0.0890,0.0219,0.0490
2434725603,2022-03-09T03:23:25.841319Z,50.500662930070,29.253771780772,70.1494653330,1.00,true,1.175,2.593,30.218,69.649,-9.159,42,16,16,70.885,74.344,77.920,652,610,0,0,-0.3521,0.2004,0.0743,0.1271
2435412428,2022-03-09T03:30:13.675245Z,50.461469882276,29.290714921580,73.9629778689,1.00,true,0.394,2.307,33.868,73.463,-7.325,48,20,21,74.864,78.706,83.590,863,863,0,0,0.0788,0.0944,0.0280,0.0554
2436440078,2022-03-09T03:40:36.440432Z,50.225878960445,29.520417252151,127.2497249850,1.00,true,0.697,3.140,83.219,126.750,-11.560,6,19,12,135.176,140.116,144.872,114,52,0,0,-0.1207,0.1262,-0.4081,0.3430
2439545775,2022-06-01T09:49:27.98668Z,50.918709943048,28.891700865162,16.2394674381,1.00,true,0.740,1.363,22.688,15.739,-3.013,50,18,14,24.988,35.444,46.499,725,580,0,0,0.0002,0.0679,-0.0195,0.0232
2443686574,2022-04-12T12:04:53.704787Z,48.497511632036,27.629964516911,12.4235769535,1.00,true,2.720,3.349,341.769,11.924,-17.295,12,24,0,255.064,266.172,273.919,246,0,0,0,-0.0291,0.1414,1.6439,0.3112
2445502483,2022-07-17T06:50:02.248295Z,50.872219453073,28.881909265233,18.8602751146,1.00,true,0.708,1.237,17.675,18.360,-2.752,58,14,17,24.389,34.949,46.305,712,778,0,0,0.1049,0.1252,-0.0133,0.0779
2445916300,2022-06-01T10:12:53.780615Z,50.015442177217,27.053195642904,3.3728018149,1.00,true,3.241,3.068,288.349,2.873,-8.219,15,20,23,157.248,165.195,172.896,245,273,0,0,-52.9634,8.4772,-0.4148,0.5846
2454957823,2022-02-23T15:32:17.747093Z,50.927002020220,28.838263878376,13.6934442172,1.00,true,0.578,1.332,23.016,13.193,-3.253,71,23,17,25.909,39.373,50.961,1432,993,0,0,-0.0423,0.0638,-0.0149,0.0336
2456502904,2022-08-20T15:52:16.794151Z,50.906095881566,28.901663996426,19.7383676793,1.00,true,0.601,1.152,21.559,19.238,-3.206,50,14,12,26.336,37.111,46.439,619,481,0,0,0.0334,0.0544,-0.0046,0.0188
2468679324,2022-04-12T14:53:07.165807Z,52.872861364490,38.949257522640,100.2568767048,1.00,true,2.906,31.031,565.306,99.757,-115.834,40,22,24,711.059,718.689,726.259,843,921,0,0,-0.0080,0.1061,-0.9484,0.1552
2473411807,2022-05-28T11:43:50.173281Z,50.879516520756,28.869412992200,18.4076888220,1.00,true,0.704,1.230,19.319,17.908,-2.827,50,23,15,24.825,36.756,47.185,996,619,0,0,-0.0253,0.1034,-0.0057,0.0390
2475015675,2022-06-01T13:03:53.933199Z,51.039763708641,29.146347552814,74.7463910724,1.00,true,1.073,2.072,39.643,74.246,-7.067,35,24,24,80.546,84.698,92.338,765,754,0,0,-0.0838,0.1011,-0.0013,0.0552
2475743378,2022-03-09T07:33:42.204371Z,50.284178913615,29.206722892681,60.5721070375,1.00,true,0.473,3.016,67.797,60.072,-9.796,48,16,15,67.372,75.816,82.284,690,640,0,0,-0.0717,0.1205,-0.0600,0.0530
2475814103,2022-03-09T07:34:12.654402Z,50.024345332360,29.285596822844,4.4780651462,1.00,true,0.955,3.342,92.282,3.978,-10.346,54,6,7,58.961,78.286,83.380,300,339,0,0,-0.1463,0.1831,-0.0409,0.0730
2475884684,2022-09-06T07:39:15.861742Z,49.359397540373,25.279756829636,5.4428950147,1.00,true,2.767,10.260,442.085,4.943,-31.138,18,24,24,304.001,312.113,319.761,407,418,0,0,87.1768,34.1848,-2.6788,0.2908
2476437328,2022-03-09T07:40:35.452919Z,50.239910976920,27.846234314210,0.9609720225,1.00,true,0.794,4.086,154.540,0.461,-10.547,55,14,6,98.359,103.246,111.332,712,314,0,0,0.1076,0.0767,-0.1158,0.1180
2484832078,2022-03-09T08:24:30.575586Z,50.613876933160,28.737752933059,62.5192526390,1.00,true,1.119,2.644,49.349,62.019,-10.424,31,19,15,66.492,70.125,73.368,560,423,0,0,-0.1096,0.3978,0.0590,0.2290
2489006013,2022-11-25T13:03:52.516019Z,50.600632830439,29.239107241819,51.3473958934,1.00,true,0.400,2.429,19.950,50.847,-8.484,51,24,24,51.355,52.654,56.630,1019,1056,0,0,0.0436,0.0774,-0.0038,0.0357
2489721686,2022-04-25T05:14:34.804612Z,49.341228077345,29.252297477917,12.2111195894,1.00,true,1.440,3.688,99.755,11.711,-12.195,5,23,23,134.956,150.432,160.600,107,83,0,0,-74.6338,1.5413,-0.7529,0.2722
2490612336,2022-04-25T05:23:32.183039Z,50.962996852130,28.860875270670,64.0349785429,1.00,true,1.069,1.921,18.321,63.535,-5.817,41,22,21,68.457,74.148,82.215,828,779,0,0,0.2914,0.2659,-0.0489,0.1629
2493296234,2022-09-06T09:12:01.706461Z,46.369759359666,35.520635682793,18.4913152632,1.00,true,2.330,31.908,835.027,17.991,-117.294,40,23,24,656.926,668.766,682.360,916,931,0,0,0.2000,0.3111,1.9126,0.6178
2494740303,2022-03-09T09:22:17.062414Z,48.002296477358,22.026200830120,169.3151035345,1.00,true,1.820,1.897,663.809,168.815,-91.938,31,19,0,605.358,610.657,617.965,532,0,0,0,0.3633,0.3020,-0.0812,0.1620
2499035713,2022-11-25T14:04:20.720299Z,50.237232804647,27.879507704172,9.0958230910,1.00,true,1.355,4.015,155.439,8.596,-10.280,42,19,18,96.923,102.074,108.344,664,600,0,0,-0.0051,0.0686,-0.0371,0.0406
2502614353,2022-03-09T10:02:14.028329Z,50.154710826878,28.679122597843,18.5636297967,1.00,true,1.074,2.808,93.208,18.064,-9.972,48,20,21,60.519,70.146,76.772,883,850,0,0,0.0200,0.0617,-0.0302,0.0929
2524495749,2022-04-12T20:13:17.562271Z,51.401346826507,29.190732805001,75.7794422570,1.00,true,1.991,1.951,172.488,75.279,-2.438,11,24,24,103.058,110.061,120.765,230,208,0,0,-0.3399,0.3878,0.0734,0.1785
2526825778,2022-03-09T12:44:24.967293Z,50.556303787742,28.799368401411,82.0698739308,1.00,true,1.334,2.806,68.856,81.570,-10.033,42,19,15,85.235,87.087,89.240,758,572,0,0,0.0983,0.1922,0.0012,0.1197
2529322236,2022-04-25T09:10:44.068916Z,50.329049773458,28.927555422204,85.9177728136,1.00,true,1.106,1.645,104.034,85.418,-3.931,43,16,11,91.435,95.098,99.435,618,342,0,0,0.1178,0.1549,-0.0033,0.0653
2531966237,2022-06-14T07:22:49.384975Z,50.958328997725,28.735999776932,63.0216999089,1.00,true,0.921,1.501,21.551,62.522,-3.615,20,24,24,69.521,76.768,84.148,474,471,0,0,0.1331,0.1492,-0.0080,0.0760
2534316674,2022-04-12T21:11:35.445614Z,50.059115960304,27.523809544382,6.7361535996,1.00,true,2.046,2.979,37.566,6.236,-5.554,11,16,11,125.365,133.414,141.469,161,99,0,0,-0.2485,0.2612,-0.3725,0.1828
2534517424,2022-04-12T21:13:38.863145Z,50.502987395350,27.709520697844,43.1152282610,1.00,true,1.134,1.201,57.849,42.615,-2.137,11,24,24,104.080,112.586,119.620,230,208,0,0,0.3039,0.3401,0.1698,0.3538
2537019928,2022-03-09T13:46:22.640324Z,51.385168733726,28.918250840475,45.2327547847,1.00,true,1.352,1.497,42.345,44.733,-4.360,16,17,20,81.669,90.793,104.849,230,281,0,0,40.1686,5.8434,-0.0815,0.2661
2539728987,2022-06-14T07:59:39.231743Z,51.533103157509,33.539204885705,10.0423939595,1.00,true,3.043,11.711,246.277,9.542,-37.768,21,23,24,314.146,321.304,329.043,476,386,0,0,-202.4569,52.6019,1.5216,0.4859
2542747815,2022-03-22T02:52:57.679131Z,50.176706029301,30.042372828326,156.8550364588,1.00,true,3.166,1.003,171.765,156.355,-1.321,5,20,20,172.442,178.007,183.931,96,91,0,0,0.4367,0.2304,-0.2024,0.3449
2544427303,2022-03-09T14:20:27.731789Z,50.476383679133,29.352363587468,56.3150594100,1.00,true,0.787,2.682,34.006,55.815,-9.268,43,16,14,57.858,63.666,68.919,657,563,0,0,0.0470,0.0657,0.0058,0.0260
2544608653,2022-03-09T14:22:09.237875Z,50.456553334741,29.165531755456,55.3862329143,1.00,true,0.592,2.804,42.546,54.886,-8.762,42,14,12,56.425,61.430,66.310,567,477,0,0,-0.0059,0.1013,-0.0226,0.0537
2544842828,2022-03-09T14:24:43.569395Z,50.320910840737,29.267583786385,51.2080700374,1.00,true,0.719,2.836,53.172,50.708,-9.431,47,17,12,57.357,66.510,73.615,766,512,0,0,0.1092,0.1348,-0.0267,0.0613
2544972212,2022-06-14T08:52:55.100883Z,50.030018052253,28.773211103378,161.6542636837,1.00,true,2.885,1.503,196.504,161.154,-3.899,9,23,24,174.110,178.543,182.226,180,188,0,0,19.8689,11.2041,-0.0994,0.3269
2550030915,2022-03-22T03:25:31.627721Z,50.387997759432,29.416427196122,67.3097072848,1.00,true,0.919,2.980,51.060,66.810,-10.372,55,20,19,71.255,77.740,84.072,1047,955,0,0,0.0057,0.0427,-0.0084,0.0224
2560109618,2022-12-11T10:08:47.951131Z,50.881871371624,28.965979712820,21.8416300306,1.00,true,0.748,1.142,21.944,21.342,-3.049,58,22,12,25.347,34.606,45.927,924,562,0,0,0.1001,0.0725,0.0127,0.0290
2560590115,2022-03-22T04:30:51.207076Z,50.506042163099,28.943561245508,75.0923952573,1.00,true,0.634,2.897,64.418,74.592,-9.793,50,21,21,77.454,79.278,81.316,917,920,0,0,-0.0938,0.1738,-0.0093,0.0580
2560694290,2022-03-22T04:31:55.480397Z,50.565948224324,28.949420613974,70.6265878156,1.00,true,0.569,2.802,54.234,70.127,-9.520,46,21,21,72.243,73.413,75.280,824,801,0,0,0.1222,0.1444,0.0786,0.0835
2560735115,2022-03-22T04:32:36.260741Z,50.322044810441,29.562541301431,69.6389613131,1.00,true,0.989,2.920,61.993,69.139,-9.739,66,21,21,78.265,85.806,93.342,1271,1196,0,0,0.1162,0.1037,-0.0807,0.0468
2561008590,2022-03-22T04:35:08.818786Z,50.368086737804,29.378422000818,69.9779432581,1.00,true,0.431,2.935,54.250,69.478,-10.181,51,21,21,73.857,79.869,86.570,1018,974,0,0,0.0516,0.0432,0.0207,0.0256
2561139365,2022-03-22T04:36:39.944071Z,50.246787637587,29.181077664892,60.6434778619,1.00,true,0.609,3.039,70.890,60.143,-10.056,61,19,20,69.365,78.143,84.904,1107,1136,0,0,0.1003,0.0483,0.0025,0.0329
2561404540,2022-03-22T04:39:04.774339Z,50.613633491277,30.482707530020,3.2027053296,1.00,true,0.578,3.398,59.585,2.703,-10.226,54,21,21,84.574,93.615,104.782,1049,996,0,0,-0.0060,0.0630,-0.0079,0.0363
2563454913,2022-08-03T08:22:58.593003Z,50.373228976010,30.879519443740,122.9562698785,1.00,true,3.000,1.140,42.819,122.456,-4.407,8,23,24,168.259,175.475,184.070,163,169,0,0,-0.2787,0.3723,-0.1988,0.1763
2564848453,2022-03-09T16:24:53.333966Z,50.472335421411,29.318023089116,88.8811409672,1.00,true,1.333,1.716,67.076,88.381,-3.666,43,16,13,89.657,92.681,96.224,637,435,0,0,0.5260,0.2033,-0.0049,0.1571
2565311903,2022-03-09T16:29:12.524423Z,50.557232071534,29.204651102061,51.0495754172,1.00,true,0.519,2.488,26.175,50.550,-8.476,50,21,19,51.055,53.499,57.669,920,868,0,0,-0.0363,0.0620,-0.0019,0.0218
2565322903,2022-03-09T16:29:23.535149Z,50.565658739356,29.203601199312,51.4712285570,1.00,true,0.458,2.435,25.393,50.971,-8.465,49,21,21,51.498,53.635,57.644,899,934,0,0,-0.0384,0.0498,-0.0077,0.0229
2565411678,2022-03-09T16:30:11.933527Z,50.578929307942,29.200533270754,50.3098100558,1.00,true,0.694,2.457,21.967,49.810,-9.066,44,18,20,50.316,52.127,55.977,706,807,0,0,0.3053,0.2367,0.0054,0.1170
2565537878,2022-03-09T16:31:37.917748Z,50.517565871973,29.259803687873,54.8508672730,1.00,true,0.652,2.520,30.338,54.351,-9.082,44,21,21,55.111,58.551,63.749,841,822,0,0,0.1208,0.1618,-0.0174,0.0824
2565592503,2022-03-09T16:31:43.838611Z,49.475669661777,28.529106863025,15.6800169969,1.00,true,0.777,5.946,84.052,15.180,-17.161,8,17,13,129.701,141.982,149.909,124,83,0,0,0.1310,0.2725,-0.1896,0.2638
2565631003,2022-03-09T16:32:31.115731Z,50.464035134941,29.132819636800,54.8459334709,1.00,true,0.663,2.560,44.019,54.346,-8.884,40,21,21,55.907,60.522,65.153,757,746,0,0,0.0027,0.1448,-0.0182,0.0670
2565955638,2022-08-03T08:47:56.106461Z,50.463042320025,31.585972755189,74.9054208407,1.00,true,3.376,1.944,34.213,74.405,-7.894,4,24,24,178.976,187.657,198.060,87,86,0,0,-0.3949,0.2511,1.4413,1.0886
2566511678,2022-03-09T16:41:10.527452Z,50.415676333565,28.361478767389,64.3268251189,1.00,true,1.487,3.188,109.411,63.827,-10.473,51,20,16,85.877,89.707,94.722,890,703,0,0,-0.0881,0.0690,0.0126,0.0330
2566803678,2022-03-09T16:43:52.364123Z,51.342263769142,31.234763370738,12.5411501665,1.00,true,1.726,6.976,228.688,12.041,-20.636,21,21,13,156.884,164.558,170.352,422,217,0,0,0.1641,0.1704,-0.1041,0.1639
2567299528,2022-03-09T16:49:03.959296Z,50.853445121720,28.715383168598,45.7194296485,1.00,true,0.850,1.396,43.614,45.219,-4.041,8,19,19,51.630,58.166,66.279,151,149,0,0,0.0393,0.1878,-0.0083,0.0568
2567548003,2022-03-09T16:51:48.111599Z,50.587304947526,29.281212650809,51.6822870221,1.00,true,0.662,2.422,19.750,51.182,-8.888,49,20,21,51.774,53.915,58.237,868,945,0,0,0.0116,0.1832,-0.0327,0.1011
2567823203,2022-03-09T16:54:23.354889Z,50.554944114935,29.197903780864,51.5761640720,1.00,true,0.495,2.432,26.151,51.076,-8.645,50,21,21,51.580,54.091,58.151,935,964,0,0,0.0654,0.2123,-0.0078,0.0951
2567935328,2022-03-09T16:55:34.235929Z,50.632617022093,28.946839144885,86.4891622802,1.00,true,0.895,2.976,61.931,85.989,-9.764,44,18,17,87.028,88.186,89.689,731,667,0,0,0.0947,0.1044,0.1253,0.0784
2568191928,2022-03-09T16:57:50.819719Z,50.621450139342,28.936779552436,88.9669300322,1.00,true,1.159,3.183,64.664,88.467,-10.180,56,21,19,89.643,90.910,92.246,1030,907,0,0,-0.0451,0.0770,-0.0014,0.0441
2569749862,2022-06-14T11:00:33.422922Z,50.967866965509,28.768734698738,61.7781767743,1.00,true,0.992,1.365,21.711,61.278,-3.577,20,24,24,68.039,75.235,82.930,474,471,0,0,0.0567,0.0505,0.0163,0.0555
2572317957,2022-02-06T09:07:08.975019Z,50.894315087828,28.943869901784,21.4015827804,1.00,true,0.796,1.212,22.335,20.902,-3.025,71,23,21,26.011,35.942,47.415,1408,1118,0,0,0.1177,0.1268,0.0134,0.0637
2572500603,2022-03-09T17:01:00.970326Z,50.628166875186,29.290456417464,50.7454803546,1.00,true,0.958,2.427,15.600,50.245,-9.030,49,21,21,50.768,52.120,56.112,908,945,0,0,-0.3047,0.1062,-0.0082,0.0543
2573333103,2022-03-09T17:09:30.833039Z,49.911420359231,28.422304447448,1.4004109276,1.00,true,0.776,4.639,116.341,0.900,-11.167,49,21,21,90.265,100.382,106.982,948,907,0,0,-0.1560,0.1218,0.3909,0.1330
2573650053,2022-03-09T17:12:50.589715Z,50.454866486378,29.256264618716,67.0747883310,1.00,true,0.845,2.482,28.778,66.575,-8.410,44,20,20,68.005,72.587,77.397,833,781,0,0,0.0219,0.1018,0.0573,0.0582
2573906978,2022-03-09T17:15:08.038724Z,50.435209719176,29.329242692465,70.0520525266,1.00,true,1.323,2.368,29.600,69.552,-7.961,41,12,12,71.746,75.991,81.044,454,446,0,0,0.0948,0.1743,-0.0573,0.1007
2574148528,2022-03-09T17:16:05.480132Z,53.707031770239,32.967893649279,26.3290669975,1.00,true,1.510,4.184,423.509,25.829,-112.520,46,0,19,418.160,425.137,434.713,0,791,0,0,-0.1254,0.0477,-0.0031,0.1751
2575916028,2022-03-09T17:35:24.704379Z,50.443899046541,28.449776285794,3.2687642317,1.00,true,1.267,0.516,3.676,2.769,-0.296,4,19,20,50.403,56.106,62.966,76,78,0,0,0.5148,0.3438,0.0442,0.1458
2576340728,2022-03-09T17:39:39.079869Z,50.436490534396,29.081791300648,77.4555710435,1.00,true,1.393,2.852,66.297,76.956,-10.920,57,17,16,78.949,82.923,86.130,890,825,0,0,-0.1188,0.0544,-0.0242,0.0331
2581266413,2022-08-03T10:00:52.424397Z,53.003775105455,30.745239307171,49.9283034946,1.00,true,1.679,9.564,327.313,49.428,-21.576,10,24,24,276.355,284.258,295.726,215,230,0,0,1.2055,0.4867,1.6068,1.0955
2583527878,2022-03-09T18:11:27.777416Z,50.337835649815,28.225587963690,66.3278762726,1.00,true,0.917,3.247,132.845,65.828,-9.223,40,16,6,96.238,100.218,104.631,553,196,0,0,0.2211,0.1496,0.1158,0.0971
2594843162,2022-06-14T13:49:34.744583Z,51.899644800091,38.820524171997,240.7348443460,1.00,true,3.143,30.977,508.496,240.235,-115.255,40,24,23,707.648,714.185,721.900,918,884,0,0,0.0420,0.0752,-1.2182,0.1523
2609296340,2022-03-22T09:18:05.675253Z,49.991258606234,30.669056287011,90.1101770814,1.00,true,2.200,1.342,151.991,89.610,-1.325,5,21,17,149.651,158.425,169.574,103,63,0,0,36.0336,0.0771,-0.0202,0.1779
2613193128,2022-03-09T21:08:00.645058Z,49.078048238664,28.562626499053,36.6158472476,1.00,true,3.122,1.854,337.739,36.116,-2.355,6,18,20,173.519,187.855,194.858,102,100,0,0,-0.0398,0.4876,0.1784,0.2654
2618010778,2022-03-09T21:56:12.957567Z,50.490062599972,29.383236308695,78.8401732875,1.00,true,1.124,2.093,34.991,78.340,-7.042,48,21,21,80.116,83.607,88.258,855,808,0,0,-0.0803,0.0937,-0.0094,0.0386
2619805465,2022-03-22T10:23:08.500922Z,50.520993387922,29.161811838301,91.2286831120,1.00,true,0.970,2.221,77.181,90.729,-7.499,15,21,19,91.337,93.269,95.855,296,274,0,0,0.1515,0.3202,-0.0008,0.1817
2620204951,2022-10-05T00:25:07.22618Z,50.310663421332,28.642891487789,49.7532067001,1.00,true,1.041,3.047,82.557,49.253,-8.774,43,20,21,66.809,73.737,78.318,733,730,0,0,-0.0454,0.1529,-0.0263,0.0921
2620412340,2022-03-22T10:29:13.020572Z,50.324303433157,29.244326554198,64.5544925355,1.00,true,0.683,2.938,63.047,64.054,-9.979,47,20,20,69.300,76.863,82.894,813,818,0,0,0.0154,0.1024,-0.0427,0.0533
2620530690,2022-03-22T10:30:32.21525Z,50.373169873155,29.153955165622,61.0796024938,1.00,true,1.179,2.867,57.827,60.580,-9.785,46,16,17,65.530,70.676,76.052,646,693,0,0,-0.0751,0.2051,-0.0040,0.1162
2620631015,2022-03-22T10:31:30.532672Z,50.507833494367,30.065534138839,50.3307677681,1.00,true,0.955,3.579,50.824,49.831,-11.467,48,11,12,75.453,85.157,93.337,492,521,0,0,-0.1175,0.1990,-0.5257,0.1039
2621007965,2022-03-22T10:34:41.445551Z,50.093582670623,26.507999887473,181.4315721384,1.00,true,0.793,0.879,149.772,180.932,-37.554,6,21,0,261.245,266.929,271.822,118,0,0,0,45.1187,0.4949,-0.0014,0.1230
2622500053,2022-03-09T22:01:04.40684Z,50.991608768532,28.915555897272,53.9752885144,1.00,true,0.745,1.567,15.345,53.475,-4.593,21,21,21,59.658,66.018,75.536,394,396,0,0,0.0736,0.1232,0.0246,0.0538
2622537028,2022-03-09T22:01:38.212595Z,50.644079466973,28.641259619602,44.9138968346,1.00,true,0.514,2.747,50.572,44.414,-7.787,26,21,16,52.614,58.301,63.814,505,360,0,0,0.2585,0.2038,-0.0201,0.1144
2622691228,2022-03-09T22:02:51.414259Z,50.592407750083,28.705548620393,49.3711592398,1.00,true,0.408,2.643,50.044,48.871,-8.586,40,21,17,55.732,60.330,64.038,786,606,0,0,0.1605,0.1107,0.0244,0.0711
2623441490,2022-03-22T10:59:42.784717Z,50.073954738166,29.434867568798,46.4419707304,1.00,true,1.482,3.025,89.033,45.942,-10.215,52,21,21,72.198,84.897,94.777,1002,948,0,0,0.4403,0.1636,-0.1071,0.1004
2623502828,2022-03-09T22:11:06.350866Z,50.859637865185,28.232892632629,28.1187285821,1.00,true,1.213,1.924,36.910,27.619,-5.649,26,18,19,62.670,73.490,83.548,442,458,0,0,-0.0245,0.1116,0.0045,0.0591
2624207953,2022-03-09T22:18:11.677177Z,50.986746533357,28.899350370086,56.5120979809,1.00,true,0.947,1.579,14.474,56.012,-5.323,21,21,21,61.927,68.055,77.330,394,396,0,0,-0.0354,0.1792,0.0399,0.1099
2625425828,2022-03-09T22:30:25.629769Z,50.355840489073,28.813270019920,57.2808376174,1.00,true,1.446,2.576,71.729,56.781,-10.370,59,21,5,67.129,72.073,76.087,1169,269,0,0,0.4284,0.1639,-0.0364,0.0825
2626006403,2022-03-09T22:36:12.583955Z,50.628702488626,29.483813477672,94.4556686628,1.00,true,1.701,1.300,67.216,93.956,-3.416,16,19,13,95.492,97.588,100.890,291,128,0,0,1.7677,1.1426,-0.0475,0.0812
2626391428,2022-03-09T22:39:56.151206Z,50.563843419851,29.280151844439,97.9246100322,1.00,true,1.155,1.400,78.956,97.425,-3.849,34,18,13,98.079,99.505,102.063,580,304,0,0,0.2151,0.3250,0.0083,0.0917
2626449578,2022-03-09T22:40:54.307801Z,50.138026968528,28.565752494449,70.6971214732,1.00,true,1.144,1.845,139.829,70.197,-3.692,45,20,17,95.454,101.813,106.603,840,568,0,0,0.1003,0.1456,-0.0070,0.0962
2626793403,2022-03-09T22:43:53.71121Z,50.195495176172,28.499247357243,29.4039761592,1.00,true,0.553,3.193,94.864,28.904,-8.289,44,19,20,70.048,76.988,83.279,808,795,0,0,-0.0883,0.0724,0.0290,0.0668
2627013178,2022-03-09T22:46:13.021225Z,50.421904424763,28.698589133207,63.9354220561,1.00,true,1.135,2.807,73.392,63.435,-8.979,43,21,20,74.556,77.334,81.073,852,771,0,0,-0.0408,0.1094,0.0328,0.0668
2627145903,2022-03-09T22:47:45.956565Z,50.532582612363,29.178543757513,74.4743614179,1.00,true,0.985,2.581,36.904,73.974,-9.043,43,18,16,74.719,76.706,79.778,748,618,0,0,-0.0560,0.1285,-0.0083,0.0759
2627616790,2022-03-22T11:01:19.072343Z,50.513759695937,29.243160116358,76.6217239398,1.00,true,1.226,2.603,37.251,76.122,-8.928,43,19,21,76.779,79.384,83.142,751,782,0,0,-0.2424,0.1526,0.0344,0.0498
2627629603,2022-03-09T22:52:29.662625Z,50.582781344116,29.141900308956,76.4234881348,1.00,true,1.194,2.623,41.141,75.923,-9.337,45,20,19,76.527,77.482,79.672,852,766,0,0,-0.1460,0.1706,0.0896,0.0757
2627830053,2022-03-09T22:54:29.941912Z,50.538886773672,29.193425122512,74.3417706513,1.00,true,1.057,2.807,35.771,73.842,-9.058,43,19,16,74.357,76.507,79.554,785,625,0,0,-0.0184,0.1442,0.0674,0.0929
2627831640,2022-03-22T11:03:32.958037Z,50.548674868715,29.011686194617,79.9002183966,1.00,true,0.971,2.913,55.918,79.400,-10.042,40,20,21,81.038,82.240,83.796,745,751,0,0,-0.2738,0.1705,0.0924,0.0666
2630737515,2022-03-22T11:32:39.117422Z,50.379620090605,28.771135437161,56.5910830826,1.00,true,0.460,2.897,70.156,56.091,-8.883,46,21,21,67.032,71.296,75.364,914,858,0,0,-0.2086,0.1948,-0.0490,0.0703
2631641490,2022-03-22T11:41:42.415425Z,50.463910271159,28.979387828474,68.6247774635,1.00,true,0.500,2.852,53.043,68.125,-9.585,48,21,21,71.077,73.934,76.961,958,912,0,0,-0.1936,0.1688,-0.0496,0.0762
2631789115,2022-03-22T11:42:55.070109Z,50.952169518987,28.936586199557,55.0029348651,1.00,true,1.554,1.787,12.923,54.503,-4.930,13,19,18,58.806,64.354,73.164,227,208,0,0,-16.7157,19.2801,-0.1221,0.1901
2640621840,2022-03-22T12:30:45.757106Z,51.727225447699,33.152575099261,87.8407870299,1.00,true,1.182,2.321,262.972,87.341,-47.243,41,16,0,308.310,313.957,319.396,594,0,0,0,0.0805,0.2216,-0.0103,0.1402
2641544190,2022-03-22T12:40:46.336143Z,50.349993610336,28.609971281407,38.5105813133,1.00,true,0.700,2.622,83.759,38.011,-8.664,54,10,10,61.145,64.996,71.281,492,483,0,0,-0.0939,0.1193,-0.0204,0.0443
2643035940,2022-03-22T12:55:37.865349Z,50.535012458814,28.981997689591,61.4252960021,1.00,true,1.158,3.032,45.873,60.925,-8.135,49,18,12,63.409,64.978,67.142,809,521,0,0,-0.6892,0.1934,0.0078,0.0943
2643146240,2022-03-22T12:56:48.06396Z,50.128751828755,28.721012313825,1.7836236756,1.00,true,0.816,3.145,96.114,1.284,-8.936,45,14,15,58.141,68.844,76.075,539,593,0,0,0.2118,0.4484,-0.3032,0.1883
2647523140,2022-03-22T13:00:24.209692Z,50.387420760148,28.799006454250,56.1415844555,1.00,true,0.845,2.761,72.538,55.642,-9.790,52,20,18,65.533,70.011,73.777,897,824,0,0,-0.2854,0.2022,-0.0087,0.0876
2648515290,2022-03-22T13:10:16.277256Z,50.372572680420,28.893684071104,59.0354928073,1.00,true,0.562,2.717,69.975,58.535,-9.723,51,11,15,65.978,70.901,74.920,513,679,0,0,-0.0387,0.0959,-0.0085,0.0322
2648900290,2022-03-22T13:14:01.794158Z,50.422479812313,28.925327251244,60.5616939966,1.00,true,0.641,2.799,64.571,60.062,-9.206,50,18,21,65.232,69.087,72.672,776,878,0,0,0.0072,0.0825,-0.0094,0.0494
2649632815,2022-03-22T13:21:34.819666Z,50.421934610484,28.785324884485,55.2055041948,1.00,true,0.786,2.788,70.283,54.706,-9.180,50,12,15,64.206,67.746,71.586,519,661,0,0,0.0004,0.0669,-0.0336,0.0247
2649990065,2022-03-22T13:24:51.188417Z,50.607112691429,29.136100639352,80.7285480536,1.00,true,1.006,2.800,43.325,80.229,-9.812,45,20,13,80.840,81.421,83.129,844,516,0,0,0.1401,0.2026,-0.0033,0.1074
2651711440,2022-03-22T13:42:12.683967Z,50.257881526592,28.513450511225,22.7358731252,1.00,true,0.674,2.922,95.949,22.236,-9.316,54,13,16,62.950,69.669,75.640,623,773,0,0,-0.0081,0.0935,-0.0211,0.0642
2652103515,2022-03-22T13:46:04.876896Z,50.252549345986,28.716336258296,38.2359857069,1.00,true,0.497,2.815,87.501,37.736,-9.123,52,13,18,63.142,68.595,74.101,612,825,0,0,0.0185,0.0789,-0.0043,0.0234
2663195815,2022-03-22T14:56:56.411476Z,50.244312634188,29.511562601994,64.3131500339,1.00,true,1.623,3.117,70.541,63.813,-10.589,52,14,14,75.858,84.265,93.238,693,681,0,0,-0.0431,0.0513,0.0441,0.0247
2670339040,2022-03-22T15:28:44.679078Z,50.467767508414,29.385499670985,83.8755660274,1.00,true,1.275,1.580,49.594,83.376,-5.321,24,20,20,85.328,88.990,93.687,441,396,0,0,0.0224,0.3861,0.0441,0.1742
2689129266,2022-05-11T15:01:57.150197Z,50.869695961421,28.027225191626,46.7157875180,1.00,true,1.222,3.922,107.123,46.216,-3.850,27,12,19,84.859,94.950,103.674,293,430,0,0,-0.0839,0.1662,0.0152,0.0986
2690745519,2022-02-19T09:40:38.310986Z,50.898340495978,28.961421681322,23.4441240188,1.00,true,0.495,1.230,25.251,22.944,-2.689,42,23,19,27.652,36.811,48.269,826,612,0,0,0.0345,0.1346,-0.0125,0.0564
2700446415,2022-03-22T18:29:46.850871Z,50.204174788773,29.505380807971,62.3211263350,1.00,true,0.492,3.040,74.795,61.821,-10.149,51,21,21,76.192,85.637,94.644,992,969,0,0,-0.0621,0.0773,-0.0285,0.0575
2700527665,2022-03-22T18:30:28.574214Z,50.231556074839,29.551571109367,64.4837463009,1.00,true,1.111,2.965,71.637,63.984,-10.426,64,21,21,77.488,86.585,95.276,1226,1172,0,0,0.1874,0.1172,-0.1112,0.0566
2700742365,2022-03-22T18:32:43.07465Z,50.556791795162,30.432067564694,1.1888984677,1.00,true,1.262,3.463,57.815,0.689,-10.925,53,17,16,81.271,90.910,102.373,856,773,0,0,-0.0587,0.1544,-0.0854,0.0951
2700897165,2022-03-22T18:33:57.797876Z,50.398954348868,29.344818907514,67.0872360794,1.00,true,0.671,2.945,50.128,66.587,-10.202,51,21,21,69.858,75.433,81.830,967,949,0,0,-0.1092,0.1942,-0.0363,0.0976
2701019590,2022-03-22T18:35:21.126927Z,50.358180459207,28.911526077857,54.6211436686,1.00,true,0.317,2.869,69.527,54.121,-8.873,51,21,21,62.162,67.813,72.206,885,926,0,0,0.0591,0.0694,0.0125,0.0326
2701226490,2022-03-22T18:37:33.191327Z,50.982842509789,28.264418622599,54.3323548907,1.00,true,2.272,1.449,91.154,53.832,-4.809,20,20,19,79.825,88.968,98.522,343,334,0,0,0.0915,0.1226,-0.0005,0.0621
2701324990,2022-03-22T18:38:32.224449Z,50.913455651462,28.105173153232,8.5205672057,1.00,true,1.271,1.853,90.047,8.021,-3.776,16,21,21,66.818,79.525,89.685,284,296,0,0,0.0046,0.2662,-0.1185,0.1677
2702498940,2022-03-22T18:50:00.715066Z,50.916645492147,29.841572072856,41.0109321080,1.00,true,0.869,2.624,28.496,40.511,-9.285,48,21,18,63.331,69.362,74.323,852,748,0,0,-0.0819,0.2071,-0.0468,0.1651
2702706615,2022-03-22T18:52:08.377076Z,50.435562004051,29.199768932478,82.0470099821,1.00,true,0.580,2.765,71.256,81.547,-8.623,41,19,16,83.709,87.130,90.951,724,581,0,0,0.1659,0.1330,0.0110,0.0743
2702800740,2022-03-22T18:53:02.866374Z,50.496165427238,28.911987416149,56.0384642140,1.00,true,0.914,2.717,54.023,55.538,-9.134,51,21,21,60.003,62.333,65.290,969,936,0,0,-0.0911,0.0826,-0.0065,0.0446
2721390870,2022-04-08T10:32:47.061747Z,50.454668124274,28.959309945594,17.9884375878,1.00,true,0.955,0.572,5.471,17.488,-0.938,14,23,20,26.142,34.094,40.419,235,229,0,0,0.2661,0.2174,0.0056,0.1152
2726043078,2022-05-24T07:20:12.653265Z,50.503156546647,29.212637383131,94.4151655546,1.00,true,1.975,1.914,79.999,93.915,-4.347,52,22,15,94.563,96.485,99.833,987,570,0,0,-0.1161,0.1597,-0.0054,0.0761
2732911451,2022-10-05T11:52:25.401461Z,50.321866987167,29.417865619198,33.7528127118,1.00,true,1.801,0.800,36.178,33.253,3.401,8,24,13,44.840,55.317,66.197,183,79,0,0,-0.4151,0.3748,0.0089,0.1569
2747861078,2022-05-24T09:38:30.733605Z,50.406509189947,29.236333743067,92.6705844470,1.00,true,1.668,2.157,79.570,92.171,-4.266,51,23,16,94.054,97.711,102.180,1021,584,0,0,0.0867,0.0842,0.0184,0.0306
2748350245,2022-04-08T13:02:03.894853Z,50.910100060428,28.845199911953,15.0711574657,1.00,true,0.551,1.145,21.921,14.571,-3.105,46,16,9,25.257,38.833,47.471,558,354,0,0,0.1553,0.1963,0.0126,0.0837
2750893790,2022-03-22T23:33:55.282091Z,49.943395159683,29.342743663847,34.8944714832,1.00,true,0.897,2.997,105.540,34.394,-8.718,40,20,17,76.480,91.488,101.011,760,608,0,0,0.5629,0.4026,0.1943,0.1828
2750902174,2022-03-05T05:35:39.55304Z,50.330592230525,29.277115554789,92.1824187162,1.00,true,1.389,1.615,79.414,91.682,-4.447,38,22,13,95.468,100.714,105.791,749,392,0,0,-0.0149,0.2048,0.0351,0.1044
2752602649,2022-03-05T05:48:46.384794Z,61.061677336672,42.722478616610,254.1922358459,1.00,true,0.711,1.632,1466.194,253.692,-237.615,9,19,0,1413.404,1419.692,1429.452,140,0,0,0,0.1144,0.1610,-0.0108,0.1251
2770176074,2022-03-05T07:28:02.698473Z,50.213272891696,28.846793741837,183.6967093526,1.00,true,2.762,3.926,137.276,183.197,-15.302,2,22,18,189.041,192.030,194.280,43,35,0,0,0.3704,0.4697,0.4344,0.3061
2781484449,2022-03-05T08:41:19.176879Z,50.256974642752,29.450678419892,73.3658006839,1.00,true,1.387,2.280,85.625,72.866,-6.823,27,15,15,85.401,91.079,97.498,367,351,0,0,-0.1725,0.1535,-0.0094,0.1170
2786725688,2022-10-18T05:39:24.286873Z,50.626740379603,29.736596921319,108.5310083782,1.00,true,1.329,4.385,86.718,108.031,-14.713,9,24,14,113.049,116.010,120.496,201,108,0,0,-0.0833,0.1723,-0.3279,0.2130
2788586674,2022-03-05T09:12:22.716083Z,49.572362234354,27.238482101129,10.7308154272,1.00,true,2.089,2.141,321.317,10.231,-5.284,11,23,20,174.195,183.579,191.001,217,212,0,0,12.9461,9.3840,-0.3738,0.1264
2795150828,2022-05-24T14:11:25.399378Z,51.082305910908,28.552460382781,48.0900525417,1.00,true,1.200,0.801,44.101,47.590,1.399,9,24,22,68.035,78.876,88.670,173,149,0,0,0.4189,0.1966,-0.0051,0.0673
2796558303,2022-05-24T14:23:36.571167Z,50.525474664900,38.653932434673,292.0447926608,1.00,true,3.329,31.126,461.410,291.545,-115.429,40,24,24,709.104,716.644,725.865,918,921,0,0,0.0100,0.2978,5.5161,0.9272
2806697082,2022-04-21T07:34:27.804872Z,48.802486349585,28.384769464779,3.4343565574,1.00,true,1.405,8.622,151.183,2.934,-29.195,42,24,14,203.113,215.412,224.465,953,369,0,0,58.0617,3.2849,0.3257,0.5516
2806875757,2022-04-21T07:36:31.226375Z,50.902085547428,28.967632518415,23.2712583176,1.00,true,0.520,1.160,24.815,22.771,-2.774,49,22,18,27.627,36.862,48.367,781,631,0,0,0.0786,0.0415,0.0116,0.0261
2814698313,2022-10-18T08:18:48.525505Z,50.128782729739,29.551892798887,226.9965703381,1.00,true,2.133,6.075,92.161,226.497,-22.474,4,23,23,232.889,236.337,240.391,88,81,0,0,-0.0882,0.3531,-0.1030,1.2224
2814821641,2022-07-26T02:42:53.44416Z,50.864968387005,28.614594345712,29.1041459148,1.00,true,0.555,1.945,19.219,28.604,-4.556,43,13,7,42.411,51.084,61.872,509,288,0,0,0.2244,0.2191,-0.5392,0.2171
2816876036,2022-03-18T00:42:41.117651Z,51.038874056376,37.544009479007,158.5179047817,1.00,true,1.354,1.625,557.324,158.018,-98.882,46,18,0,595.958,603.528,612.714,790,0,0,0,0.0276,0.2536,0.4933,0.1821
2817006962,2022-08-29T10:56:58.214751Z,50.459684269391,29.413479356826,9.8833209413,1.00,true,0.801,0.469,3.524,9.383,-0.785,19,23,23,21.645,31.757,44.969,326,329,0,0,0.2413,0.2524,-0.0308,0.1253
2821763180,2022-09-02T12:48:17.720218Z,49.343054454631,23.841510598516,15.0438791854,1.00,true,1.867,11.262,528.134,14.544,-41.280,24,24,3,398.727,406.626,413.782,567,64,0,0,-0.1924,0.2645,0.4419,0.3953
2822277562,2022-08-29T11:07:30.209822Z,45.115304339465,32.904725567785,88.8687635110,1.00,true,2.231,32.151,849.242,88.369,-118.790,40,24,24,665.628,679.606,692.778,955,931,0,0,0.2500,0.2237,1.7163,0.4767
2824799132,2022-04-21T09:15:41.57626Z,49.636179792815,27.182600473700,4.1950032864,1.00,true,2.175,1.800,250.564,3.695,-16.424,49,21,0,172.379,180.851,189.114,892,0,0,0,-6.5683,0.9485,0.8942,0.1590
2834026638,2022-10-18T10:10:39.09166Z,44.088305846922,26.682823226782,47.3270293900,1.00,true,2.864,41.184,884.794,46.827,-120.908,40,24,24,741.932,754.213,763.082,955,931,0,0,-0.5571,0.2375,-1.8591,0.5332
2834477607,2022-04-21T10:12:25.577112Z,50.277533305872,27.778407740751,3.6623850859,1.00,true,0.840,4.414,161.423,3.162,-10.423,43,12,20,98.191,105.950,113.646,443,686,0,0,-0.0075,0.1193,0.0635,0.0413
2837497957,2022-04-21T10:42:50.83831Z,50.484233881199,29.628567889657,73.9805562839,1.00,true,1.525,2.131,24.264,73.481,-6.162,46,20,15,79.159,83.620,90.602,761,547,0,0,-0.0998,0.1071,-0.0321,0.1147
2845679711,2022-03-18T03:32:13.763455Z,50.334067693573,28.722731702067,52.2452569304,1.00,true,0.409,2.929,76.559,51.745,-9.237,48,21,21,66.776,71.891,76.485,946,893,0,0,-0.2052,0.1297,-0.0417,0.0706
2845713111,2022-03-18T03:32:48.237706Z,50.527884280463,28.617604573780,40.7099942904,1.00,true,0.832,2.629,61.745,40.210,-8.762,40,21,21,53.747,58.072,62.892,781,722,0,0,-0.2493,0.2872,0.0260,0.1278
2845756082,2022-04-21T11:25:08.676267Z,50.191991016507,28.727117504936,60.3764933738,1.00,true,1.495,2.417,89.726,59.876,-6.324,52,19,13,79.726,86.080,91.752,805,545,0,0,0.0397,0.1370,-0.0352,0.0962
2846653689,2022-12-07T09:24:23.977272Z,50.927529353717,28.884804374399,16.5226862933,1.00,true,1.151,1.221,23.508,16.023,-4.023,44,23,19,26.000,38.364,50.286,821,668,0,0,-0.0363,0.0579,-0.0028,0.0383
2851798374,2022-03-05T15:44:35.734723Z,50.430430848721,29.575911920599,75.5592532798,1.00,true,1.554,1.744,35.744,75.059,-4.265,31,19,20,80.901,86.183,92.602,539,534,0,0,-0.0007,0.3253,-0.0502,0.1024
2866080332,2022-04-21T13:26:41.036987Z,54.377290004020,33.036153160260,600.5587378675,1.00,true,1.894,1.507,458.206,600.059,-117.963,54,23,0,755.358,759.818,765.563,1081,0,0,0,0.0462,0.0671,0.0171,0.0433
2867567749,2022-03-05T17:02:05.781403Z,50.927913866598,28.645314241171,39.4899759932,1.00,true,0.862,1.312,44.264,38.990,-3.219,8,23,22,51.106,60.529,69.614,171,153,0,0,-0.2728,0.1905,0.0065,0.0836
2869133064,2022-12-07T11:47:07.312669Z,49.872914998785,39.316656753626,78.3855297849,1.00,true,2.801,37.699,832.950,77.886,-119.687,40,24,24,717.470,726.505,737.327,955,931,0,0,-0.0118,0.3153,-1.3864,0.4011
2870574403,2022-02-02T09:28:50.10172Z,38.860000506962,-21.312171403700,726.4899905553,1.00,true,1.113,1.580,4071.287,725.990,-670.898,23,24,0,3929.472,3939.424,3947.708,527,0,0,0,-0.0212,0.0533,0.0235,0.0439
2872227903,2022-02-02T09:56:03.469826Z,49.856656133326,27.595332868980,382.7261271577,1.00,true,2.965,13.143,312.917,382.226,-49.530,2,24,20,404.165,407.248,409.676,48,40,0,0,62.0305,16.4166,-1.8595,9.5076
2872482036,2022-03-18T06:00:21.284938Z,50.379694693515,29.230161831431,101.5297537221,1.00,true,1.758,1.401,86.761,101.030,-4.715,13,18,9,103.283,107.602,111.343,225,94,0,0,-0.0289,0.1299,0.0147,0.0511
2873281574,2022-03-05T17:59:13.193849Z,50.359692226463,29.181968528112,79.6445781091,1.00,true,0.552,2.931,73.867,79.145,-9.806,43,17,9,82.409,87.456,92.521,620,289,0,0,0.3585,0.2296,-0.0182,0.0863
2873896761,2022-03-18T06:14:29.799844Z,50.315449340292,29.332919764261,65.8779742334,1.00,true,0.404,2.981,59.634,65.378,-10.200,61,21,21,71.408,78.862,85.781,1219,1194,0,0,0.1521,0.0476,0.0061,0.0323
2874732239,2022-12-07T12:03:05.395126Z,44.018473820023,23.293861269622,3.4541773330,1.00,true,2.442,60.055,951.386,2.954,-120.605,40,24,22,851.412,861.205,868.374,955,851,0,0,0.2250,0.3000,-2.1348,0.5867
2880569574,2022-03-05T18:32:02.513669Z,50.690000741183,28.814474879094,65.6521235025,1.00,true,0.577,2.531,47.938,65.152,-8.486,27,20,20,67.183,70.110,73.933,490,479,0,0,0.1272,0.0752,-0.0290,0.0810
2886577828,2022-02-02T10:59:55.962407Z,50.638795172097,29.206437229669,51.7579497173,1.00,true,0.944,2.431,18.204,51.258,-9.038,53,24,24,51.799,52.402,55.175,1045,1086,0,0,0.5709,0.1583,-0.0015,0.0782
2887393611,2022-03-18T07:49:35.188691Z,51.017912548158,28.747116244388,48.2282961163,1.00,true,1.222,0.980,19.087,47.728,-1.811,13,19,20,58.872,66.859,77.654,240,248,0,0,-0.0786,0.0595,0.0046,0.1376
2887810792,2022-09-15T07:58:05.432292Z,50.882943616543,28.830762906536,22.0300176597,1.00,true,0.954,1.237,20.487,21.530,-3.568,41,24,17,29.057,40.025,50.349,879,559,0,0,-0.1924,0.1449,0.0190,0.0596
2889451439,2022-12-07T13:50:28.371855Z,52.391764054034,39.104422793771,167.0693065535,1.00,true,3.764,31.174,548.541,166.569,-117.628,40,24,22,717.618,724.508,731.970,918,848,0,0,-0.1316,0.1834,0.1558,0.3285
2891219303,2022-02-02T11:46:24.209366Z,49.603320563470,26.310935587781,26.4496382046,1.00,true,2.603,6.980,326.616,25.950,-21.791,4,24,23,227.006,235.613,242.947,91,83,0,0,-0.0143,0.5002,0.6713,0.7432
2892757386,2022-03-18T08:03:01.29506Z,51.204195391482,28.402506523743,1.0807886578,1.00,true,1.839,0.795,16.243,0.581,0.295,2,16,15,65.314,77.690,90.086,32,28,0,0,0.5649,0.6350,0.1336,0.2853
2892962486,2022-03-18T08:05:06.264412Z,51.208222286672,28.655181025019,31.7522076001,1.00,true,1.802,0.583,22.423,31.252,0.264,8,15,11,63.492,72.942,88.343,111,79,0,0,0.0523,0.1519,-0.0230,0.0608
2898291786,2022-03-18T08:58:26.734138Z,50.296369999669,29.448809269668,69.5506971247,1.00,true,1.023,2.917,71.794,69.051,-8.266,49,21,16,76.973,84.422,92.051,963,699,0,0,-0.0035,0.1438,0.1696,0.1051
2902663461,2022-03-18T09:01:56.868198Z,50.107885627554,28.523222438893,33.4382998584,1.00,true,0.639,3.292,121.159,32.938,-10.132,52,21,21,76.521,84.839,90.874,978,966,0,0,-0.0979,0.2036,0.0725,0.1690
2907261342,2022-09-15T09:52:47.635037Z,50.563344983169,30.453108583693,8.3533331507,1.00,true,1.121,3.822,62.419,7.853,-11.365,44,17,19,83.057,93.988,103.947,690,722,0,0,-0.0183,0.2266,0.3020,0.1527
2908717525,2022-10-31T06:08:22.728307Z,50.255642311928,28.495696846266,24.1302839349,1.00,true,0.646,2.843,92.865,23.630,-9.272,48,24,19,61.230,70.084,77.062,1003,770,0,0,0.0732,0.1190,0.0427,0.0567
2909891150,2022-10-31T06:19:56.081908Z,50.189495000272,28.414472283965,0.4139695804,1.00,true,0.668,3.052,101.786,-0.086,-9.918,48,24,17,65.678,75.266,82.632,1003,699,0,0,-0.2574,0.3639,0.1780,0.1049
2909998900,2022-10-31T06:21:04.071115Z,50.217265561710,28.389522746315,5.0354172021,1.00,true,0.965,3.009,102.195,4.535,-9.929,45,24,23,64.948,74.498,81.806,951,870,0,0,-0.0551,0.1018,-0.0809,0.0513
2910784366,2022-07-26T12:00:24.714966Z,43.573333947372,27.004887174543,40.3947366244,1.00,true,3.492,43.252,816.426,39.895,-116.285,40,19,20,791.953,803.479,813.941,740,773,0,0,0.0572,0.2250,-1.0994,0.1805
2913196036,2022-03-18T10:07:30.038283Z,50.227209657476,29.131338955995,49.3636211788,1.00,true,1.072,2.998,72.818,48.864,-9.962,49,14,17,63.536,71.967,78.593,624,729,0,0,0.0333,0.0604,0.0209,0.0352
2913890086,2022-03-18T10:14:22.100849Z,49.999304808127,28.606715843702,2.9602764842,1.00,true,1.307,3.207,118.691,2.460,-11.899,47,17,21,74.628,85.396,92.516,729,852,0,0,-0.0671,0.1572,-0.0888,0.0793
2915041612,2022-05-07T08:11:36.114112Z,50.554745580662,28.672642167652,90.9118259474,1.00,true,0.710,3.139,92.411,90.412,-9.886,43,24,24,95.109,98.210,100.745,853,795,0,0,0.0522,0.1109,-0.0070,0.0529
2917191336,2022-03-18T10:47:25.23327Z,50.248103181799,29.089372819995,58.6889372234,1.00,true,0.953,3.174,78.516,58.189,-9.767,45,13,18,68.059,76.528,82.914,539,691,0,0,-0.0462,0.1104,-0.0302,0.0751
2918082586,2022-03-18T10:56:17.515782Z,50.438168463382,29.171440252098,74.1661361463,1.00,true,0.838,2.546,41.742,73.666,-8.484,49,21,21,75.238,79.435,83.554,946,908,0,0,-0.1318,0.1655,-0.0305,0.0844
2918158311,2022-03-18T10:56:54.448901Z,50.726031005206,29.012398310247,77.7534773927,1.00,true,1.306,2.205,48.540,77.253,-7.551,16,21,19,77.755,78.686,81.254,311,273,0,0,-0.0161,0.3703,-0.0479,0.2154
2918207936,2022-03-18T10:57:41.695118Z,50.466253793093,29.052887203227,72.3858733603,1.00,true,1.076,2.881,60.923,71.886,-10.305,47,21,21,73.759,76.843,80.101,847,849,0,0,-0.1446,0.0571,-0.0025,0.0336
2918302811,2022-03-18T10:58:37.143059Z,50.515957759196,29.222424069337,59.2952523263,1.00,true,0.378,2.505,35.150,58.795,-8.857,42,19,17,59.433,62.740,67.137,752,659,0,0,0.2164,0.1513,-0.0180,0.0767
2920276278,2022-02-02T14:35:04.353553Z,47.144117146455,21.516035006394,74.0946646046,1.00,true,2.424,32.229,709.548,73.595,-118.646,40,24,23,672.833,681.579,688.969,955,894,0,0,0.0500,0.4000,1.6842,0.5017
2922473736,2022-03-18T11:00:08.685599Z,50.317107069747,29.024149113844,36.5624563332,1.00,true,0.883,2.595,56.565,36.062,-8.314,45,21,21,46.580,56.061,62.703,857,828,0,0,0.1139,0.3026,0.0481,0.1308
2923714886,2022-03-18T11:12:48.020689Z,50.405016657062,29.529573781778,68.0784235688,1.00,true,0.778,2.976,47.836,67.578,-9.979,48,21,15,73.608,79.782,86.570,949,659,0,0,0.0809,0.0545,0.0252,0.0374
2924612711,2022-03-18T11:21:44.359168Z,50.548431971008,30.419694904629,13.1655651920,1.00,true,0.569,3.840,62.689,12.666,-11.641,46,17,20,81.474,91.070,102.468,759,830,0,0,0.1220,0.0491,-0.0555,0.0486
2924779736,2022-03-18T11:23:13.172707Z,50.347849170845,29.387023392630,67.1040134570,1.00,true,0.438,2.991,56.250,66.604,-9.827,50,21,21,71.915,78.511,85.662,1000,956,0,0,-0.0176,0.0528,-0.0047,0.0276
2925496587,2022-05-07T09:15:25.752822Z,50.503301310475,28.400328996095,306.2960308084,1.00,true,2.318,10.428,203.011,305.796,-35.247,24,22,23,309.889,311.326,312.540,526,437,0,0,0.2097,0.4154,0.7350,0.2603
2932662473,2022-03-31T00:50:57.025383Z,50.484565662496,30.403293695244,9.1182212164,1.00,true,1.063,3.038,63.842,8.618,-10.975,54,16,18,80.820,90.260,102.753,802,843,0,0,0.1355,0.1485,-0.0342,0.1689
2932864161,2022-03-18T12:03:58.468454Z,50.326972614397,29.216817171299,54.4082567167,1.00,true,0.879,2.839,61.220,53.908,-9.532,45,11,12,59.788,68.254,74.752,453,489,0,0,-0.1168,0.1160,-0.0365,0.0530
2937803487,2022-05-07T10:39:03.907686Z,50.356178098467,29.152695724105,97.8402559878,1.00,true,1.479,1.647,97.404,97.340,-4.092,39,20,16,100.233,104.105,108.549,704,414,0,0,-0.0516,0.2470,-0.0293,0.0852
2949561198,2022-03-31T02:19:56.775677Z,50.186599008625,29.472120680447,63.4890970673,1.00,true,1.243,3.068,78.450,62.989,-10.224,54,18,14,77.528,86.937,95.951,906,684,0,0,0.2596,0.1075,-0.0871,0.0479
2953305161,2022-03-18T14:08:41.65158Z,50.483057722960,29.398431768896,77.1118433626,1.00,true,1.078,2.149,32.222,76.612,-7.348,56,21,21,78.664,82.432,87.305,988,938,0,0,-0.0012,0.0609,-0.0115,0.0502
2955268786,2022-03-18T14:27:48.972274Z,51.145421122040,30.234021981166,156.2341561701,1.00,true,1.919,6.895,169.981,155.734,-24.028,41,21,18,177.306,181.002,183.775,825,416,0,0,-0.0258,0.0895,0.1283,0.0851
2962097948,2022-03-31T03:45:34.093669Z,50.108976459965,29.520635048391,49.4526489295,1.00,true,0.631,3.320,85.777,48.953,-8.906,65,16,4,73.071,87.045,95.137,998,236,0,0,-0.0785,0.0554,-0.0164,0.0267
2968340918,2022-11-04T13:47:00.116373Z,49.361740908562,20.286159366997,206.0302536150,1.00,true,2.764,31.104,611.497,205.530,-119.884,40,24,24,663.238,671.975,679.163,955,931,0,0,-0.4750,0.3668,3.1648,0.6345
2980772098,2022-03-31T05:32:08.067847Z,50.441500879095,28.841839249449,58.1503444892,1.00,true,0.485,2.812,64.675,57.650,-8.932,56,21,22,64.647,67.841,71.330,987,1014,0,0,0.1563,0.1157,0.0155,0.0599
2983478336,2022-03-18T17:10:20.122033Z,50.361310211092,29.836975906582,70.3804002675,1.00,true,1.319,0.883,36.371,69.880,-1.878,7,19,15,85.155,92.769,100.889,122,81,0,0,0.0112,0.2050,-0.0212,0.1126
2984201561,2022-03-18T17:17:40.219752Z,50.422765382810,29.343029459130,89.8455990140,1.00,true,1.592,1.657,66.309,89.346,-4.780,31,18,15,91.469,95.365,100.210,529,371,0,0,0.0308,0.1453,-0.0004,0.0546
2986387536,2022-03-18T17:39:26.759365Z,50.512758200101,29.352470323524,91.3610513791,1.00,true,1.673,1.577,65.743,90.861,-4.241,42,17,13,92.045,94.693,98.319,678,412,0,0,0.0505,0.1673,0.0138,0.0780
2989641199,2022-05-20T04:06:22.154861Z,51.391987134854,31.807437211075,32.5538250883,1.00,true,1.916,9.426,276.183,32.054,-25.845,40,24,17,197.474,205.227,212.776,917,428,0,0,-0.0551,0.0604,-0.0521,0.0421
2992094965,2022-02-15T10:04:14.897227Z,50.621090071058,29.227789525434,49.9780629154,1.00,true,0.378,2.449,17.705,49.478,-8.103,47,24,23,50.007,50.878,54.441,938,938,0,0,0.3034,0.1807,0.0165,0.1007
2992112129,2022-09-28T06:49:36.444774Z,47.815238282309,28.542878806930,89.4107371995,1.00,true,2.737,13.624,308.962,88.911,-35.555,25,24,23,318.586,331.466,340.858,591,453,0,0,-0.0448,0.1174,0.0370,0.1493
2993701099,2022-05-20T04:46:43.122721Z,51.686468576269,31.401228658452,24.1516672737,1.00,true,1.223,7.434,271.762,23.652,-23.877,39,24,9,186.821,194.212,203.290,894,241,0,0,-0.2697,0.0893,0.0667,0.0885
2993745524,2022-05-20T04:47:29.318607Z,50.873724788432,29.642963917655,175.3057046200,1.00,true,1.616,6.863,120.663,174.806,-22.681,39,24,10,178.455,180.128,182.163,896,245,0,0,-0.3709,0.2249,-0.5764,0.2706
2997958986,2022-03-18T18:55:01.82554Z,50.294682192371,29.459651857610,73.2563443525,1.00,true,2.116,1.108,61.012,72.756,-1.174,8,20,15,80.566,88.292,95.207,146,90,0,0,0.1663,0.2525,-0.0134,0.1279
2998572773,2022-03-31T07:10:07.88791Z,50.347271560117,29.401829596685,73.8963369567,1.00,true,0.703,2.990,64.219,73.396,-10.112,42,22,22,78.483,84.599,91.379,794,760,0,0,-0.0690,0.0816,-0.0096,0.0668
3001371023,2022-03-31T07:38:06.141047Z,50.271774872193,29.166261162487,56.8453186397,1.00,true,0.628,2.852,69.913,56.345,-9.859,53,18,20,64.746,73.464,80.178,753,844,0,0,-0.0114,0.0777,-0.0001,0.0559
3001400923,2022-03-31T07:38:35.890637Z,50.199809122572,28.374006519080,3.4229377175,1.00,true,1.181,3.182,107.329,2.923,-11.109,52,19,20,70.704,77.459,83.878,861,895,0,0,-16.9809,3.4662,-0.1596,0.1175
3002304515,2022-02-15T11:06:29.678485Z,50.936892454562,28.912793630546,20.3561115807,1.00,true,0.489,1.205,25.773,19.856,-3.322,46,22,20,28.525,38.941,51.693,910,690,0,0,0.0296,0.0538,-0.0082,0.0224
3002460511,2022-03-18T18:59:55.304032Z,50.518793667541,29.165707810460,55.9928201303,1.00,true,0.504,2.535,36.257,55.493,-8.696,41,21,21,56.170,59.370,63.435,806,792,0,0,-0.0406,0.0573,-0.0138,0.0255
3002558811,2022-03-18T19:00:52.946472Z,50.356577265360,28.899541157679,57.9306389963,1.00,true,0.400,2.786,63.566,57.431,-9.054,50,21,19,65.416,70.778,75.013,989,855,0,0,-0.0719,0.0554,-0.0146,0.0417
3002605636,2022-03-18T19:01:40.205745Z,50.475630640445,29.225344955383,58.2220829928,1.00,true,0.288,2.614,40.194,57.722,-8.794,42,21,21,58.830,63.350,68.294,830,803,0,0,-0.1860,0.1075,-0.0073,0.0484
3002806386,2022-03-18T19:03:40.342923Z,50.270338089538,29.016612304499,51.1625867694,1.00,true,0.690,2.897,73.751,50.663,-9.657,43,21,21,61.297,69.913,75.907,716,735,0,0,-0.0076,0.1823,0.0007,0.1094
3002951549,2022-05-20T05:39:49.182366Z,50.663312033967,29.174860279744,53.1016036971,1.00,true,0.755,2.420,18.895,52.602,-8.818,50,24,24,53.130,53.725,55.349,1012,1026,0,0,-0.0003,0.0414,0.0001,0.0207
3003004024,2022-05-20T05:40:01.584937Z,50.666989447891,29.180773462522,53.3206587741,1.00,true,0.375,2.459,17.553,52.821,-8.415,49,24,23,53.344,53.928,55.540,991,985,0,0,-0.1128,0.2113,-0.0006,0.0938
3003016149,2022-05-20T05:40:13.715719Z,50.643265817036,29.176217611789,54.1753862146,1.00,true,0.601,2.488,20.011,53.675,-8.284,49,20,21,54.196,54.796,56.929,827,877,0,0,-0.1710,0.0703,0.0000,0.0303
3004384122,2022-10-01T09:17:24.881639Z,50.923056863116,28.904839463807,16.1826827864,1.00,true,0.789,1.174,22.831,15.683,-3.118,43,24,22,24.890,36.821,49.144,886,705,0,0,-0.2279,0.1720,-0.0073,0.1114
3005488695,2022-06-23T13:55:15.040865Z,55.565965202178,22.096528521732,4.3034510375,1.00,true,3.210,31.461,917.968,3.803,-114.959,40,24,24,704.745,719.020,731.570,918,921,0,0,-0.2243,0.2614,-3.7842,0.8933
3005524965,2022-02-15T11:38:18.441574Z,48.498617389637,26.356812476993,9.3583018930,1.00,true,2.849,11.044,384.871,8.858,-35.558,25,24,24,305.341,315.064,322.285,591,472,0,0,-0.0452,0.1169,0.3376,0.4367
3005596361,2022-03-18T19:31:30.869714Z,50.011046884119,28.900051121327,41.3071854419,1.00,true,1.040,3.068,121.763,40.807,-9.130,41,21,21,75.818,87.780,94.881,797,750,0,0,-0.0485,0.1099,-0.0145,0.0776
3005702286,2022-03-18T19:32:36.135975Z,50.285374168246,28.522726848055,41.6315469750,1.00,true,0.857,3.098,93.395,41.132,-9.864,47,21,21,70.109,75.496,80.924,937,891,0,0,0.1584,0.1832,0.0276,0.1456
3006261286,2022-03-18T19:37:55.827162Z,50.456806904405,29.135672984823,71.5123023291,1.00,true,1.080,2.682,42.139,71.012,-9.173,43,20,21,72.423,76.216,80.038,824,806,0,0,-0.1880,0.1944,0.0145,0.0981
3006686436,2022-03-18T19:42:21.370486Z,50.496566561391,29.165934800689,55.5158654628,1.00,true,0.536,2.570,39.719,55.016,-8.630,40,21,21,55.904,59.781,64.169,757,746,0,0,0.1216,0.1417,0.0038,0.0785
3007122877,2022-02-28T00:03:52.825562Z,51.049418149611,28.408902985378,36.1814216511,1.00,true,1.612,1.087,60.963,35.681,-0.174,12,22,19,64.682,76.297,86.456,230,190,0,0,0.1154,0.2609,0.0539,0.1394
3007525390,2022-02-15T11:58:21.390741Z,47.937135954098,27.291027961628,117.1447356773,1.00,true,2.905,17.019,374.619,116.645,-32.609,18,23,23,339.935,350.378,357.675,391,402,0,0,0.1866,0.1781,0.1072,1.5019
3007689652,2022-02-28T00:09:19.807621Z,50.985720625105,28.587141145045,28.0025252795,1.00,true,0.990,0.740,41.113,27.503,-0.192,14,24,24,48.342,59.997,70.638,271,282,0,0,-0.1826,0.2099,0.0077,0.1106
3007986402,2022-02-28T00:12:17.077072Z,51.305538225753,28.771407948375,5.2108755806,1.00,true,1.640,0.451,7.297,4.711,0.077,3,23,23,61.996,74.596,89.367,60,55,0,0,-0.5087,0.2627,0.0085,0.1306
3011785315,2022-02-15T11:59:14.270486Z,49.715982947711,20.269209842343,232.8565297349,1.00,true,2.854,31.079,592.877,232.357,-119.730,40,24,23,662.338,671.284,678.789,955,893,0,0,-0.3250,0.4601,3.2571,0.5724
3012444670,2022-03-01T02:00:18.516864Z,49.047947400711,24.816401107495,88.4946366303,1.00,true,1.174,3.037,394.899,87.995,-60.483,44,23,0,359.207,367.197,374.622,866,0,0,0,-4.5114,0.9269,-0.1568,0.1869
3012636120,2022-03-01T02:03:00.844175Z,50.274459495223,29.022474714270,54.3400748415,1.00,true,1.497,3.071,70.348,53.840,-10.156,49,18,18,63.664,71.119,77.739,758,646,0,0,-0.0522,0.1387,0.0067,0.0983
3014187911,2022-03-18T20:17:21.030047Z,50.323304919306,29.215765827996,63.7474054536,1.00,true,0.801,2.948,59.068,63.247,-9.970,51,16,12,70.062,76.237,82.013,772,525,0,0,0.0794,0.0652,-0.0234,0.0897
3015212811,2022-03-18T20:27:46.360265Z,50.361874330201,29.331521739033,64.9595329208,1.00,true,1.082,2.941,54.114,64.460,-10.640,59,21,20,68.821,75.405,82.078,1121,1027,0,0,-0.0909,0.0671,0.0166,0.0345
3015776086,2022-03-18T20:33:13.065218Z,50.802026696029,30.354538306450,6.5863812806,1.00,true,1.041,3.664,43.468,6.086,-6.935,44,20,10,78.391,86.202,95.051,828,407,0,0,-0.2229,0.3440,-1.0687,0.1712
3015966411,2022-03-18T20:34:56.340414Z,50.370184109411,29.357051085977,85.9094339217,1.00,true,0.885,2.923,51.107,85.409,-13.660,53,21,4,88.843,93.830,99.408,1018,183,0,0,0.0522,0.0266,-0.0140,0.0451
3016194986,2022-03-18T20:37:28.817324Z,50.461778133984,29.218461826925,66.2816052828,1.00,true,0.663,2.904,44.731,65.782,-9.183,54,20,21,67.015,71.378,75.882,991,954,0,0,-0.0870,0.0720,-0.0032,0.0598
3016500836,2022-03-18T20:40:34.146967Z,50.350109901476,29.207001448907,64.5906727027,1.00,true,0.512,2.884,57.128,64.091,-9.853,54,21,20,68.297,75.208,80.813,1018,916,0,0,0.0516,0.0758,0.0001,0.0417
3017284786,2022-03-18T20:48:17.517602Z,50.311518948620,29.752087776454,76.8737665586,1.00,true,1.258,2.740,64.021,76.374,-10.482,44,20,19,89.974,96.956,105.060,844,727,0,0,-0.0054,0.1909,0.0901,0.1025
3022500886,2022-03-18T21:00:35.37595Z,50.067984483439,29.362078753537,45.4930643478,1.00,true,1.076,3.018,95.900,44.993,-8.624,53,20,19,71.096,84.460,93.495,1010,900,0,0,-0.0353,0.0645,0.0471,0.0448
3022590536,2022-03-18T21:01:23.334699Z,49.935889386680,29.233762284902,30.4324915703,1.00,true,0.858,3.379,107.342,29.932,-10.665,65,11,15,74.711,89.143,99.014,695,909,0,0,0.0545,0.0417,0.0225,0.0293
3024567461,2022-03-18T21:20:59.868315Z,50.491009195743,30.465633040028,17.7199415711,1.00,true,0.659,4.101,66.437,17.220,-11.132,46,18,18,86.293,95.642,107.770,784,785,0,0,0.0811,0.0786,-0.2814,0.1361
3031910998,2022-03-31T10:43:52.64608Z,50.862577571390,28.015269818500,2.2620847854,1.00,true,1.327,1.910,103.222,1.762,-3.354,20,21,22,71.180,83.702,93.476,358,375,0,0,-0.0266,0.2269,0.1798,0.1086
3032895523,2022-03-31T10:53:31.955376Z,50.288242939546,27.980638729074,30.2900918824,1.00,true,1.445,3.547,150.834,29.790,-9.045,40,17,13,92.904,98.261,104.617,593,432,0,0,0.0500,0.3719,0.1671,0.1639
3037454070,2022-03-01T04:51:21.342809Z,50.393279363945,29.172362263041,178.8013246305,1.00,true,2.413,2.516,155.511,178.301,-6.657,13,19,22,179.646,181.780,183.893,222,241,0,0,0.3769,0.5413,-1.6201,1.3563
3040206454,2022-09-28T11:31:06.128144Z,50.452079387864,29.352332622718,5.1367722023,1.00,true,0.690,0.535,2.843,4.637,0.128,24,13,14,15.998,26.814,42.488,234,279,0,0,-0.0095,0.0742,-0.0036,0.0303
3047975873,2022-03-31T12:04:11.606694Z,50.229788558342,28.185186640377,45.1766700159,1.00,true,0.871,3.301,133.694,44.677,-9.393,49,22,22,91.496,96.617,102.023,932,854,0,0,0.0515,0.1066,0.0318,0.0487
3048409298,2022-03-31T12:08:51.847883Z,50.669266221487,29.917443183152,57.0177692537,1.00,true,1.409,0.987,26.022,56.518,-3.152,6,22,22,72.530,77.719,85.817,124,115,0,0,0.2358,0.1651,0.0925,0.1770
3052085498,2022-03-31T12:45:20.967553Z,50.136469789352,29.036369431575,43.2059322309,1.00,true,0.753,3.193,88.771,42.706,-10.032,50,22,22,64.150,75.174,83.042,854,868,0,0,-0.0382,0.1510,-0.0606,0.0994
3058271402,2022-02-28T05:14:54.445886Z,50.431746056419,29.344508867763,66.2159477996,1.00,true,1.001,2.164,20.267,65.716,-7.554,35,24,24,68.227,72.929,79.306,721,689,0,0,-0.1263,0.2009,0.0310,0.0752
3059502027,2022-02-28T05:27:28.335698Z,50.557206425983,29.860901147980,55.1964689125,1.00,true,1.152,1.323,30.784,54.696,-3.664,8,23,20,68.766,75.911,83.890,156,140,0,0,0.1860,0.1747,0.0037,0.0989
3061411528,2022-04-17T03:31:37.136093Z,51.452235570028,31.225353132232,264.6250137158,1.00,true,2.944,20.531,117.210,264.125,-25.864,15,15,14,308.302,312.096,315.066,188,175,0,0,0.2075,0.1731,-9.6193,1.2790
3062586250,2022-07-09T09:21:50.757705Z,50.928161169757,28.901403846148,16.4710843013,1.00,true,0.643,1.242,23.793,15.971,-3.242,56,24,20,25.541,37.479,49.818,1112,838,0,0,-0.0030,0.0796,-0.0200,0.0391
3062670252,2022-02-28T05:58:59.992337Z,50.461141885744,29.352730678101,12.9005735508,1.00,true,1.066,0.573,4.473,12.401,-1.008,29,21,9,19.370,30.319,43.275,424,222,0,0,0.2324,0.1217,0.0221,0.0563
3063807974,2022-05-20T11:47:14.696138Z,53.163924082129,33.319556684183,99.5499799585,1.00,true,1.061,0.866,334.577,99.050,-59.304,16,13,0,399.763,408.234,416.075,160,0,0,0,0.1510,0.1326,0.0506,0.0565
3066083520,2022-03-01T07:37:46.344382Z,50.377673247543,29.194845412766,69.9510549896,1.00,true,1.917,2.954,56.798,69.451,-11.656,55,24,24,72.524,77.778,83.383,1110,1064,0,0,0.5331,0.1956,-0.0231,0.0981
3066337670,2022-03-01T07:40:01.699995Z,50.373222965387,29.350807611253,68.2402718476,1.00,true,0.716,2.910,52.628,67.740,-10.300,48,24,24,71.752,77.516,84.356,981,921,0,0,0.0700,0.1282,0.0278,0.0718
3067671745,2022-03-01T07:53:40.63813Z,49.497912101358,27.312597085561,18.6574095145,1.00,true,1.911,2.622,310.078,18.157,-5.362,9,24,23,176.633,185.871,193.453,185,182,0,0,-0.2096,0.2927,0.7558,1.1502
3068909473,2022-03-31T14:13:45.259509Z,50.062072276026,28.960115448023,48.3576145622,1.00,true,0.839,3.139,109.097,47.858,-9.740,42,22,22,74.611,85.451,92.914,821,759,0,0,-0.1141,0.0952,0.0348,0.0844
3069173223,2022-03-31T14:16:08.832487Z,50.058742316356,28.724111745989,37.1215994532,1.00,true,1.140,3.234,118.885,36.622,-10.168,45,22,22,74.228,84.372,90.940,839,803,0,0,-0.2319,0.2327,0.0180,0.1715
3069590302,2022-02-28T06:28:15.787536Z,50.608836950358,30.018382807148,54.5011538226,1.00,true,1.263,1.797,30.504,54.001,-5.212,14,22,19,75.025,82.793,90.536,279,231,0,0,-0.0225,0.2003,-0.0473,0.1180
3070506402,2022-02-28T06:37:32.99012Z,50.789003520498,28.439106307329,51.8941221373,1.00,true,1.452,1.532,84.128,51.394,-4.010,11,21,24,65.711,73.454,81.121,187,213,0,0,-0.1182,0.2739,0.0408,0.1668
3070971373,2022-03-31T14:34:08.405007Z,50.364481712949,29.397471943726,78.7404263198,1.00,true,1.039,2.471,72.174,78.240,-8.595,39,22,21,82.511,88.013,94.313,784,721,0,0,-0.2355,0.1923,0.0101,0.1165
3071323902,2022-02-28T06:45:47.553987Z,50.507940050766,29.474256244219,82.7706673504,1.00,true,1.411,1.831,61.844,82.271,-6.446,17,23,23,84.666,88.013,92.995,354,327,0,0,-0.0702,0.3479,0.0118,0.1806
3071669573,2022-03-31T14:41:09.911898Z,50.593097918195,30.126155004281,45.5551568990,1.00,true,1.038,1.474,32.896,45.055,-5.088,13,22,22,74.721,82.066,92.167,266,253,0,0,0.0027,0.2514,-0.0064,0.1636
3073167555,2022-11-17T12:45:54.464832Z,50.496694787139,28.718157906860,312.8270537365,1.00,true,2.506,11.145,180.184,312.327,-33.535,23,24,20,313.969,314.933,315.725,544,370,0,0,-0.0585,0.2125,-2.1290,0.4767
3073939770,2022-03-01T08:16:06.038248Z,50.539569885033,29.279303370383,56.1704487181,1.00,true,0.497,2.380,21.165,55.670,-7.962,42,24,24,56.431,58.942,64.188,861,814,0,0,0.0946,0.0672,0.0186,0.0720
3074146325,2022-07-09T10:37:04.542589Z,50.277440044153,28.999488481243,49.5826654242,1.00,true,0.729,2.905,73.074,49.083,-9.457,43,24,24,59.864,67.399,74.308,732,748,0,0,-0.0939,0.1093,-0.0026,0.0485
3077961570,2022-03-01T08:56:28.810972Z,50.462452421365,29.459962489254,73.5547013629,1.00,true,1.026,2.237,22.433,73.055,-7.189,45,23,24,76.344,80.236,86.457,853,849,0,0,-0.1068,0.0657,0.0119,0.0433
3080362723,2022-03-31T15:27:57.916519Z,50.401501209277,29.044375007518,79.6931736809,1.00,true,0.547,2.869,74.359,79.193,-10.083,43,22,22,82.155,86.014,89.817,799,763,0,0,0.1723,0.0801,0.0131,0.0526
3081360848,2022-03-31T15:37:56.844235Z,50.109134179337,28.711020886195,44.6892668548,1.00,true,0.819,3.084,116.894,44.189,-9.156,47,22,21,74.893,83.901,89.964,889,825,0,0,-0.0216,0.0978,-0.0198,0.0510
3088366183,2022-08-25T08:20:40.719377Z,50.256070657991,28.824824107249,58.0072499025,1.00,true,0.851,2.685,81.405,57.507,-10.281,45,24,12,71.732,78.074,83.395,924,395,0,0,-0.0372,0.1471,-0.0305,0.1146
3090789523,2022-03-31T16:32:27.150846Z,50.759951976601,30.144634749812,52.8637606741,1.00,true,1.129,2.285,33.633,52.364,-7.849,29,21,22,81.806,87.359,95.483,564,569,0,0,-0.1736,0.1217,-0.0155,0.0853
3091797230,2022-11-17T14:32:53.005812Z,51.082058931580,28.425732860544,106.6071776601,1.00,true,1.680,1.370,124.023,106.107,-4.994,11,23,22,119.728,126.533,133.193,223,192,0,0,-0.0040,0.3614,-0.0702,0.1201
3092630470,2022-03-01T10:03:04.524481Z,50.552010885730,29.086486566742,14.4444759353,1.00,true,0.713,0.607,5.273,13.944,-0.476,14,18,22,16.053,21.460,28.976,141,247,0,0,0.0242,0.3453,-0.0050,0.1548
3095959995,2022-03-01T10:36:24.364231Z,50.480665403011,28.878790205303,94.8773198311,1.00,true,0.877,3.225,79.472,94.377,-9.636,45,23,22,96.836,99.432,101.556,887,796,0,0,-0.2489,0.1629,-0.0546,0.0861
3099669602,2022-02-28T09:28:59.574183Z,50.481991624796,29.457661043159,4.0226655719,1.00,true,0.576,0.452,3.274,3.523,-0.426,26,19,10,19.610,31.979,44.121,352,208,0,0,0.0048,0.1399,0.0123,0.0674
3102860034,2022-10-14T07:51:02.625669Z,50.883787689429,28.943635344466,22.2815855750,1.00,true,0.888,1.185,21.656,21.782,-3.374,50,22,19,26.192,35.546,46.897,799,691,0,0,0.0137,0.0960,0.0120,0.0325
3103177373,2022-03-31T17:56:25.967489Z,50.977234727959,29.605071655414,32.8792559096,1.00,true,1.984,0.537,39.383,32.379,2.967,2,19,4,50.756,56.559,64.101,37,6,0,0,0.1066,0.4616,0.6109,0.2304
3105241345,2022-03-01T11:29:09.449536Z,50.439959705521,29.427990512444,80.0042504480,1.00,true,1.308,1.980,35.724,79.504,-6.550,44,24,23,82.446,86.227,92.281,865,757,0,0,-0.0604,0.1004,0.0016,0.0830
3105745620,2022-03-01T11:34:10.394943Z,50.382055132403,28.604051651343,78.1167656642,1.00,true,1.360,3.042,95.553,77.617,-9.605,41,24,18,88.222,93.207,97.110,860,561,0,0,0.0088,0.0676,0.0211,0.0496
3108132857,2022-03-14T00:06:59.282708Z,50.486716775395,28.974644053058,66.5300176230,1.00,true,1.197,2.819,59.266,66.030,-9.717,50,15,16,68.829,71.432,73.995,662,695,0,0,0.1425,0.2332,-0.0384,0.0939
3108927558,2022-08-25T10:26:02.387345Z,50.448481395194,28.176182500834,70.3798414624,1.00,true,1.884,3.075,127.800,69.880,-11.613,45,20,21,95.649,101.546,106.231,760,734,0,0,0.2938,0.3698,-0.0656,0.1698
3108974532,2022-03-14T00:15:43.43085Z,50.503767287254,29.357412420670,68.3259023655,1.00,true,1.203,2.158,22.024,67.826,-7.569,35,21,21,69.362,72.929,77.893,693,661,0,0,-0.2002,0.2373,0.0473,0.0826
3109651332,2022-03-14T00:22:20.539898Z,50.464548030903,29.392201839133,65.0832257618,1.00,true,1.094,2.140,16.995,64.583,-7.460,29,21,21,67.091,71.815,77.657,578,542,0,0,-0.1880,0.2026,0.0387,0.1135
3109753357,2022-03-14T00:23:22.478172Z,50.500402131469,29.392846709483,67.3027372972,1.00,true,1.140,2.191,19.158,66.803,-7.522,33,21,21,68.820,72.718,77.895,658,626,0,0,0.0198,0.0788,0.0148,0.0404
3111082307,2022-03-14T00:36:51.450706Z,50.485473473915,29.385725816734,66.8644493273,1.00,true,1.017,2.146,18.419,66.364,-7.549,29,21,21,68.451,72.623,78.028,578,542,0,0,-0.0595,0.1124,0.0211,0.0400
3111409973,2022-03-31T18:38:52.740338Z,50.761299235331,28.613592758190,60.5953612036,1.00,true,0.772,1.364,82.121,60.095,-2.260,14,20,21,66.680,72.548,78.402,231,238,0,0,-0.1639,0.1704,0.0689,0.0958
3112144907,2022-03-14T00:47:11.495577Z,50.515601922938,29.039197339517,72.2162354764,1.00,true,0.437,2.714,55.190,71.716,-9.504,45,14,13,74.033,75.766,77.760,581,535,0,0,-0.1894,0.1585,0.0013,0.0736
3112569882,2022-03-14T00:51:36.167925Z,50.547624769379,28.958959985996,72.1436342694,1.00,true,0.745,2.790,56.152,71.644,-9.832,48,20,20,74.050,75.177,77.035,860,816,0,0,0.0268,0.1002,0.0130,0.0524
3118891698,2022-03-31T19:13:33.307795Z,51.013170265894,28.497956190644,54.0741148604,1.00,true,1.324,1.326,68.009,53.574,-3.692,26,7,13,71.094,77.164,86.549,175,312,0,0,0.0249,0.3250,0.0539,0.1453
3120138107,2022-03-14T01:27:04.291922Z,50.492597532186,29.093340992689,75.2846278220,1.00,true,0.546,2.812,57.761,74.785,-9.708,49,17,19,75.960,78.866,81.639,754,822,0,0,-0.1873,0.1391,-0.0218,0.0637
3120234157,2022-03-14T01:28:00.276531Z,50.119408138920,28.613131130111,30.8654913742,1.00,true,0.426,3.279,110.974,30.365,-9.723,50,10,15,73.114,79.964,85.738,449,677,0,0,-0.2790,0.1215,0.0109,0.1058
3120255707,2022-03-14T01:28:20.859732Z,50.039102809149,28.580169147458,22.0342668988,1.00,true,0.650,3.505,119.894,21.534,-11.140,49,13,17,78.034,85.661,91.769,597,759,0,0,-0.0958,0.0623,-0.0287,0.0362
3120982582,2022-03-14T01:35:49.144957Z,50.520049635357,28.934683924691,70.4078304320,1.00,true,0.960,2.867,59.518,69.908,-9.855,48,16,15,73.169,74.879,76.700,725,658,0,0,-0.0392,0.0862,0.0186,0.0491
3122069207,2022-03-14T01:46:35.696418Z,50.534299672468,28.954903591998,69.3682689090,1.00,true,1.301,2.718,55.990,68.868,-10.304,49,18,16,71.675,73.209,74.920,779,701,0,0,-0.1763,0.0889,-0.0051,0.0457
3124059120,2022-03-01T13:17:23.074043Z,50.357981778919,29.383760482698,66.8002603165,1.00,true,1.240,3.028,52.436,66.300,-10.926,51,20,12,71.248,77.669,84.742,893,488,0,0,-0.0566,0.0621,0.0260,0.0818
3125829045,2022-03-01T13:34:56.417923Z,50.477862783963,29.451619709433,72.3894685799,1.00,true,0.831,2.232,23.800,71.889,-6.582,48,23,23,74.881,78.854,84.590,912,886,0,0,-0.0159,0.0674,0.0016,0.0582
3126146145,2022-03-01T13:38:10.479817Z,50.234658552147,27.983278560609,21.0297147314,1.00,true,1.400,3.583,145.456,20.530,-10.520,57,23,23,89.503,98.210,105.233,1138,1004,0,0,0.3908,0.1455,-0.0568,0.1134
3127871120,2022-03-01T13:55:35.35122Z,50.483750264637,28.732768766622,89.3829822827,1.00,true,1.353,3.103,86.571,88.883,-10.649,57,23,23,93.390,96.466,99.400,1138,1004,0,0,-0.0767,0.0553,-0.0086,0.0389
3128268420,2022-03-01T13:59:18.125613Z,51.254190312967,31.692096009435,4.7504245884,1.00,true,1.391,7.797,253.176,4.250,-24.874,26,23,17,182.583,190.227,197.685,557,344,0,0,0.1443,0.1751,0.1908,0.2245
3130181232,2022-03-14T02:27:47.442103Z,50.295762846122,29.548319097415,63.0849571151,1.00,true,1.095,3.002,60.929,62.585,-10.558,43,20,21,73.233,81.639,89.867,828,841,0,0,0.1277,0.0737,-0.0440,0.0416
3130378132,2022-03-14T02:29:44.649108Z,50.569091264849,28.917459700401,73.5572063628,1.00,true,0.613,2.769,57.047,73.057,-9.351,44,21,21,75.309,76.582,78.534,820,795,0,0,0.3920,0.1529,0.0732,0.1017
3130429782,2022-03-14T02:29:56.054831Z,50.415824147734,28.459918048211,55.5496561619,1.00,true,0.711,3.561,89.432,55.050,-9.945,41,15,21,75.769,79.700,84.477,550,736,0,0,0.1345,0.1315,-0.4246,0.1100
3130980382,2022-03-14T02:35:45.076892Z,50.604746414794,30.561999795501,2.1680653748,1.00,true,1.271,3.993,64.471,1.668,-11.923,50,18,19,90.155,99.315,110.442,827,852,0,0,-0.1787,0.1026,-0.0470,0.0785
3132369745,2022-03-01T14:00:24.142093Z,49.822913189029,29.214731599931,126.7947378003,1.00,true,1.050,5.380,48.376,126.295,-19.858,24,23,15,149.989,158.773,165.054,496,276,0,0,0.1926,0.1247,0.0276,0.0861
3134160995,2022-03-01T14:18:25.710491Z,50.314211657336,29.291214663400,63.3420506830,1.00,true,0.731,2.972,59.003,62.842,-9.290,50,22,19,68.806,76.318,83.274,961,767,0,0,0.2620,0.0952,0.0117,0.0785
3137083395,2022-03-01T14:47:50.263205Z,50.448554519711,29.427758490566,73.1649948576,1.00,true,0.609,2.188,22.893,72.665,-6.737,38,21,23,75.679,79.681,86.021,707,738,0,0,0.1188,0.1221,0.0206,0.0531
3138706227,2022-02-28T13:19:28.803119Z,50.193260827028,28.826209653195,63.6695905386,1.00,true,1.453,2.715,114.285,63.170,-8.197,23,24,23,79.561,86.368,92.000,476,457,0,0,-0.3325,0.1805,-0.0503,0.1111
3139331157,2022-03-14T03:19:03.61905Z,49.127577601975,28.192907717699,19.0663996980,1.00,true,2.671,2.217,341.297,18.566,-3.381,11,20,18,174.855,187.373,194.298,207,175,0,0,-15.5374,5.1294,-0.3544,0.4075
3142393152,2022-02-28T13:56:16.075817Z,50.536692369466,29.161746304911,86.1944627999,1.00,true,1.294,2.242,72.047,85.694,-7.924,16,20,22,86.403,87.939,90.558,292,303,0,0,-0.2818,0.2053,0.0116,0.0949
3142643995,2022-03-01T15:03:11.911627Z,50.459333088837,29.416255023289,73.8699211061,1.00,true,0.648,2.204,27.565,73.370,-6.088,46,22,20,76.031,80.136,85.877,844,754,0,0,-0.1424,0.0938,-0.0118,0.0417
3143439866,2022-04-04T23:01:34.166372Z,45.427621683959,27.476020545079,334.1233469734,1.00,true,2.487,32.324,729.906,333.623,-114.834,43,21,19,659.541,671.657,678.117,897,783,0,0,0.2098,0.2818,1.2058,0.2944
3145526820,2022-03-01T15:31:51.153114Z,50.372619258254,28.927189609246,70.0707717655,1.00,true,0.531,2.922,65.754,69.571,-9.847,41,23,23,75.356,79.619,83.478,827,804,0,0,0.1352,0.2114,0.0369,0.0907
3146261445,2022-03-01T15:36:24.439391Z,58.837924006946,40.418123084033,156.2780385216,1.00,true,1.452,2.605,1160.383,155.778,-191.561,40,22,0,1146.337,1153.236,1162.881,738,0,0,0,1.6113,1.9348,0.0371,0.0654
3148744507,2022-03-14T04:13:10.219545Z,50.381607011882,29.308170982489,69.3955961791,1.00,true,0.932,2.965,53.981,68.896,-10.780,52,21,20,72.241,78.101,84.093,1018,960,0,0,-0.1161,0.0996,-0.0167,0.0609
3150179077,2022-02-28T14:33:59.760221Z,50.483681705711,29.112344937941,81.4582746465,1.00,true,1.550,2.735,66.496,80.958,-10.240,44,24,24,82.049,84.436,87.782,860,853,0,0,0.0808,0.0654,0.0109,0.0422
3160603502,2022-02-28T15:38:31.885315Z,50.680850375440,29.665822699505,83.0671274885,1.00,true,1.621,1.023,51.976,82.567,-2.115,11,24,21,87.556,90.416,95.141,237,123,0,0,0.0567,0.1343,0.0048,0.0999
3164758020,2022-03-01T17:24:25.351121Z,50.467911223241,29.416017471237,71.5933953251,1.00,true,1.286,2.184,22.406,71.093,-7.649,40,22,22,73.694,77.800,83.533,779,742,0,0,-0.2483,0.2589,0.0315,0.1170
3169571827,2022-02-28T16:28:01.571108Z,50.475698285430,29.354105133289,16.4643030302,1.00,true,0.757,0.543,7.451,15.964,-0.429,17,24,24,21.265,31.085,43.243,322,301,0,0,0.1376,0.1841,-0.0000,0.0806
3169709727,2022-02-28T16:29:33.075111Z,50.513986795316,29.372752927335,48.8979658613,1.00,true,0.520,2.061,14.028,48.398,-6.925,25,24,24,50.478,54.424,61.449,502,499,0,0,0.0390,0.0569,-0.0011,0.0342
3169813952,2022-02-28T16:30:44.070711Z,50.476961700828,29.313816300604,15.6033229038,1.00,true,0.872,0.461,4.148,15.103,-0.929,26,22,23,19.242,29.317,41.429,402,457,0,0,0.2486,0.2546,-0.0191,0.1119
3169864329,2022-06-06T12:02:13.709502Z,50.898216539864,28.861011738314,19.7372090590,1.00,true,0.784,1.200,21.444,19.237,-3.290,46,24,20,27.080,38.507,49.605,986,713,0,0,-0.0087,0.0774,-0.0118,0.0326
3169986602,2022-02-28T16:32:09.643984Z,50.495774985835,29.341156535358,49.4917497731,1.00,true,0.607,2.088,16.264,48.992,-7.356,25,24,22,50.786,54.965,62.109,502,456,0,0,-0.0490,0.1664,-0.0067,0.0807
3170417777,2022-02-28T16:36:40.754575Z,50.490721518454,29.420583663955,51.2664426338,1.00,true,0.362,2.093,12.090,50.766,-7.245,28,24,24,53.890,58.435,65.854,570,561,0,0,-0.1029,0.1168,0.0110,0.0653
3170511977,2022-02-28T16:37:41.669836Z,50.450709548409,29.339588496247,14.0009452800,1.00,true,0.488,0.424,1.799,13.501,-0.330,26,15,16,20.263,32.580,44.101,272,316,0,0,0.2960,0.1326,-0.0049,0.0575
3170688452,2022-02-28T16:39:18.178338Z,50.450743715490,29.317217263078,12.6356559764,1.00,true,0.894,0.553,3.373,12.136,-0.822,17,24,24,18.614,30.835,42.953,326,305,0,0,0.1637,0.1324,-0.0002,0.0711
3170788227,2022-02-28T16:40:10.98085Z,50.522263357489,29.404604005824,48.2288008671,1.00,true,1.210,2.073,10.556,47.729,-8.019,26,24,22,50.031,54.352,61.380,521,474,0,0,-0.1381,0.1113,-0.0053,0.0452
3171026527,2022-02-28T16:42:49.696512Z,50.506662080280,29.404386202474,48.7963787761,1.00,true,0.811,2.044,11.163,48.296,-7.303,25,23,24,50.955,55.338,62.627,487,504,0,0,0.0824,0.1875,0.0108,0.0915
3175066095,2022-03-01T18:27:30.815427Z,50.298791473983,28.297803709675,60.7049917310,1.00,true,0.537,3.271,122.952,60.205,-9.185,48,23,23,88.215,94.966,100.750,944,873,0,0,-0.0139,0.0501,0.0105,0.0352
3175264120,2022-03-01T18:29:28.881294Z,50.333601581349,28.417333289155,70.1105745254,1.00,true,1.513,3.184,113.120,69.611,-10.119,53,23,20,88.989,94.777,99.992,1074,856,0,0,0.1749,0.0565,-0.0250,0.0542
3175369870,2022-03-01T18:30:34.239641Z,50.475044646363,28.680813216345,88.3489412112,1.00,true,0.624,3.029,91.347,87.849,-9.760,55,23,20,93.528,96.986,100.062,1091,878,0,0,-0.0608,0.0577,-0.0104,0.0434
3183343620,2022-03-01T19:10:10.986227Z,50.434919668684,29.393936178206,64.2345040451,1.00,true,0.770,2.139,16.873,63.735,-7.014,35,22,23,66.844,71.667,78.513,694,683,0,0,-0.0067,0.1418,-0.0063,0.0717
3183942795,2022-03-01T19:16:09.631012Z,50.472831531356,29.459922832949,73.4479422148,1.00,true,1.036,2.231,23.452,72.948,-7.369,54,22,19,76.101,80.252,85.910,982,835,0,0,0.0289,0.0712,0.0026,0.0466
3187547157,2022-03-14T08:01:18.447097Z,49.073570915420,28.877434100597,9.4005269630,1.00,true,2.419,3.567,238.899,8.901,-4.553,12,19,17,166.060,181.425,189.805,210,193,0,0,0.4800,0.3998,-1.1176,0.3893
3188282870,2022-03-01T19:59:22.630337Z,49.868555340195,24.804757544993,38.7173633819,1.00,true,2.692,13.968,448.435,38.217,-34.370,24,22,23,314.930,323.441,330.438,524,429,0,0,0.3211,0.3233,0.2294,0.3434
3190818377,2022-02-28T18:40:38.531089Z,50.457436174194,29.689312107780,65.8729843945,1.00,true,1.017,3.171,42.315,65.373,-10.469,47,15,6,73.845,79.316,85.722,602,234,0,0,-0.2435,0.2000,-0.0535,0.0787
3194764595,2022-03-01T20:24:32.085684Z,50.117194399146,28.597939224996,41.4539369845,1.00,true,1.816,2.550,98.053,40.954,-6.914,48,22,14,76.202,84.718,90.664,858,518,0,0,0.0993,0.4187,0.0434,0.3717
3195268745,2022-03-01T20:29:26.714046Z,50.938575661131,30.823763027815,49.1141649599,1.00,true,0.892,4.897,175.484,48.614,-16.286,13,23,23,123.765,130.895,138.056,287,232,0,0,-0.5034,0.3245,-0.6434,0.2531
3195468420,2022-03-01T20:31:26.612375Z,51.062621729291,31.008611457574,19.0841080909,1.00,true,0.863,5.872,194.471,18.584,-16.388,11,23,23,131.976,139.316,146.670,239,192,0,0,0.0334,0.1350,-0.1869,0.1674
3195642445,2022-03-01T20:33:01.692075Z,50.932973971120,30.933392398332,38.0507807170,1.00,true,0.686,6.030,180.715,37.551,-15.308,9,23,22,126.691,134.001,141.788,198,160,0,0,0.3772,0.3088,-0.8567,0.1873
3196779645,2022-03-01T20:44:53.634573Z,50.448950440041,29.444822416948,15.0590189195,1.00,true,0.671,0.560,3.515,14.559,-0.365,10,23,22,25.357,35.974,48.536,187,150,0,0,-18.2334,2.6818,0.0411,0.1481
3206534420,2022-03-01T21:41:59.068283Z,50.606890997789,28.975666562577,82.9344174512,1.00,true,0.970,2.820,59.786,82.434,-9.932,41,23,21,83.151,84.471,85.726,804,729,0,0,-0.0118,0.1858,0.0564,0.1126
3207431482,2022-03-14T10:00:00.02656Z,50.477964268470,29.300792688255,56.9737031613,1.00,true,0.823,2.296,24.323,56.474,-7.973,40,21,21,57.939,62.336,68.322,774,766,0,0,0.0998,0.1519,0.0355,0.0900
3210041832,2022-03-14T10:26:10.693148Z,50.490832549627,29.373280155210,78.9351846700,1.00,true,1.237,2.163,36.871,78.435,-7.307,44,20,18,80.096,83.517,88.125,758,640,0,0,0.0665,0.1553,-0.0741,0.0908
3210081332,2022-03-14T10:26:47.175475Z,50.490995071991,29.040440356285,74.5481509629,1.00,true,1.319,2.770,58.938,74.048,-10.825,50,21,21,75.722,78.108,80.950,920,884,0,0,0.1876,0.1757,-0.0405,0.1198
3211164707,2022-03-14T10:37:29.836713Z,50.151719508652,27.994928895867,1.3830221942,1.00,true,0.893,4.020,139.990,0.883,-11.163,51,21,21,95.832,101.568,107.838,1000,876,0,0,-0.0712,0.1416,0.1403,0.0895
3211241607,2022-03-14T10:38:08.397229Z,50.675522216070,29.544598480719,72.7604025589,1.00,true,0.849,3.178,8.224,72.260,-9.603,45,21,19,75.306,77.797,82.162,900,782,0,0,-0.1277,0.0974,-0.0396,0.1794
3213956570,2022-03-01T22:16:20.258901Z,50.397880641099,29.378795061595,69.8196115742,1.00,true,0.879,2.982,50.579,69.320,-10.741,65,23,23,72.877,78.217,84.773,1289,1255,0,0,0.2240,0.2779,0.0019,0.1101
3217283062,2022-07-22T13:17:50.077017Z,49.867244684796,28.184072736671,59.3492057455,1.00,true,1.624,1.579,189.817,58.849,-1.923,6,22,24,119.090,127.891,133.953,98,120,0,0,10.1374,5.9939,0.0124,0.1632
3217817402,2022-02-28T21:10:40.806Z,50.473736059197,29.419617089522,72.5124984579,1.00,true,0.998,2.207,24.254,72.012,-7.194,43,23,24,74.562,78.147,84.141,829,829,0,0,-0.0301,0.1857,-0.0005,0.1081
3217919252,2022-02-28T21:11:42.05553Z,50.414543310700,29.417782872264,73.0885006031,1.00,true,1.411,2.327,23.858,72.589,-7.944,51,21,19,76.117,80.724,87.397,890,786,0,0,-0.0544,0.0755,-0.0034,0.0496
3218397121,2022-10-27T07:55:42.135947Z,50.847259817815,28.902434604127,21.3195713343,1.00,true,0.808,1.186,16.305,20.820,-2.864,40,7,20,25.406,35.153,44.599,229,544,0,0,0.3445,0.1957,0.0519,0.0663
3224876871,2022-10-27T08:19:50.578555Z,53.726695363796,29.221304339329,15.7812502882,1.00,true,3.162,14.274,437.183,15.281,-33.421,17,24,24,328.258,338.633,353.072,383,394,0,0,191.3913,90.7312,-0.2881,0.3876
3225466995,2022-03-01T23:31:34.666806Z,50.526203480297,29.458366870409,73.8987784282,1.00,true,1.792,2.418,26.915,73.399,-7.333,45,22,20,75.541,79.219,84.132,820,713,0,0,-0.2522,0.1442,0.0123,0.0728
3228495016,2022-06-19T06:37:46.187235Z,50.906184128989,28.971071129435,22.1182968903,1.00,true,0.432,1.284,23.598,21.618,-2.813,44,14,11,28.265,37.828,48.115,541,427,0,0,0.0925,0.0781,-0.0234,0.0457
3231915408,2022-05-03T10:30:45.228458Z,50.473414338364,29.339522631357,76.7127294119,1.00,true,1.283,2.232,32.510,76.213,-7.772,60,16,11,77.769,80.493,85.480,746,512,0,0,-0.0426,0.1023,-0.0032,0.0395
3233021983,2022-05-03T10:39:58.953401Z,48.111497254805,35.284273168769,443.3713049898,1.00,true,2.072,31.024,681.185,442.871,-120.047,40,23,15,666.639,675.095,684.025,916,584,0,0,-92.7896,1.7510,3.0558,0.4280
3236481821,2022-10-27T09:36:28.761701Z,50.452979401091,29.373931239385,8.7643719876,1.00,true,0.555,0.518,1.430,8.264,-0.238,26,22,16,18.393,30.182,43.777,411,324,0,0,-0.0274,0.0856,-0.0144,0.0404
3239128697,2022-12-16T07:48:30.689354Z,50.856797510086,28.752900418399,60.8379923693,1.00,true,1.122,2.001,14.057,60.338,-6.311,45,24,23,64.678,70.281,76.486,937,875,0,0,-0.0052,0.0609,-0.0285,0.0611
3241954157,2022-03-14T13:45:18.683803Z,50.183758524572,27.930358244184,0.1972897827,1.00,true,0.602,4.129,145.001,-0.303,-11.316,44,20,14,97.181,102.866,109.529,803,540,0,0,-0.4036,0.2315,0.3087,0.2898
3242247132,2022-03-14T13:48:14.047057Z,50.592275058377,29.114142259936,85.5645126535,1.00,true,1.445,3.014,49.208,85.065,-9.953,48,19,13,85.772,86.432,87.617,854,565,0,0,0.0835,0.1906,-0.0562,0.1103
3242923557,2022-03-14T13:54:58.818174Z,50.514342078402,28.993595665758,9.4453021244,1.00,true,0.882,0.597,2.393,8.945,-0.182,15,18,14,18.089,24.985,30.800,162,168,0,0,-0.4026,0.2154,0.0212,0.0758
3243151157,2022-03-14T13:57:17.544466Z,50.281240780309,29.219673027793,58.4617510850,1.00,true,1.226,2.922,67.372,57.962,-10.456,52,20,21,65.639,74.475,81.105,877,900,0,0,-0.1158,0.1134,-0.0551,0.0770
3247256946,2022-10-27T10:43:24.906064Z,47.767128189236,27.140504943575,7.1092555180,1.00,true,2.448,15.541,379.995,6.609,-39.094,25,24,19,343.834,354.948,362.710,589,371,0,0,-0.1955,0.2065,0.1946,0.4011
3251694183,2022-05-03T12:28:31.302735Z,50.481008841640,28.944190561492,14.3411284531,1.00,true,0.729,0.665,6.155,13.841,0.303,13,18,18,22.085,30.527,36.691,173,185,0,0,0.1092,0.1231,-0.0053,0.0719
3260307358,2022-05-03T13:14:40.298397Z,50.919281811945,28.005924667142,0.3391005298,1.00,true,1.897,1.696,109.474,-0.161,-4.702,26,15,18,73.190,82.422,93.771,314,392,0,0,0.6013,0.2176,0.1879,0.1078
3262076732,2022-03-14T15:46:42.363283Z,50.234788500945,27.784946672751,14.8842758219,1.00,true,1.654,3.939,168.868,14.384,-10.637,34,21,20,103.287,109.051,116.241,610,551,0,0,0.1969,0.1371,0.0391,0.1069
3262521058,2022-05-03T13:35:01.860441Z,51.598633210123,37.956630213862,386.0208072259,1.00,true,3.070,30.936,441.743,385.521,-116.140,40,24,23,710.285,716.204,723.421,918,883,0,0,18.2221,6.5425,-0.6334,0.3385
3263160807,2022-03-14T15:57:26.374761Z,50.216189394669,29.308233276716,57.0507848412,1.00,true,0.682,3.127,72.607,56.551,-10.625,48,13,15,68.408,78.565,86.326,578,649,0,0,0.0370,0.1023,-0.0320,0.0621
3266365044,2022-03-27T04:38:33.36497Z,50.468552267033,28.731423534743,76.8003748087,1.00,true,0.681,3.150,78.634,76.300,-9.635,42,18,14,83.634,85.872,88.842,709,528,0,0,-0.0019,0.0907,0.1138,0.0917
3267767607,2022-03-14T16:03:34.063128Z,50.494876132705,29.026962903572,81.4533808568,1.00,true,1.176,2.787,67.551,80.953,-9.937,44,16,13,82.950,85.282,87.196,662,521,0,0,-0.0886,0.1803,0.0022,0.1228
3269334967,2022-08-08T08:31:46.93594Z,50.890235842412,28.857735349123,20.0920628517,1.00,true,1.006,1.195,19.830,19.592,-4.064,46,12,17,27.021,37.817,49.176,443,573,0,0,0.0240,0.0997,0.0055,0.0291
3277852986,2022-02-11T09:12:05.583972Z,50.611130719332,29.242316298678,52.5336911888,1.00,true,0.284,2.420,19.155,52.034,-8.416,52,24,23,52.555,53.643,57.379,1038,1029,0,0,-0.0001,0.0593,-0.0078,0.0278
3280426007,2022-03-14T17:29:51.659681Z,50.476938466672,30.421351281555,3.1381766298,1.00,true,0.731,3.330,61.165,2.638,-10.340,52,20,20,81.818,92.069,103.912,981,913,0,0,-0.0604,0.0967,-0.0117,0.0530
3280564332,2022-03-14T17:31:29.544153Z,50.616202860099,30.519539708920,15.2320195372,1.00,true,1.186,3.751,58.669,14.732,-11.456,56,20,20,88.350,97.295,108.239,1057,982,0,0,0.0135,0.0727,0.0640,0.0443
3280798558,2022-05-03T15:19:27.071724Z,50.619028197388,29.229511206293,50.6454298868,1.00,true,0.770,2.326,16.970,50.145,-8.928,44,9,18,50.678,51.694,55.154,340,694,0,0,-0.1256,0.2523,0.0068,0.1040
3281251182,2022-03-14T17:38:18.059557Z,49.972858944102,29.449880073486,4.3168312241,1.00,true,1.309,3.214,97.293,3.817,-9.940,44,17,12,66.698,84.037,93.984,718,495,0,0,0.0707,0.0729,0.0304,0.0746
3281565857,2022-03-14T17:41:33.164176Z,50.400220411450,28.761406585191,59.7324807198,1.00,true,1.015,2.877,78.761,59.232,-8.836,51,18,20,69.418,72.955,76.925,824,883,0,0,-0.0427,0.0677,-0.0012,0.0336
3283377957,2022-03-14T17:59:43.364486Z,50.027528901124,28.561026067598,21.4187241365,1.00,true,0.574,3.549,125.323,20.919,-10.636,62,21,21,76.901,86.749,93.329,1136,1125,0,0,-0.0870,0.0607,-0.0408,0.0409
3284839297,2022-12-16T12:03:45.304978Z,44.431454443148,25.416642048832,134.6689491017,1.00,true,2.491,40.059,861.807,134.169,-122.695,40,24,24,741.833,752.938,760.688,955,931,0,0,-0.0750,0.3778,-10.5329,0.7889
3294112770,2022-05-16T05:01:28.082302Z,51.377592531197,30.994275763999,104.1642969453,1.00,true,1.162,6.969,227.652,103.664,-23.918,40,22,9,176.379,182.433,189.672,848,256,0,0,0.0463,0.1067,0.2007,0.0608
3294277570,2022-05-16T05:02:53.443817Z,51.463205473885,30.213620849754,139.1012623079,1.00,true,1.592,6.964,193.787,138.601,-23.556,39,24,14,174.961,179.493,185.613,894,370,0,0,-0.0235,0.0802,-0.0744,0.0557
3294360620,2022-05-16T05:03:36.284642Z,51.186681774250,30.322710805236,153.6316600350,1.00,true,1.157,6.500,178.950,153.132,-23.715,38,21,7,178.787,182.977,187.674,768,190,0,0,0.2839,0.3472,0.6939,0.1846
3294486420,2022-05-16T05:04:59.063443Z,50.583108871846,26.315749946204,20.2357598516,1.00,true,1.390,7.166,155.546,19.736,-26.937,40,24,9,191.444,201.624,210.202,911,250,0,0,0.1423,0.3493,0.7952,0.4007
3294568420,2022-05-16T05:05:41.546934Z,52.213006917597,30.780629688954,6.6422400136,1.00,true,1.844,8.738,283.657,6.142,-26.453,39,24,13,197.454,204.772,214.763,894,350,0,0,0.0201,0.1075,0.2821,0.1491
3297347986,2022-02-11T11:05:11.192907Z,51.035834052725,39.081878603731,84.1106931444,1.00,true,2.679,34.828,779.967,83.611,-117.807,40,24,24,689.837,697.686,707.189,955,931,0,0,0.0506,0.5888,-1.1700,0.4441
3298040411,2022-02-11T11:13:59.67138Z,50.497275973392,29.324182377314,15.7165232602,1.00,true,1.034,0.993,4.356,15.217,-1.329,18,11,23,18.808,28.453,40.041,111,280,0,0,0.6215,0.2393,0.0569,0.1354
3300423482,2022-03-14T19:29:50.417641Z,50.031977412461,28.645341707494,43.1794048405,1.00,true,1.123,3.547,93.100,42.679,-9.582,41,21,21,82.070,91.570,97.817,766,740,0,0,-0.0287,0.2492,-0.5154,0.1461
3301240182,2022-03-14T19:38:08.619007Z,50.520383427596,29.350351975324,73.1209938644,1.00,true,1.286,2.372,26.946,72.621,-8.381,44,18,21,73.913,76.908,81.335,739,793,0,0,-0.0309,0.0932,0.0144,0.0583
3305058569,2022-03-27T08:25:35.479438Z,50.674662380628,29.847836356402,55.5181244557,1.00,true,1.789,0.870,29.417,55.018,-1.521,2,20,19,68.478,73.461,81.178,39,34,0,0,0.1838,0.2326,0.0565,0.0911
3310659711,2022-02-11T12:40:16.988513Z,50.948004628466,28.828347356472,62.2886120990,1.00,true,1.317,1.320,24.221,61.789,-4.011,21,24,22,66.805,73.225,80.658,485,450,0,0,0.4285,0.2168,0.0167,0.1335
3311129107,2022-03-14T20:36:57.417046Z,50.458261398583,29.348907482389,73.9013739634,1.00,true,1.084,2.451,31.897,73.401,-7.583,53,20,18,75.293,79.677,84.629,936,841,0,0,-0.1144,0.3589,-0.0828,0.1572
3323274219,2022-03-27T10:07:50.272699Z,50.645633139690,29.983434181468,50.3129114504,1.00,true,1.819,1.003,21.000,49.813,-2.727,5,19,16,70.379,76.776,85.509,93,77,0,0,-0.0202,0.2313,-0.0738,0.1609
3325321569,2022-03-27T10:27:51.912742Z,50.401417113194,29.078157016319,79.8413431170,1.00,true,1.264,2.512,84.571,79.341,-8.087,25,21,21,82.009,86.244,89.989,488,487,0,0,-0.3173,0.3047,-0.0038,0.1107
3325332947,2022-12-16T16:10:38.049507Z,50.859709293721,28.899456959953,22.3759723325,1.00,true,0.355,1.118,18.171,21.876,-2.950,40,7,13,26.191,32.908,46.224,229,410,0,0,-0.0414,0.1152,-0.0515,0.0681
3326875944,2022-03-27T10:43:44.907796Z,50.242414089598,28.998851371085,49.6400832039,1.00,true,0.777,2.882,80.127,49.140,-9.092,44,14,15,61.974,72.287,77.275,558,590,0,0,-0.0516,0.1180,0.0039,0.0567
3327434582,2022-03-14T22:00:03.948305Z,50.220892318691,28.079077129934,41.9136581993,1.00,true,1.520,3.171,154.861,41.414,-7.052,13,20,18,95.757,100.424,106.722,239,173,0,0,0.3760,0.2243,0.4890,0.1305
3327552894,2022-03-27T10:50:22.172557Z,50.293110980937,28.978606262131,47.8333038909,1.00,true,0.409,3.082,71.272,47.333,-8.827,43,10,14,59.833,67.596,71.932,395,552,0,0,0.0649,0.0975,-0.0084,0.0273
3328062032,2022-03-14T22:06:28.613705Z,50.299112532152,28.992794869641,51.5838478037,1.00,true,0.663,2.814,71.564,51.084,-9.386,42,15,12,62.285,69.699,73.937,545,447,0,0,-0.0666,0.2505,-0.0224,0.1453
3328268832,2022-03-14T22:08:38.019938Z,50.444849232966,29.381934388095,69.3885958251,1.00,true,0.828,2.143,23.020,68.889,-6.980,40,21,20,71.469,76.231,82.028,773,701,0,0,-0.0302,0.1240,0.0383,0.0446
3328972832,2022-03-14T22:15:39.652349Z,50.147507560010,28.800208436019,25.7730461363,1.00,true,0.418,2.953,93.533,25.273,-9.348,42,15,15,61.844,70.856,76.483,534,542,0,0,0.1401,0.0930,0.0135,0.0553
3329245832,2022-03-14T22:18:12.867783Z,50.254912239939,28.873998135885,45.2177036665,1.00,true,0.365,2.912,80.075,44.718,-9.132,42,21,21,60.524,68.806,74.318,727,748,0,0,-0.3095,0.1924,0.0188,0.0948
3329663307,2022-03-14T22:22:30.008483Z,50.340120920514,29.092725753613,57.2599479819,1.00,true,0.930,2.874,64.291,56.760,-9.992,42,21,21,62.322,69.481,74.992,727,748,0,0,0.0179,0.0736,0.0160,0.0315
3331276432,2022-03-14T22:38:43.140752Z,50.309920682162,28.972021359193,53.1911882673,1.00,true,0.993,3.061,72.098,52.691,-9.859,45,20,15,61.716,69.504,74.307,764,586,0,0,0.2899,0.2156,-0.0396,0.0976
3333250598,2022-02-24T03:14:55.382695Z,50.396783318921,29.588011720423,134.5458484405,1.00,true,1.832,5.749,69.879,134.046,-18.617,29,23,16,138.242,141.527,145.953,587,320,0,0,0.1252,0.0858,-0.0399,0.0958
3333462998,2022-02-24T03:17:19.932113Z,50.036732979057,28.802638051973,152.5994861941,1.00,true,2.891,3.034,169.175,152.099,-6.068,12,23,20,165.137,169.771,173.697,219,212,0,0,0.2638,0.2567,0.2490,0.3242
3333691648,2022-02-24T03:19:28.983001Z,48.884851605213,28.694993825400,18.1945623153,1.00,true,1.518,9.917,135.306,17.695,-26.017,22,23,18,189.425,202.393,212.276,439,293,0,0,-0.1808,0.2358,-0.6508,0.3729
3333783173,2022-02-24T03:20:43.150676Z,50.283554653975,28.874918452675,118.1393482262,1.00,true,2.317,1.559,140.849,117.639,-2.849,7,23,20,123.927,127.397,130.570,126,119,0,0,0.0213,0.3114,-0.0515,0.1300
3333990398,2022-02-24T03:22:50.796817Z,50.722451648361,30.812002597931,47.0001662694,1.00,true,2.163,0.946,42.376,46.500,-3.203,10,18,19,117.695,127.314,134.831,150,169,0,0,0.4135,0.3639,-0.0600,0.3230
3334333794,2022-03-27T11:18:02.462032Z,50.242432269473,28.835844393427,44.2117481197,1.00,true,0.897,2.988,84.368,43.712,-9.538,49,20,18,61.638,69.884,75.446,851,780,0,0,0.0442,0.0562,0.0073,0.0440
3334447673,2022-02-24T03:26:50.073712Z,50.967427501774,31.498921927374,4.0336917473,1.00,true,1.586,7.485,219.508,3.534,-20.926,25,23,17,160.496,168.115,176.735,513,316,0,0,-0.3640,0.3326,-0.0044,0.3310
3334844523,2022-02-24T03:31:03.017813Z,50.044999427802,28.723812536795,112.6647025484,1.00,true,2.118,1.333,151.274,112.165,-3.982,8,17,23,130.171,136.163,140.507,99,161,0,0,38.8130,8.5275,-0.0222,0.1260
3335245944,2022-03-27T11:27:14.681586Z,50.194160842230,28.981179583283,49.8669566427,1.00,true,0.907,2.974,88.253,49.367,-9.318,44,20,17,65.535,75.664,81.632,746,633,0,0,0.0488,0.0660,0.0027,0.0304
3335349273,2022-02-24T03:35:50.122151Z,53.101863692976,30.434497331851,41.9302164172,1.00,true,3.380,8.099,352.856,41.430,-21.878,5,21,23,277.444,285.308,297.984,102,114,0,0,-27.8779,3.3109,1.5315,0.6352
3336766898,2022-02-24T03:48:32.8648Z,53.063338977579,40.213250061760,45.1240183345,1.00,true,3.337,41.671,649.195,44.624,-117.135,40,24,24,795.236,802.940,810.609,918,921,0,0,-0.0104,0.1262,-0.2503,0.2258
3337397650,2022-09-24T11:53:25.13491Z,51.107007973837,28.450454501056,109.4083065452,1.00,true,1.099,1.160,127.140,108.908,-4.865,11,24,22,122.419,129.286,135.968,230,188,0,0,-0.3579,0.3936,-0.1289,0.1314
3342050373,2022-02-24T04:01:14.984091Z,43.520180747824,30.402392952650,74.2831560982,1.00,true,3.098,40.471,733.713,73.783,-118.016,40,24,23,785.914,800.679,812.013,918,886,0,0,0.0418,0.0832,1.4642,0.6571
3342792273,2022-02-24T04:10:22.483724Z,48.010855741257,28.354362103722,26.9985862600,1.00,true,2.451,10.211,298.173,26.499,-32.516,24,23,15,289.714,302.973,312.021,547,298,0,0,-0.3853,0.3070,-1.6343,0.3837
3343090098,2022-02-24T04:11:56.436357Z,43.822392705275,28.674737378323,97.2472421730,1.00,true,3.270,35.885,737.562,96.747,-116.564,40,24,24,749.834,763.839,773.973,918,921,0,0,0.0074,0.1509,0.3064,0.4063
3343250573,2022-02-24T04:13:17.353981Z,49.668484915326,40.235736106476,11.5170812991,1.00,true,3.790,41.263,576.335,11.017,-116.646,40,24,24,786.118,795.339,806.348,918,921,0,0,-0.0890,0.1247,-0.6550,0.1744
3343770498,2022-02-24T04:18:29.518921Z,47.358386693543,18.901253494652,56.3874465975,1.00,true,2.921,43.171,1018.934,55.887,-123.481,40,24,24,822.302,830.010,837.489,918,921,0,0,0.1985,0.1920,-6.9940,0.7669
3345348198,2022-02-24T04:36:01.036354Z,50.173839336866,28.404873556182,5.4636556278,1.00,true,0.718,2.930,102.792,4.964,-9.964,44,15,11,67.603,75.420,83.120,594,414,0,0,-0.0030,0.0631,0.0194,0.0417
3345530044,2022-03-27T12:29:57.391694Z,50.688978954935,30.415828641585,6.4832042845,1.00,true,0.825,3.399,54.054,5.983,-10.608,45,21,21,80.395,88.285,99.319,878,887,0,0,-0.0794,0.1202,0.1172,0.1579
3345621694,2022-03-27T12:30:49.301466Z,50.554314663685,30.481551322661,6.9697920745,1.00,true,0.844,3.418,59.766,6.470,-10.699,57,21,21,85.016,94.367,106.023,1111,1039,0,0,0.0682,0.1227,0.0339,0.0623
3345653219,2022-03-27T12:31:20.944837Z,49.992655196853,29.381879316576,34.1844722367,1.00,true,0.568,3.375,98.674,33.684,-10.055,48,19,21,71.810,86.413,96.440,842,936,0,0,-0.1489,0.1182,-0.0548,0.1142
3345726244,2022-03-27T12:31:53.557242Z,50.605538927411,30.517950290908,9.5449008573,1.00,true,0.437,3.885,62.573,9.045,-10.443,49,21,21,87.492,96.574,107.697,935,890,0,0,0.0428,0.1013,-0.1543,0.0759
3345879969,2022-03-27T12:33:48.119509Z,50.282536504485,29.594732523902,67.9690144358,1.00,true,0.858,2.870,65.042,67.469,-9.880,52,21,21,79.096,87.410,95.468,1014,949,0,0,0.0434,0.0430,0.0635,0.0452
3346031694,2022-03-27T12:34:58.721035Z,50.610188543082,30.542901420717,2.4442910784,1.00,true,0.871,3.931,63.881,1.944,-11.279,47,21,21,88.803,97.855,109.024,897,855,0,0,0.0180,0.0843,0.0892,0.0577
3346080744,2022-03-27T12:35:48.99055Z,50.245904772020,28.620087060037,42.9397935799,1.00,true,0.726,3.090,89.659,42.440,-10.009,51,21,21,68.473,75.056,80.483,1017,966,0,0,-0.0626,0.0597,0.0088,0.0272
3347190573,2022-02-24T04:54:32.842231Z,50.320859714748,29.417732143798,148.6869969593,1.00,true,1.800,5.685,56.376,148.187,-21.158,26,21,17,151.555,155.042,159.069,504,316,0,0,0.2374,0.1339,-0.5395,0.1793
3349727009,2022-12-29T07:03:29.086687Z,49.863263066044,26.938442488367,7.3160523194,1.00,true,2.077,3.138,308.566,6.816,-7.913,10,13,20,172.464,180.709,188.478,111,166,0,0,98.7348,1.7562,0.0435,0.4170
3350815359,2022-12-29T07:14:16.712367Z,50.586997887403,30.325452256206,9.1280303232,1.00,true,0.795,2.753,43.387,8.628,-8.288,47,23,14,74.039,83.271,94.696,880,566,0,0,-2.7605,1.4169,0.2614,0.1007
3352364348,2022-02-24T05:04:33.200368Z,43.751059886450,28.623264933056,17.5499736139,1.00,true,3.101,37.805,744.294,17.050,-115.800,42,23,22,756.516,770.688,780.939,925,886,0,0,0.0730,0.1515,0.9573,0.2448
3354146673,2022-02-24T05:24:05.088041Z,50.081271150927,27.840337726394,67.5681717438,1.00,true,3.345,2.120,213.957,67.068,-4.912,11,24,23,124.260,132.310,138.339,201,212,0,0,0.5537,0.3357,-0.1020,0.1657
3354377398,2022-02-24T05:26:39.676351Z,51.057984568327,28.747320553239,35.2172551686,1.00,true,1.336,0.559,17.186,34.717,-1.324,7,21,21,51.374,60.997,73.692,127,133,0,0,-0.1483,0.1452,0.0285,0.0863
3356894023,2022-02-24T05:51:49.901276Z,49.926031607714,27.584572622844,56.9005634562,1.00,true,1.896,2.315,244.618,56.401,-6.099,14,10,19,141.157,150.035,155.028,121,215,0,0,0.5669,0.3903,0.1556,0.4567
3362261223,2022-02-24T06:03:29.030972Z,55.669452802852,29.464775412790,465.8923738446,1.00,true,3.963,30.761,654.866,465.392,-115.969,42,18,22,701.829,709.128,719.752,731,887,0,0,0.2783,0.4239,-5.4985,1.1378
3362369948,2022-02-24T06:04:36.255427Z,43.985216618650,30.944619430043,63.6569000844,1.00,true,3.344,38.187,675.249,63.157,-115.745,42,15,24,740.741,755.443,767.349,612,965,0,0,-0.0140,0.1127,-0.3879,0.2218
3372097825,2022-09-24T15:00:26.881506Z,50.916580456966,28.888444030982,19.8094640786,1.00,true,0.380,1.187,22.703,19.309,-3.118,61,24,24,27.392,38.695,50.353,1277,1088,0,0,-0.0306,0.0459,-0.0209,0.0235
3372558298,2022-02-24T07:06:04.22739Z,56.795357359417,39.293757551356,5.4770563263,1.00,true,2.988,57.661,888.395,4.977,-136.773,40,24,24,943.184,950.444,960.137,918,921,0,0,0.3276,0.2522,-9.6571,3.4729
3373161419,2022-03-27T15:06:39.486341Z,50.666388065094,30.309610493631,10.7822344103,1.00,true,1.215,7.051,36.591,10.282,-0.514,44,3,1,77.259,78.414,79.709,121,40,0,0,0.1338,0.0470,0.7837,0.1108
3375381523,2022-02-24T07:36:41.615281Z,50.972539677668,28.394066785585,48.9495698859,1.00,true,1.593,1.338,79.798,48.450,-3.385,26,23,22,69.981,79.535,88.608,480,464,0,0,-0.0488,0.2013,0.0756,0.0828
3377238580,2022-10-10T05:45:06.484628Z,50.193879038472,29.503503555624,62.5240204770,1.00,true,1.158,2.798,68.433,62.024,-10.515,45,24,24,76.900,86.030,95.498,869,840,0,0,-0.0960,0.2199,0.0637,0.1591
3382756555,2022-10-10T06:00:18.80333Z,50.919238713942,30.544382570961,73.5168184119,1.00,true,1.921,4.658,157.004,73.017,-16.197,13,23,14,119.559,125.562,131.678,280,144,0,0,0.0633,0.1158,-0.4110,0.1579
3382858080,2022-10-10T06:01:19.003108Z,49.659650425215,28.248113959124,3.6495430246,1.00,true,1.050,4.758,73.371,3.150,-16.997,11,21,12,120.303,130.241,137.614,211,104,0,0,-0.0032,0.0919,-0.2776,0.1064
3383938619,2022-03-27T16:14:13.004402Z,50.347775712519,29.455906587071,79.8120335936,1.00,true,1.969,2.153,56.227,79.312,-3.996,16,17,11,84.770,91.194,97.250,258,140,0,0,0.1029,0.1423,0.0206,0.0536
3386524355,2022-10-10T06:37:55.897247Z,50.399426438045,28.874216054377,144.7492831971,1.00,true,2.311,1.971,147.329,144.249,-6.103,9,18,18,147.217,149.376,151.172,123,121,0,0,-0.0704,0.4944,-0.0475,0.2819
3387819176,2022-11-13T14:43:10.115802Z,50.888360169472,28.961682327133,21.4786309645,1.00,true,0.609,1.237,22.410,20.979,-2.884,58,22,12,25.445,35.104,46.447,920,584,0,0,-0.0131,0.0761,0.0183,0.0435
3392108434,2022-12-29T11:25:18.362102Z,44.185758790995,29.168242523030,63.2112959964,1.00,true,2.799,36.518,874.321,62.711,-120.638,40,24,24,707.075,721.537,732.007,955,931,0,0,-0.4355,0.3273,-2.3044,0.7002
3393107509,2022-12-29T11:36:59.035149Z,50.549560888113,28.945154494873,260.2057763227,1.00,true,3.434,5.505,198.790,259.706,-18.965,5,23,24,260.420,261.065,261.615,109,118,0,0,-0.3235,0.2289,1.1426,0.4644
3395057230,2022-10-10T07:23:34.362764Z,50.476882703880,28.904916681217,16.4262186774,1.00,true,0.821,0.757,5.062,15.926,-0.637,15,15,20,24.873,33.239,39.186,170,231,0,0,0.2724,0.5348,0.0421,0.2070
3396339748,2022-02-24T09:46:03.180366Z,50.967450325885,29.633666565775,50.5234303786,1.00,true,1.642,0.698,29.747,50.023,0.180,2,20,16,63.999,68.636,74.750,40,32,0,0,0.1085,0.3799,-0.0161,0.2716
3398077219,2022-03-27T17:55:45.388596Z,50.321795129400,29.240112744439,62.0495044329,1.00,true,0.362,2.944,62.643,61.550,-9.611,50,20,20,67.067,74.957,81.085,853,846,0,0,0.2015,0.0937,-0.0410,0.0618
3398323155,2022-10-10T07:55:53.844949Z,50.489777989004,29.371078970292,70.6578794497,1.00,true,1.447,2.402,26.060,70.158,-8.155,43,23,21,71.939,75.136,80.809,804,710,0,0,0.2499,0.1610,-0.0733,0.0620
3404769148,2022-02-24T10:30:29.247171Z,50.980106460092,28.308822573274,41.8415708918,1.00,true,1.485,1.807,80.072,41.342,-2.753,21,21,22,69.622,80.202,89.774,364,381,0,0,0.2701,0.1983,0.0526,0.0995
3404879548,2022-02-24T10:31:41.534178Z,50.429373543990,29.353511738761,11.2737377242,1.00,true,0.689,0.717,2.701,10.774,-0.466,17,12,21,20.490,33.112,45.785,169,267,0,0,0.0259,0.1618,-0.0118,0.0784
3405069980,2022-10-10T08:23:47.93862Z,49.349858470711,28.824229122686,45.1771739323,1.00,true,2.733,2.237,235.324,44.677,-0.061,5,24,19,143.105,155.744,165.119,102,81,0,0,-0.0615,0.2804,-0.1604,0.3544
3405523319,2022-03-27T18:29:51.24543Z,50.353896899195,29.332253934252,66.9021209074,1.00,true,0.361,2.966,55.392,66.402,-9.755,56,21,21,70.928,77.520,84.119,1105,1055,0,0,-0.1702,0.1164,-0.0008,0.0529
3405631644,2022-03-27T18:30:59.487441Z,50.327272344384,29.344652221422,66.2498088259,1.00,true,0.888,2.966,60.027,65.750,-10.513,56,21,21,71.397,78.560,85.499,1100,1048,0,0,-0.1411,0.1419,0.0095,0.0772
3405746694,2022-03-27T18:32:15.750359Z,50.208095340585,28.759474095397,30.4514159366,1.00,true,0.628,3.090,88.359,29.951,-9.250,48,21,21,57.985,67.056,73.325,854,867,0,0,0.0785,0.0828,0.0239,0.0441
3405836894,2022-03-27T18:33:06.035196Z,50.351784737258,28.990811014513,49.4505916463,1.00,true,0.563,2.847,62.431,48.951,-8.965,46,21,21,56.194,63.082,68.339,840,855,0,0,-0.0260,0.0774,-0.0248,0.0370
3405953769,2022-03-27T18:34:23.1991Z,50.489749607882,28.799743434549,46.6846907681,1.00,true,0.793,2.592,54.848,46.185,-8.801,47,21,21,54.556,57.326,61.208,919,849,0,0,-0.0591,0.0711,0.0116,0.0468
3406043019,2022-03-27T18:35:11.184096Z,50.196869365133,29.120786215502,54.0926600348,1.00,true,0.486,3.214,75.969,53.593,-9.816,53,20,21,67.050,77.220,84.109,949,943,0,0,-0.2818,0.1940,0.0421,0.1321
3406128894,2022-03-27T18:35:56.709751Z,50.340992363654,29.341773041696,65.2581029384,1.00,true,0.708,2.949,56.402,64.758,-10.290,55,20,21,69.932,76.908,83.802,1023,1032,0,0,-0.0498,0.0756,0.0051,0.0373
3406645644,2022-03-27T18:41:21.107164Z,49.127496801778,27.959731211842,13.9258698164,1.00,true,2.608,1.332,370.244,13.426,-2.893,5,17,9,185.196,194.522,200.285,84,38,0,0,-0.1669,0.2135,0.0043,0.1299
3408031578,2022-03-10T00:56:38.238144Z,50.258121586239,29.511402937137,160.4949018832,1.00,true,2.837,1.472,146.677,159.995,-2.762,7,19,20,165.082,169.411,173.410,133,137,0,0,-0.6188,0.4788,0.4689,0.3412
3408224003,2022-03-10T00:58:25.412808Z,50.409871073558,29.085365670871,37.7084857138,1.00,true,0.755,2.061,35.364,37.208,-7.587,14,19,18,41.668,49.288,55.521,210,194,0,0,-0.0596,0.3297,0.0322,0.1275
3408310903,2022-03-10T00:59:12.886226Z,50.424039368542,29.155988526096,36.1895026490,1.00,true,0.674,2.037,30.756,35.690,-7.114,12,15,18,38.969,47.096,53.857,136,176,0,0,0.0026,0.1990,0.0414,0.1584
3408321753,2022-03-10T00:59:21.819549Z,50.391309678117,29.035472449231,71.7654637475,1.00,true,1.011,2.691,52.564,71.265,-9.180,41,16,19,74.848,79.481,83.447,638,706,0,0,-0.0706,0.0582,0.0283,0.0388
3415060069,2022-03-27T19:25:31.253636Z,50.855224622273,28.779740729139,71.2776912416,1.00,true,0.629,2.171,20.760,70.778,-6.746,52,20,20,74.107,78.176,84.254,989,951,0,0,-0.0262,0.0733,-0.0426,0.0759
3415721494,2022-03-27T19:31:52.061242Z,50.925336253711,28.841102407693,72.5884161853,1.00,true,1.955,2.380,23.482,72.088,-7.939,53,20,16,75.741,80.212,87.355,1002,790,0,0,0.2345,0.0817,-0.0180,0.0573
3416359594,2022-03-27T19:38:30.864962Z,50.770463241791,28.792559772633,69.2278465945,1.00,true,1.043,2.057,22.504,68.728,-7.135,24,21,21,70.945,74.739,79.221,457,445,0,0,0.1883,0.0629,-0.0316,0.0627
3418120253,2022-03-10T01:57:25.785532Z,50.274316575917,29.670982065191,164.2167441917,1.00,true,2.360,1.518,135.698,163.717,-3.214,7,20,20,170.154,174.391,178.693,138,137,0,0,0.0504,0.3910,-0.6077,0.2521
3423631349,2022-04-13T10:04:52.049151Z,50.924604341161,28.940336269931,21.5950169436,1.00,true,0.396,1.247,26.227,21.095,-2.951,46,24,18,28.065,38.376,50.331,986,668,0,0,0.0205,0.0609,-0.0123,0.0369
3424416628,2022-03-10T02:20:24.048623Z,49.522508871223,28.856556291702,131.9592608186,1.00,true,2.377,1.627,293.156,131.459,-0.951,10,21,18,175.555,185.526,191.372,183,137,0,0,-0.4436,0.3614,-0.2426,0.2332
3426076594,2022-03-27T20:35:46.409086Z,50.709972111953,28.664948213238,77.7703520480,1.00,true,1.139,2.206,26.226,77.270,-8.591,42,21,20,81.477,85.320,89.680,820,745,0,0,-0.1574,0.2835,0.0541,0.1170
3426139794,2022-03-27T20:32:08.512241Z,49.347513418796,18.230113071219,448.2276329522,1.00,true,1.041,1.849,754.132,447.728,-249.488,34,0,19,879.516,887.013,894.319,0,580,0,0,-0.0453,0.3093,0.1296,0.2539
3428275244,2022-03-27T20:57:46.274516Z,50.836214252448,28.832726835635,72.4528869043,1.00,true,0.936,2.229,22.536,71.953,-6.725,42,21,20,74.207,78.120,83.208,819,743,0,0,0.2527,0.1124,-0.0758,0.0406
3432863069,2022-03-27T21:03:34.010684Z,51.316155970049,30.282745611304,8.7997310759,1.00,true,0.670,7.924,131.973,8.300,-6.989,40,21,20,99.365,105.775,114.079,778,715,0,0,0.0598,1.3180,-0.3647,0.3070
3433433638,2022-11-26T07:47:57.056227Z,47.412780195311,25.995011049351,63.4356936331,1.00,true,2.431,35.753,486.740,62.936,-31.944,18,23,23,422.843,432.301,439.373,392,401,0,0,0.1903,0.1490,0.1521,0.2396
3433955119,2022-03-27T21:14:26.449364Z,50.848089389909,28.822357812159,70.0778135494,1.00,true,0.558,2.115,23.138,69.578,-6.551,37,21,21,72.174,76.462,81.905,715,682,0,0,0.3427,0.1800,0.0292,0.0621
3434380444,2022-03-27T21:18:51.491447Z,50.709104959850,28.671355604068,66.6805012216,1.00,true,1.407,2.007,20.879,66.181,-7.509,27,15,18,70.825,75.150,80.021,382,442,0,0,0.3124,0.1497,-0.0049,0.0687
3434652248,2022-02-24T13:29:11.035207Z,50.927063004670,28.699785788689,43.2286585048,1.00,true,0.539,1.460,42.837,42.729,-3.965,9,23,23,52.157,60.844,69.718,188,180,0,0,-0.2029,0.1109,-0.0125,0.0581
3434763944,2022-03-27T21:22:35.492161Z,50.775519829430,28.815168289480,70.9516938668,1.00,true,0.881,2.007,25.601,70.452,-6.508,23,17,19,72.338,75.305,80.187,370,399,0,0,0.1686,0.1210,0.0415,0.0521
3435559594,2022-03-27T21:30:30.751776Z,50.580361589426,28.228865168661,36.9846891482,1.00,true,1.569,2.207,42.389,36.485,-7.248,49,20,16,68.138,76.124,83.085,926,730,0,0,0.4029,0.2447,-0.0362,0.2229
3435670944,2022-03-27T21:30:08.824519Z,47.284123411118,27.415131404635,177.2241576133,1.00,true,0.791,14.020,410.761,176.724,-100.175,42,0,21,419.877,431.724,438.146,0,779,0,0,2.2754,1.1587,-0.0262,0.1280
3436463744,2022-03-27T21:39:34.842574Z,50.745865124901,28.784414216203,70.7777175555,1.00,true,1.008,2.120,24.956,70.278,-7.157,42,18,20,72.517,75.877,80.292,716,754,0,0,0.0880,0.1760,0.0489,0.0701
3437778219,2022-03-27T21:52:48.492758Z,51.047510030108,29.155483989341,77.4766636237,1.00,true,1.439,2.828,52.696,76.977,-8.507,30,21,20,83.445,87.008,95.021,575,539,0,0,0.0886,0.7371,-0.3348,0.3406
3438785174,2022-04-13T11:56:00.540303Z,50.170326121486,27.995334276146,8.9047593443,1.00,true,1.396,3.172,157.330,8.405,-8.460,32,23,20,90.512,99.974,106.888,619,499,0,0,-14.0572,3.7115,0.0847,0.1698
3443225294,2022-03-27T22:07:03.165079Z,50.437100911458,31.138275477204,53.0426734370,1.00,true,2.763,1.420,99.122,52.543,-0.835,3,21,14,142.228,151.055,162.310,62,37,0,0,-0.1403,0.3443,-0.0280,0.1667
3443311953,2022-03-10T04:09:16.369709Z,50.517206073116,29.239637721911,94.4728555893,1.00,true,1.874,2.191,75.956,93.973,-4.630,43,20,17,94.577,96.734,99.675,790,530,0,0,-0.0680,0.3763,-0.0583,0.1229
3443430344,2022-03-27T22:09:08.017574Z,50.576350530443,30.633563721262,90.6575332722,1.00,true,1.796,1.084,83.807,90.158,0.018,5,17,18,131.052,137.863,146.521,75,66,0,0,0.6102,0.3097,-0.1165,0.2223
3445892978,2022-03-10T04:34:51.702569Z,50.366032990053,29.340610226353,66.5674335430,1.00,true,0.781,2.973,53.812,66.067,-10.297,55,20,21,70.289,76.634,83.259,1025,1032,0,0,0.0086,0.1612,-0.0080,0.0761
3447236978,2022-03-10T04:48:35.920821Z,50.475742320645,29.059170563176,75.1187774552,1.00,true,0.723,2.942,61.181,74.619,-10.079,53,14,15,76.725,79.905,82.151,681,736,0,0,-0.0931,0.0886,0.0044,0.0498
3448038169,2022-03-27T22:54:53.407542Z,52.493933016748,35.106787390533,189.2560775810,1.00,true,0.767,74.560,487.126,188.756,-22.592,50,21,10,483.146,490.046,495.226,987,440,0,0,-0.0505,0.1127,-0.0063,0.2776
3452843259,2022-09-07T05:09:06.225732Z,50.493779133091,28.930392904563,13.7121864340,1.00,true,1.267,0.623,5.624,13.212,-0.774,15,20,18,21.155,29.810,35.731,227,228,0,0,0.6280,0.5483,0.0136,0.1826
3453044969,2022-03-27T23:05:18.118623Z,50.995203168995,29.457835618485,48.7817697347,1.00,true,1.716,2.022,55.381,48.282,-4.881,27,18,17,59.493,63.556,71.548,452,418,0,0,-37.4252,17.1557,0.0082,0.0840
3456630479,2022-08-21T15:53:45.839045Z,50.871123863467,28.942548563035,19.1876158830,1.00,true,0.690,1.223,19.223,18.688,-2.161,44,19,16,22.964,33.196,44.415,685,559,0,0,0.0474,0.0872,-0.0128,0.0391
3458229150,2022-06-02T11:36:09.395425Z,50.413085964053,29.536326057102,76.3723786578,1.00,true,1.335,2.026,36.729,75.872,-4.605,29,22,22,81.296,86.027,92.998,553,510,0,0,-0.2104,0.2449,-0.0274,0.1568
3463324378,2022-03-10T06:09:23.893707Z,50.436057591396,29.028568830680,69.4691708836,1.00,true,0.583,2.885,64.139,68.969,-9.106,48,13,15,73.415,76.364,79.016,588,652,0,0,-0.5201,0.2509,-0.0616,0.1389
3463816378,2022-03-10T06:14:17.926876Z,50.427818321429,30.025693798105,65.9724778803,1.00,true,1.615,2.042,3.467,65.472,-7.073,35,20,16,86.592,94.390,103.232,654,497,0,0,-0.0658,0.0876,-0.0069,0.0809
3465235508,2022-07-18T08:47:34.067687Z,50.961489903551,28.919676273949,18.8163378996,1.00,true,0.497,1.288,27.569,18.316,-2.932,41,15,12,29.150,39.541,50.159,574,432,0,0,0.3193,0.1640,-0.0368,0.1096
3472503653,2022-03-10T07:01:07.58028Z,49.969928066302,30.195368145455,145.2753266325,1.00,true,3.025,1.423,93.311,144.775,-5.420,7,21,20,173.293,180.783,188.424,141,138,0,0,0.3297,0.3211,0.0130,0.2561
3473140253,2022-03-10T07:07:43.375893Z,50.346678655637,31.216721584001,88.8518652251,1.00,true,2.714,1.355,12.288,88.352,-5.624,7,21,21,164.931,173.043,183.804,139,124,0,0,-0.0250,0.3583,0.1744,0.2217
3475040678,2022-03-10T07:26:44.390296Z,50.432178349314,29.178609632881,97.9256541153,1.00,true,1.922,1.703,83.432,97.426,-5.610,50,13,13,98.812,102.179,105.469,622,468,0,0,-1.8836,0.6772,0.0103,0.0308
3476344128,2022-03-10T07:39:42.809659Z,50.104307614490,29.002061546219,32.4356742588,1.00,true,0.775,3.264,89.823,31.936,-10.190,52,13,14,60.898,73.621,81.343,619,647,0,0,0.0180,0.1746,0.0066,0.1107
3477028853,2022-03-10T07:46:27.067454Z,50.207399199108,27.951885457201,7.1072921856,1.00,true,0.959,4.052,144.468,6.607,-10.933,61,19,12,94.569,100.038,106.977,1093,659,0,0,0.1288,0.1856,0.2154,0.2099
3477892399,2022-04-13T15:45:16.580628Z,45.791051712995,32.016892310521,359.9140754878,1.00,true,3.055,31.099,753.059,359.414,-120.419,40,23,24,659.548,671.457,682.157,916,931,0,0,-48.6923,1.9953,3.2679,0.5272
3482737233,2022-07-18T10:22:35.287249Z,50.457827491391,29.225905216483,92.7350921044,1.00,true,1.793,2.164,81.313,92.235,-3.713,42,23,20,93.312,96.132,100.013,834,562,0,0,0.1357,0.2162,-0.0081,0.0820
3483040098,2022-02-24T18:12:58.680251Z,50.459852347040,29.359954451985,90.1302090761,1.00,true,1.350,1.885,66.604,89.630,-4.320,49,21,20,91.342,94.370,99.204,911,695,0,0,0.0749,0.0794,0.0090,0.0357
3484316403,2022-03-10T08:19:15.269502Z,50.343214686619,29.294903548251,66.7438512534,1.00,true,0.814,2.955,56.447,66.244,-9.730,56,19,15,70.867,77.725,84.064,993,756,0,0,0.1594,0.1128,-0.0002,0.0607
3486813628,2022-03-10T08:44:18.060023Z,50.690900197508,29.798421308579,72.2204627795,1.00,true,1.722,1.715,37.892,71.720,-4.940,9,20,16,81.138,84.798,91.078,166,124,0,0,-0.1721,0.2846,0.0007,0.1586
3492581523,2022-02-24T19:08:34.076763Z,50.414766230169,28.767600342786,73.8879381316,1.00,true,1.287,2.898,82.426,73.388,-10.923,47,22,21,79.771,84.009,87.534,865,823,0,0,0.1345,0.1110,-0.0084,0.0599
3495222503,2022-03-10T09:28:22.378846Z,50.254613282441,29.562888371389,57.7619027127,1.00,true,1.063,3.123,62.835,57.262,-8.621,45,21,20,71.065,80.548,89.537,871,818,0,0,0.4946,0.1682,0.0850,0.0996
3502255898,2022-02-24T20:05:14.861015Z,50.444494936638,29.333172772360,89.0810958246,1.00,true,1.558,2.002,68.838,88.581,-4.139,49,23,20,90.304,93.794,98.464,989,707,0,0,0.0566,0.1025,0.0034,0.0319
3502864548,2022-02-24T20:11:23.323114Z,50.442172761381,29.235807421335,88.8161950987,1.00,true,2.128,1.856,74.654,88.316,-4.677,44,21,21,89.648,92.986,97.134,817,647,0,0,0.4161,0.2059,-0.0331,0.1025
3507927578,2022-03-10T10:55:27.24669Z,50.265780567623,29.093033030734,49.0578035045,1.00,true,1.036,2.948,69.043,48.558,-9.753,50,18,16,58.860,68.977,74.958,809,725,0,0,0.0860,0.1018,-0.0169,0.0455
3513350178,2022-03-10T11:09:52.133913Z,50.819949232689,28.790531291825,72.2598715214,1.00,true,0.977,2.161,24.482,71.760,-6.866,40,20,20,74.359,78.502,83.356,743,718,0,0,0.0679,0.3257,0.0749,0.1311
3513603578,2022-03-10T11:12:03.335774Z,50.260925009803,28.706341478785,37.8620746727,1.00,true,0.645,3.136,86.940,37.362,-8.664,47,21,21,60.861,68.129,73.597,831,856,0,0,0.2354,0.2168,-0.0363,0.0972
3514126578,2022-03-10T11:17:25.18598Z,50.354152030699,29.099288568107,66.7868174938,1.00,true,1.530,2.911,68.518,66.287,-10.814,44,14,17,70.625,76.469,81.598,522,619,0,0,-0.7408,0.3872,0.0253,0.2132
3515356933,2022-07-18T13:48:55.813579Z,50.897509991947,28.891279562497,21.6980592975,1.00,true,0.450,1.199,21.373,21.198,-3.186,58,14,16,27.623,39.915,49.367,687,666,0,0,-0.1573,0.1871,0.0118,0.0884
3517638098,2022-02-24T21:58:57.46927Z,50.696803882928,28.488198295171,50.6833619862,1.00,true,1.225,1.370,89.375,50.183,-2.531,15,21,21,62.644,69.391,76.010,243,241,0,0,0.1176,0.1951,-0.0008,0.1080
3518291078,2022-03-10T11:58:52.448544Z,50.483243999396,29.387683702730,64.5938599669,1.00,true,0.782,2.224,17.928,64.094,-7.551,41,21,20,66.289,70.650,76.243,800,724,0,0,0.1098,0.1650,0.1025,0.0700
3523748453,2022-03-10T12:13:48.445385Z,50.398773759320,29.166715414455,57.1979907792,1.00,true,1.016,2.692,51.357,56.698,-9.555,47,20,16,59.678,65.821,71.386,842,669,0,0,-0.2303,0.1097,0.0223,0.0669
3534356587,2022-06-15T07:46:02.78771Z,53.466230574696,32.107196613730,65.8691248871,1.00,true,2.791,15.796,389.398,65.369,-41.212,23,24,15,366.888,374.093,383.886,544,288,0,0,0.0275,0.1041,-1.2451,0.1709
3535816603,2022-03-10T13:34:18.792577Z,50.450694664930,29.340578099348,74.7037138229,1.00,true,1.626,2.383,34.392,74.204,-7.207,48,18,20,76.122,80.170,85.533,760,786,0,0,-0.0296,0.0757,-0.0106,0.0583
3536538078,2022-03-10T13:41:36.885731Z,50.420526517813,29.032059983484,73.8482645077,1.00,true,0.776,2.767,67.935,73.348,-10.114,50,20,18,76.208,80.104,83.677,853,758,0,0,0.0023,0.1589,-0.0054,0.0805
3545812603,2022-03-10T14:34:19.871136Z,49.226510099775,28.251686900354,30.4708780247,1.00,true,3.189,1.995,335.250,29.971,-2.129,8,20,20,164.744,177.036,183.958,144,142,0,0,-0.3690,0.2468,-0.0227,0.1320
3546499203,2022-03-10T14:41:09.310769Z,51.273329462393,29.579079482736,41.1634540396,1.00,true,2.380,0.976,52.595,40.663,1.311,2,21,19,76.816,82.865,93.781,40,32,0,0,-0.4329,0.7303,0.0152,0.2256
3547111203,2022-03-10T14:47:21.596978Z,51.058786839432,29.286543447045,52.6647213113,1.00,true,1.603,1.241,48.036,52.165,1.597,3,21,17,63.060,67.317,77.280,56,42,0,0,0.1415,0.4534,0.0304,0.1270
3547444828,2022-03-10T14:50:45.083241Z,49.902715982401,29.338571274457,20.3342978132,1.00,true,1.672,2.900,116.449,19.834,-8.917,47,19,15,75.361,91.309,101.308,837,613,0,0,-0.3088,0.3101,0.0135,0.1804
3554064137,2022-06-15T09:43:47.506514Z,50.959057932749,28.814990171918,63.9076182902,1.00,true,0.931,1.275,25.168,63.408,-3.493,18,24,24,68.874,75.405,82.875,427,426,0,0,0.0362,0.1325,-0.0002,0.0604
3563406365,2022-03-23T04:59:07.02621Z,50.237302126126,29.463038673698,63.0483420967,1.00,true,0.573,3.042,70.630,62.548,-9.974,45,21,21,74.232,83.069,91.713,878,887,0,0,0.0628,0.1479,0.0857,0.0761
3564804878,2022-03-10T16:24:05.425357Z,50.626997121687,28.886752958440,74.0185289323,1.00,true,0.815,2.384,57.661,73.519,-8.575,23,19,16,75.253,77.286,79.115,402,330,0,0,0.0579,0.1775,-0.0118,0.1220
3567597065,2022-03-23T05:01:00.464455Z,50.437222954668,29.376018773837,54.5721740974,1.00,true,0.855,2.050,14.753,54.072,-7.536,20,21,20,57.290,63.275,70.282,394,347,0,0,-0.1738,0.2386,0.0183,0.0790
3567689365,2022-03-23T05:01:49.61687Z,50.522125323963,30.348759827765,22.3234452867,1.00,true,0.517,3.251,58.416,21.823,-10.383,47,21,21,78.953,88.094,99.918,909,916,0,0,-0.0435,0.0447,0.0191,0.0265
3567806865,2022-03-23T05:03:10.454166Z,50.501658251978,29.440453896083,64.6840952666,1.00,true,1.008,2.212,16.391,64.184,-7.546,42,21,21,66.795,70.975,76.745,824,787,0,0,0.0444,0.1085,0.0248,0.0621
3567842090,2022-03-23T05:03:41.812139Z,50.585200149721,30.547013842834,1.4473798268,1.00,true,0.919,3.961,62.754,0.947,-11.188,62,21,21,89.162,98.437,109.740,1195,1128,0,0,0.1420,0.1741,0.5781,0.1622
3571781186,2022-04-26T13:33:04.319244Z,44.157463281781,29.982264590418,15.8468290354,1.00,true,2.608,35.750,885.897,15.347,-122.681,40,24,22,712.585,727.500,738.613,955,851,0,0,27.2330,1.6795,-5.3780,0.7284
3572027711,2022-04-26T13:35:54.273498Z,45.024016922150,28.223017025418,300.5465829724,1.00,true,2.838,32.427,776.454,300.047,-119.727,40,24,23,674.899,686.921,695.650,955,895,0,0,-26.1090,2.8116,1.3437,0.2061
3575183988,2022-08-04T09:40:31.303044Z,50.446481443396,29.385821939465,9.1037037426,1.00,true,0.733,0.450,1.334,8.604,-0.697,20,24,24,19.530,31.606,44.887,356,365,0,0,-0.1010,0.2304,0.0051,0.1129
3575243978,2022-03-10T17:28:44.247507Z,50.423137978459,29.158670271535,53.0978082100,1.00,true,0.534,2.579,45.169,52.598,-8.752,43,21,21,55.039,60.946,66.460,847,817,0,0,0.0578,0.0491,0.0033,0.0256
3575449753,2022-03-10T17:30:49.779729Z,50.446469947690,29.215236313891,54.5133358879,1.00,true,0.719,2.560,40.475,54.013,-9.220,43,21,21,55.727,61.380,66.742,845,815,0,0,0.0657,0.0454,-0.0080,0.0266
3575642628,2022-03-10T17:32:41.721546Z,50.331505948896,28.762274819522,51.0907503134,1.00,true,0.721,2.861,79.059,50.591,-9.278,51,18,19,65.950,70.255,74.620,801,828,0,0,-0.1292,0.0934,-0.0079,0.0465
3575923953,2022-03-10T17:35:23.568213Z,50.064485655747,28.421624870647,3.1164445691,1.00,true,1.076,3.690,109.357,2.616,-9.432,44,12,15,77.588,86.298,92.937,504,599,0,0,0.0618,0.3053,-0.2461,0.1829
3578330525,2022-06-02T23:37:14.899102Z,50.618065844154,28.877185876721,101.4829696819,1.00,true,1.871,1.031,119.670,100.983,-1.101,2,23,22,102.293,103.859,105.414,40,34,0,0,-0.0441,0.4139,-3.4635,2.1759
3579385636,2022-04-26T14:11:09.377411Z,51.528000391512,29.396974145360,55.9773167793,1.00,true,1.763,2.081,195.236,55.477,-1.623,11,21,19,103.270,111.347,122.552,205,170,0,0,-0.1122,0.3527,-0.0071,0.1520
3580330336,2022-04-26T14:20:49.194348Z,50.841351285419,28.813922226295,72.7706118162,1.00,true,0.972,2.180,24.066,72.271,-6.806,50,21,19,74.839,78.940,84.119,964,831,0,0,0.0472,0.0460,0.0035,0.0458
3581871087,2022-06-15T12:21:51.015291Z,50.959215672698,28.857673736421,73.6918713347,1.00,true,0.927,2.056,24.946,73.192,-6.985,40,24,24,77.487,82.953,89.767,895,854,0,0,0.0419,0.1443,-0.0139,0.0659
3582864732,2022-02-07T10:12:57.843313Z,50.553958737561,29.279470990924,21.7194185780,1.00,true,1.022,0.659,15.689,21.219,-1.157,6,21,17,22.358,27.182,36.890,92,79,0,0,0.0984,0.1836,-0.0029,0.0863
3588207053,2022-03-10T18:58:08.56902Z,50.041779585742,29.294320637582,47.5010881716,1.00,true,1.462,2.618,106.715,47.001,-7.431,31,20,21,73.996,87.268,95.900,598,588,0,0,-0.2062,0.0716,-0.0148,0.0830
3590548037,2022-06-15T13:08:34.439661Z,50.479274833376,28.496224254671,5.4612599566,1.00,true,0.822,0.780,2.034,4.961,-0.560,6,24,22,42.888,51.403,58.334,128,121,0,0,0.0942,0.2713,-0.1696,0.1109
3592509128,2022-03-10T19:01:09.060825Z,50.378069057646,29.402343959219,67.0489310442,1.00,true,0.919,3.099,52.719,66.549,-8.939,50,20,20,71.094,77.286,84.130,954,913,0,0,0.3242,0.1205,0.0186,0.0801
3611354462,2022-06-15T15:16:38.340303Z,50.908390875525,28.950734591217,23.0525146509,1.00,true,0.403,1.231,24.980,22.553,-2.660,46,24,21,28.051,37.703,49.247,986,742,0,0,0.1344,0.0940,-0.0040,0.0596
3612634178,2022-03-10T21:02:34.471198Z,50.485128508769,29.268294335337,71.4242399614,1.00,true,0.719,2.524,31.623,70.924,-8.529,41,21,21,71.932,75.378,79.943,810,763,0,0,-0.1662,0.1302,0.0017,0.0823
3616904178,2022-03-10T21:45:11.673832Z,50.084412531218,29.438088467529,170.4888183387,1.00,true,2.911,1.111,216.576,169.989,-1.326,9,21,19,178.749,184.035,188.670,166,138,0,0,-0.0680,0.1424,-0.2427,0.1767
3618032753,2022-03-10T21:56:39.02101Z,50.355197864415,29.251248738471,70.2614399795,1.00,true,1.543,1.529,65.166,69.761,-2.979,10,19,15,73.586,80.184,85.571,175,104,0,0,0.2572,0.5265,-0.0274,0.2209
3620386847,2022-11-09T08:19:10.01989Z,50.927964504199,28.922536596310,15.4122369297,1.00,true,0.630,1.178,24.080,14.912,-2.980,54,24,22,24.309,36.206,48.842,1066,907,0,0,0.0018,0.1159,-0.0254,0.0464
3629297747,2022-11-09T09:06:24.815525Z,50.975669401799,35.628588062293,504.1132089839,1.00,true,2.861,31.238,546.529,503.613,-119.184,40,24,24,662.491,667.493,673.641,955,931,0,0,-0.5000,0.3609,2.7544,0.4463
3637524890,2022-03-23T12:00:25.816499Z,50.465498495891,29.086480351047,71.5208622486,1.00,true,0.854,2.857,58.372,71.021,-10.184,41,21,21,72.614,75.939,79.415,713,720,0,0,-0.1648,0.1383,0.0242,0.0943
3637735690,2022-03-23T12:02:36.736648Z,50.289996708048,29.156227265520,55.7992574215,1.00,true,1.051,2.894,62.009,55.299,-10.263,47,21,21,62.914,71.424,77.961,890,817,0,0,0.0705,0.0550,-0.0085,0.0702
3637830540,2022-03-23T12:03:32.544283Z,50.513230452011,29.200167628925,57.7459816790,1.00,true,0.985,2.572,36.115,57.246,-9.456,41,21,21,57.896,61.388,65.625,810,790,0,0,-0.3389,0.2034,0.0168,0.0819
3638029915,2022-03-23T12:05:31.836876Z,50.322860296298,28.467979578905,31.6400667793,1.00,true,1.132,3.031,93.377,31.140,-9.163,49,19,21,65.913,70.663,76.344,899,932,0,0,0.1188,0.2718,-0.0430,0.1664
3638265371,2022-09-20T12:10:31.495034Z,46.699889301844,36.171740349988,68.9043127081,1.00,true,2.107,32.075,839.451,68.404,-118.505,40,24,23,666.876,677.797,691.140,955,891,0,0,0.3514,0.2736,1.7080,0.4220
3638542215,2022-03-23T12:10:44.19316Z,50.699723595185,28.854131742181,49.9088892115,1.00,true,0.504,2.471,31.864,49.409,-8.807,40,21,21,51.177,54.550,59.096,787,724,0,0,-0.0521,0.0483,0.0065,0.0340
3639400747,2022-11-09T10:08:25.418133Z,47.785475999792,26.721648413558,2.4594848270,1.00,true,1.515,2.733,395.250,1.959,-61.582,47,23,0,356.438,366.304,374.042,821,0,0,0,-144.5760,74.6635,-0.0992,0.1345
3641194797,2022-11-09T10:26:47.612016Z,48.156361761037,27.439307444979,0.7096799409,1.00,true,2.753,10.873,328.482,0.210,-34.388,19,23,21,295.307,306.511,314.332,428,319,0,0,-110.1536,26.5032,0.6654,0.6007
3641346266,2022-05-12T10:24:14.578509Z,50.514385691576,29.223790104974,92.0032248934,1.00,true,1.940,2.295,79.879,91.503,-3.421,41,24,17,92.101,94.005,97.280,846,467,0,0,0.0936,0.2525,0.0197,0.1245
3641774597,2022-11-09T10:32:50.814323Z,50.456334165216,28.752345427522,39.3955783504,1.00,true,1.009,2.623,53.594,38.896,-8.186,48,21,22,48.218,54.544,59.486,834,896,0,0,0.5884,0.3885,-0.0116,0.1856
3647128899,2022-06-28T07:22:42.076532Z,51.592960566027,27.792820249257,277.4275899991,1.00,true,2.890,9.615,294.056,276.928,-35.923,24,24,23,303.492,309.431,314.842,568,441,0,0,72.5436,1.2173,-0.9996,0.1786
3648940515,2022-03-23T13:14:41.075818Z,50.503292787744,28.988079683746,84.2429726262,1.00,true,1.158,2.752,57.618,83.743,-9.924,47,21,20,85.762,87.649,89.561,920,788,0,0,-0.0897,0.2020,-0.0761,0.1580
3649547370,2022-07-31T15:39:48.600706Z,50.900172819156,28.932164160750,21.8892735513,1.00,true,1.092,1.260,23.550,21.389,-3.399,46,24,19,26.964,37.047,48.477,986,707,0,0,-0.1307,0.0676,-0.0004,0.0402
3654556891,2022-05-12T11:56:24.722806Z,50.905987907517,28.049559939998,2.1740183412,1.00,true,1.715,1.713,102.171,1.674,-4.277,27,24,24,69.876,81.821,92.705,514,525,0,0,0.1785,0.1859,0.0748,0.0880
3655194863,2022-08-04T17:38:46.60045Z,50.699150775861,36.732372600776,406.1922732930,1.00,true,3.060,30.823,629.499,405.692,-116.400,40,24,17,650.542,656.882,664.649,955,663,0,0,0.0500,0.5250,0.8929,0.3335
3656993850,2022-08-17T06:07:41.512981Z,50.847915418153,28.906380901879,20.5405672239,1.00,true,0.678,1.179,16.446,20.041,-2.487,40,15,11,23.986,34.587,44.156,446,349,0,0,0.2584,0.1049,-0.0018,0.0452
3657249674,2022-06-28T08:24:35.09564Z,50.988587750181,28.810546493970,63.1276623036,1.00,true,1.135,1.283,22.381,62.628,-3.904,18,24,24,69.261,76.214,84.214,427,426,0,0,0.0635,0.0826,0.0022,0.0522
3667827090,2022-03-23T15:03:27.971215Z,50.178689377454,29.381276213007,61.9851959423,1.00,true,0.955,3.083,80.918,61.485,-10.029,47,16,20,75.449,85.859,93.742,714,822,0,0,-0.0187,0.0627,0.0670,0.0530
3669342191,2022-05-12T13:02:16.949717Z,44.687645386098,31.121044169288,750.1211757107,1.00,true,3.129,79.732,596.564,749.621,-117.050,40,24,24,978.440,987.438,994.990,918,921,0,0,0.2347,0.2197,-0.0075,0.6520
3671395347,2022-11-09T13:29:21.770143Z,50.511026891283,28.577749930807,11.1445275181,1.00,true,1.329,0.491,5.885,10.645,-0.230,6,24,22,37.597,45.917,52.503,128,119,0,0,0.7372,0.3388,-0.0646,0.1132
3682388740,2022-03-23T16:49:00.973749Z,51.070511588880,30.730996565584,39.8311125967,1.00,true,2.780,1.469,26.612,39.331,0.974,2,15,19,119.061,126.360,132.389,27,35,0,0,0.6336,0.4678,-0.0786,0.2279
3690493265,2022-03-23T17:29:56.549811Z,50.517318378523,29.465929578220,71.4495174183,1.00,true,0.895,2.216,21.112,70.950,-7.450,61,21,21,73.377,77.023,82.520,1163,1116,0,0,0.0369,0.0732,0.0079,0.0320
3690995015,2022-03-23T17:35:00.050359Z,49.161299194622,28.564258121700,19.5973803825,1.00,true,2.616,2.890,243.540,19.097,-5.950,13,14,18,162.106,177.148,183.578,174,217,0,0,-0.2389,0.5022,0.2987,0.3374
3696985800,2022-08-17T10:05:36.54239Z,49.551705437459,21.280489850814,366.4348135939,1.00,true,2.849,30.917,539.429,365.935,-119.458,40,24,22,660.560,668.126,674.379,955,854,0,0,-0.4750,0.3375,3.2131,0.5902
3697590724,2022-03-06T00:00:28.634615Z,44.595902238645,25.446761852477,191.4048669946,1.00,true,0.584,3.297,769.714,190.905,-123.365,42,18,0,734.000,745.385,752.355,621,0,0,0,0.2965,0.2306,-0.0999,0.1952
3700274749,2022-03-06T00:29:16.218666Z,50.504899298450,28.597247078665,11.5811081619,1.00,true,0.380,0.366,3.172,11.081,0.219,5,22,22,36.708,44.955,51.737,101,103,0,0,0.1418,0.2859,-0.1117,0.1420
3700360874,2022-03-06T00:29:53.675845Z,50.633107904126,29.075702463883,54.6463968766,1.00,true,1.025,2.436,26.921,54.146,-9.324,45,23,23,54.693,55.711,56.952,928,912,0,0,-0.1340,0.0646,-0.0013,0.0267
3700483899,2022-03-06T00:31:19.63611Z,50.938929168416,28.845731817717,64.5129625386,1.00,true,1.168,1.829,18.261,64.013,-6.364,41,23,23,68.359,74.157,81.468,872,846,0,0,0.0143,0.0760,-0.0212,0.0768
3700596799,2022-03-06T00:32:33.419938Z,50.827476844216,28.475787645532,48.4880271604,1.00,true,1.056,1.702,24.161,47.988,-5.580,25,18,21,61.954,69.993,78.242,405,456,0,0,-0.0708,0.2656,0.0133,0.2076
3702407742,2022-07-01T14:20:37.623865Z,50.911041454088,28.867989938745,13.5017366705,1.00,true,0.600,1.204,21.452,13.002,-2.376,44,23,15,23.553,36.355,48.413,812,558,0,0,0.1569,0.0836,-0.0030,0.0377
3708017040,2022-03-23T19:05:18.095254Z,50.227407861128,29.137640649836,50.7820576976,1.00,true,0.840,3.001,72.408,50.282,-9.905,49,11,12,62.314,72.197,78.049,496,520,0,0,0.0879,0.0855,-0.0293,0.0331
3709497840,2022-03-23T19:19:58.115155Z,50.357319807638,29.427601373015,69.3921221276,1.00,true,0.900,3.025,55.364,68.892,-10.885,51,17,17,74.294,80.766,87.734,837,815,0,0,-0.0942,0.1288,0.0115,0.0504
3710624049,2022-06-28T13:58:09.171088Z,50.989093623105,28.804131065966,63.2969258186,1.00,true,0.924,1.299,21.925,62.797,-3.829,20,24,24,69.540,76.537,84.520,474,471,0,0,0.0320,0.0837,-0.0012,0.0560
3719290026,2022-10-06T10:13:59.972326Z,43.909729165788,25.960937208618,22.8260753278,1.00,true,2.391,46.907,911.488,22.326,-121.028,40,24,24,776.738,788.590,797.135,955,931,0,0,0.1141,0.2382,-4.1559,1.2309
3723666920,2022-04-09T10:55:14.269694Z,50.576198650694,28.745864228509,88.1952598670,1.00,true,1.501,3.169,86.073,87.695,-9.730,43,11,16,91.567,93.829,96.036,390,562,0,0,0.0100,0.0845,-0.0234,0.0343
3727857625,2022-08-17T13:16:04.602114Z,50.887444781877,28.887296312189,17.9390538339,1.00,true,1.013,1.171,19.934,17.439,-3.398,46,19,19,24.319,36.175,47.084,609,583,0,0,0.0079,0.0970,0.0031,0.0319
3728785195,2022-04-09T11:06:30.967049Z,50.288864562103,27.772079769160,7.5233274075,1.00,true,1.203,4.273,161.218,7.023,-11.033,41,21,19,98.316,106.229,113.647,725,627,0,0,0.0509,0.0815,0.0426,0.0491
3728968170,2022-04-09T11:08:22.736499Z,50.688086617627,29.619538119364,82.3045250149,1.00,true,1.973,1.399,53.547,81.805,-2.264,9,21,10,86.386,88.622,92.891,166,59,0,0,-0.1504,0.2542,-0.0446,0.1825
3730906415,2022-03-23T21:34:11.804197Z,50.459911643165,29.302753408372,84.6661859396,1.00,true,1.384,2.251,62.064,84.166,-5.196,12,18,16,85.538,89.445,93.406,199,141,0,0,0.0267,0.1882,0.0813,0.1039
3736081153,2022-05-25T08:20:50.632034Z,50.462959895995,29.087250889845,93.8105646317,1.00,true,1.706,2.142,89.532,93.311,-4.368,44,21,17,94.667,96.942,100.037,809,527,0,0,0.0803,0.2638,0.0110,0.1085
3738558280,2022-09-03T04:16:53.948728Z,50.580106123697,29.145074677678,14.4352295450,1.00,true,0.786,0.619,7.619,13.935,-0.051,13,10,24,14.932,18.750,27.137,71,257,0,0,-0.3177,0.0981,0.0066,0.0804
3740191024,2022-03-06T04:28:31.081036Z,50.491931546982,30.182724810655,155.9251526013,1.00,true,2.153,0.988,104.929,155.425,-0.919,4,22,18,168.593,173.419,178.191,80,61,0,0,0.3648,0.2317,0.9969,0.5055
3741346565,2022-03-23T22:38:48.453668Z,50.357961033107,28.836730226266,56.6915601415,1.00,true,1.134,2.985,76.298,56.192,-9.546,47,19,19,65.884,70.834,75.043,773,758,0,0,-0.0374,0.1399,-0.0441,0.0867
3741497065,2022-03-23T22:39:59.844588Z,50.536462254944,28.870937409402,52.4808109570,1.00,true,0.561,2.595,50.659,51.981,-8.155,52,18,11,56.541,58.619,61.670,875,521,0,0,-0.0733,0.1267,-0.0176,0.0341
3747497465,2022-03-23T22:59:56.859782Z,50.574783826524,30.525830456627,2.7163495187,1.00,true,0.456,3.829,65.621,2.216,-11.140,46,21,21,87.751,97.059,108.485,886,830,0,0,-0.1536,0.1939,0.3441,0.1389
3747938440,2022-03-23T23:04:38.897384Z,50.293674524251,29.552412491906,65.9254863614,1.00,true,0.337,2.991,62.104,65.425,-10.103,45,21,21,75.869,84.068,92.119,898,886,0,0,0.2067,0.1024,0.0665,0.0631
3748027265,2022-03-23T23:05:28.366547Z,50.367108639597,28.981036433094,61.9754109965,1.00,true,0.470,2.788,56.238,61.475,-9.633,48,21,21,67.091,72.521,76.879,959,924,0,0,0.0370,0.1054,0.0516,0.0941
3748131340,2022-03-23T23:06:31.477405Z,50.582538174173,30.498097641336,8.7708399309,1.00,true,0.891,3.912,61.272,8.271,-10.523,57,20,20,86.114,95.356,106.681,1069,990,0,0,0.0197,0.0907,-0.2776,0.0610
3748237040,2022-03-23T23:07:37.128978Z,49.930562515145,29.500707811001,20.7512751703,1.00,true,0.958,3.396,103.212,20.251,-10.871,62,21,21,74.918,90.188,101.508,1211,1185,0,0,0.1855,0.1851,-0.0144,0.1316
3748295540,2022-03-23T23:07:56.471117Z,50.435285970189,29.256172951465,69.5928291557,1.00,true,0.489,2.877,44.922,69.093,-9.529,52,9,21,70.847,75.584,80.575,454,935,0,0,0.0331,0.0642,-0.0284,0.1258
3751333769,2022-02-20T15:46:23.717163Z,51.046005896964,28.389693713660,6.7963395317,1.00,true,0.616,2.637,42.585,6.296,-6.283,41,21,6,55.070,68.096,79.694,751,229,0,0,-0.1594,0.2497,-0.9341,0.1183
3752088399,2022-03-06T05:47:20.424727Z,50.056577799345,28.726243435511,31.1020020036,1.00,true,0.783,3.202,117.939,30.602,-9.575,47,10,13,73.046,82.238,88.853,422,500,0,0,0.0710,0.0779,0.0015,0.0871
3758835601,2022-10-06T14:09:49.396425Z,45.730831283052,34.312200049653,17.2597609451,1.00,true,3.192,31.819,839.595,16.760,-117.604,40,24,23,655.408,668.130,682.298,955,893,0,0,-0.6750,0.4000,1.6372,0.4374
3759366295,2022-04-09T14:12:17.889598Z,50.452044503958,29.468773085317,79.8402223356,1.00,true,1.033,1.790,40.251,79.340,-5.110,32,23,21,82.696,86.673,92.492,637,559,0,0,-0.0932,0.0935,-0.0302,0.0518
3760212905,2022-09-03T06:33:05.928291Z,50.873593858452,28.924083473049,21.6407096689,1.00,true,0.589,1.090,20.218,21.141,-3.072,40,20,21,25.553,35.751,46.274,575,572,0,0,-0.0547,0.1409,-0.0086,0.0762
3761681174,2022-03-06T06:43:12.702212Z,50.573439360686,28.980128537835,79.8315779549,1.00,true,1.291,2.972,59.044,79.332,-10.298,56,18,20,80.150,81.734,83.336,865,960,0,0,-0.0515,0.0856,-0.0378,0.0476
3764769678,2022-05-25T11:05:42.534661Z,44.090898893693,29.055418849018,126.8213452779,1.00,true,2.086,38.722,883.974,126.321,-120.465,40,23,24,722.454,736.600,746.843,915,931,0,0,0.4500,0.3000,-5.8863,1.5814
3770966324,2022-03-06T07:35:58.532274Z,50.595695669307,28.714983611596,92.1113467371,1.00,true,1.717,3.177,93.088,91.611,-9.468,26,17,14,95.260,97.272,100.408,365,286,0,0,-0.1033,0.2569,0.1499,0.1367
3772105274,2022-03-06T07:47:41.550412Z,50.384666731690,29.449053791206,79.5452261052,1.00,true,1.598,1.937,42.640,79.045,-5.450,33,21,21,83.428,88.609,94.960,625,588,0,0,-0.0588,0.0970,-0.0257,0.0475
3772185174,2022-03-06T07:48:21.300197Z,49.980010102721,29.075745810128,47.5923306679,1.00,true,1.343,2.143,84.570,47.092,-5.700,31,20,14,79.655,92.512,100.271,568,383,0,0,-0.0571,0.1284,-0.0194,0.1125
3781370099,2022-03-06T08:40:04.617551Z,50.467565250221,29.343648034026,46.5566217222,1.00,true,0.695,2.042,16.504,46.057,-7.382,23,23,23,48.462,53.927,61.547,466,467,0,0,0.0503,0.0795,-0.0023,0.0291
3793070399,2022-03-06T09:57:04.794969Z,50.504251869180,29.397996450841,76.6505416780,1.00,true,0.779,2.179,31.269,76.151,-7.205,61,23,23,78.017,81.122,86.041,1101,1068,0,0,0.0112,0.0584,-0.0384,0.0481
3794611734,2022-11-22T14:10:32.630932Z,50.865348635075,28.860000242255,78.5192370431,1.00,true,1.184,2.115,30.936,78.019,-7.369,41,24,24,80.145,84.239,89.192,910,881,0,0,-0.2868,0.2620,0.0346,0.1425
3801879449,2022-03-06T10:35:06.925067Z,76.576865293941,-22.841793095766,5.2006444365,1.00,true,0.796,2.139,3653.529,4.701,-614.075,41,21,0,3603.589,3615.815,3631.074,701,0,0,0,-9.1973,0.8811,-0.2334,0.1679
3802448562,2022-08-30T09:10:29.677215Z,51.627409444809,34.082545908523,8.3931160127,1.00,true,3.361,19.029,257.934,7.893,-31.323,17,23,24,353.070,360.234,367.981,367,395,0,0,0.6299,0.2329,-0.2021,0.3330
3808461228,2022-05-25T15:44:32.330034Z,50.845503331038,28.902942167639,21.1843100243,1.00,true,0.433,1.088,16.768,20.684,-2.670,40,8,10,24.549,34.312,42.390,277,341,0,0,0.0004,0.0891,0.0196,0.0424
3810864549,2022-03-06T11:35:01.402519Z,49.593327161888,27.329093852776,31.9544224769,1.00,true,2.338,1.773,306.596,31.454,-4.597,9,20,21,170.239,178.759,186.802,166,174,0,0,74.4113,17.4400,-1.3608,0.3250
3813965582,2022-04-22T08:05:24.904359Z,49.555704110597,20.988497773407,335.3284620710,1.00,true,2.266,31.025,556.980,334.828,-119.096,40,24,24,661.818,669.689,676.289,955,931,0,0,0.2500,0.4250,3.1235,0.6873
3815823084,2022-11-22T16:22:47.732821Z,50.887240398142,28.832425239803,20.0655730039,1.00,true,0.460,1.252,19.419,19.566,-3.267,52,14,13,27.745,39.813,48.210,569,560,0,0,-0.1555,0.1591,0.0061,0.0858
3818756064,2022-12-08T06:45:21.44852Z,50.362516057814,28.330263327385,59.7260023832,1.00,true,0.892,3.138,117.251,59.226,-7.551,40,24,17,83.545,90.350,95.492,842,536,0,0,0.6654,0.2974,0.0771,0.1583
3826957112,2022-08-30T11:56:07.671689Z,50.535014972312,29.228929423044,21.2314386999,1.00,true,1.396,0.605,6.151,20.731,-2.328,24,24,21,21.373,27.412,36.634,356,348,0,0,-0.3851,0.3400,0.0341,0.1411
3830044689,2022-12-08T07:56:21.466113Z,43.673653855704,28.811680635687,70.3198468691,1.00,true,3.858,37.529,749.476,69.820,-117.534,40,24,23,764.286,778.487,788.762,918,884,0,0,-0.0581,0.2262,-0.7589,0.3454
3831600762,2022-08-30T12:00:57.470874Z,55.472936599771,36.450729924572,44.5825453724,1.00,true,3.792,31.684,672.044,44.083,-115.529,40,24,24,713.372,720.520,730.233,918,921,0,0,0.3701,0.2627,-3.4441,0.5377
3835652082,2022-04-22T10:23:59.466832Z,50.277176022327,27.786134176249,15.1145852057,1.00,true,0.825,4.159,161.186,14.615,-10.533,40,24,21,98.709,106.619,114.019,774,651,0,0,0.4236,0.2962,-0.3922,0.1807
3835750282,2022-04-22T10:23:40.498439Z,46.591273748636,32.939176809769,57.0114898716,1.00,true,2.444,24.182,693.283,56.511,-88.502,6,24,24,519.648,532.819,546.640,140,128,0,0,0.3824,0.4189,0.5793,1.8456
3842961536,2022-03-19T03:04:56.952193Z,50.290139058118,28.830605168240,26.5751573173,1.00,true,0.777,2.592,65.231,26.075,-8.048,45,19,18,47.335,56.224,62.338,767,732,0,0,0.1415,0.1054,-0.0398,0.0575
3842972111,2022-03-19T03:05:06.077234Z,50.083959925825,28.791133447418,6.7775110486,1.00,true,0.898,3.108,96.481,6.278,-9.923,48,20,17,59.972,72.581,79.327,862,724,0,0,-0.0925,0.1803,-0.1074,0.0950
3846413436,2022-03-19T03:39:56.586041Z,51.080215764064,28.672687867907,38.4038820779,1.00,true,1.165,0.667,39.294,37.904,-0.414,13,20,20,57.226,66.988,79.421,240,231,0,0,-0.1093,0.3073,-0.0110,0.1398
3846666311,2022-03-19T03:42:09.547439Z,51.068448963358,28.615824873213,21.0793223684,1.00,true,1.202,0.638,34.237,20.579,-0.453,16,21,21,48.831,60.716,73.840,301,308,0,0,0.0014,0.1088,0.0122,0.0683
3846762836,2022-03-19T03:42:54.653483Z,50.573704401496,30.488115150892,6.7347612739,1.00,true,0.471,3.820,63.628,6.235,-11.347,47,21,21,85.298,94.590,106.037,916,916,0,0,0.0691,0.0802,-0.1206,0.0879
3846868661,2022-03-19T03:44:02.70325Z,51.046129567383,29.744791016194,55.8968393357,1.00,true,0.610,3.073,44.215,55.397,-9.297,41,21,21,75.583,80.230,86.962,807,756,0,0,0.0069,0.1164,-0.0083,0.1487
3847014636,2022-03-19T03:45:48.217572Z,50.157536307091,28.971693878000,38.9782860694,1.00,true,0.542,3.117,82.849,38.478,-9.782,47,21,21,60.744,72.015,79.059,869,851,0,0,0.0409,0.0673,-0.0112,0.0504
3847179211,2022-03-19T03:47:13.034167Z,50.550911821261,29.016943671106,78.4679076042,1.00,true,0.992,2.981,51.508,77.968,-9.966,45,21,21,79.564,80.744,82.348,883,843,0,0,0.0045,0.0574,0.0368,0.0507
3847399261,2022-03-19T03:49:40.258746Z,50.333169571484,29.282600977336,121.5548314505,1.00,true,2.095,1.137,108.697,121.055,-2.741,10,12,16,124.015,128.405,132.069,106,153,0,0,0.0948,0.2749,0.0402,0.1382
3851959849,2022-03-06T15:45:52.251271Z,50.384738377283,28.422532110194,39.1592263223,1.00,true,1.374,3.255,94.188,38.659,-9.749,48,21,21,68.140,72.933,78.326,965,908,0,0,-0.4055,0.2356,0.0364,0.1207
3860609266,2022-07-27T07:00:42.972138Z,50.888734806099,28.907476221642,20.5959811066,1.00,true,0.751,1.198,21.204,20.096,-3.028,49,24,20,25.856,36.431,47.624,1004,746,0,0,-0.0174,0.0420,-0.0036,0.0213
3866721913,2022-10-19T13:37:37.490661Z,52.753081363688,39.340580659557,105.0447995055,1.00,true,2.922,32.225,581.297,104.545,-117.509,40,24,24,733.088,740.521,748.086,918,921,0,0,0.2147,0.6456,2.8662,0.2688
3868165874,2022-03-06T17:08:05.000089Z,49.281514610414,29.115306532448,63.6765473349,1.00,true,2.238,1.325,229.025,63.177,-3.000,2,19,8,154.316,168.598,177.304,36,13,0,0,0.3185,0.5264,0.7850,0.3695
3869852928,2022-05-25T21:58:23.623493Z,50.578647707211,29.072007873286,38.4346076973,1.00,true,1.522,0.658,21.517,37.935,-3.377,18,1,23,38.630,40.709,44.298,13,320,0,0,0.3297,0.2217,0.0463,0.1046
3874165041,2022-07-27T08:35:58.672211Z,50.934371158830,28.926055452594,17.1012175812,1.00,true,0.883,1.224,25.472,16.601,-3.328,61,22,17,25.809,37.255,49.902,1189,827,0,0,-0.0031,0.0495,-0.0257,0.0175
3876602386,2022-03-19T06:41:35.614892Z,50.207863203748,29.219476081889,53.7128409293,1.00,true,0.676,3.017,74.103,53.213,-10.385,52,17,19,65.782,76.318,83.693,801,846,0,0,0.0104,0.0787,-0.0297,0.0586
3876786911,2022-03-19T06:42:09.605441Z,54.394041346263,32.334977140112,161.5122672487,1.00,true,0.628,2.756,436.090,161.012,-80.395,48,18,0,480.404,486.811,497.842,744,0,0,0,-0.1177,0.1324,-0.0424,0.1384
3877215013,2022-10-19T14:44:25.23872Z,50.905643033331,28.931418531117,18.5328718335,1.00,true,0.586,1.268,22.276,18.033,-2.761,44,21,21,24.686,35.428,47.590,743,700,0,0,0.1043,0.2346,-0.0132,0.1227
3877466186,2022-03-19T06:49:59.896081Z,50.292229136872,29.235493219019,57.4878143427,1.00,true,0.828,2.933,64.538,56.988,-10.104,53,21,20,64.251,73.167,79.767,921,894,0,0,0.0758,0.1631,-0.0597,0.0790
3877596586,2022-03-19T06:51:30.031081Z,50.283417510673,29.136491778712,57.5071596774,1.00,true,0.679,2.948,67.624,57.007,-9.969,50,19,18,64.849,73.339,79.557,827,776,0,0,0.0232,0.1033,-0.0019,0.0628
3879680149,2022-03-06T18:23:21.467578Z,50.989293042502,28.243296918146,30.5793217270,1.00,true,1.580,0.827,67.658,30.079,-0.532,14,18,11,67.548,78.426,89.371,230,136,0,0,-0.4028,0.3803,0.0324,0.1661
3879797974,2022-03-06T18:24:39.383087Z,51.017081438969,28.355996547643,41.5386492676,1.00,true,1.027,0.762,64.469,41.039,0.383,11,21,18,68.818,79.755,89.099,205,173,0,0,-0.0875,0.1493,0.0213,0.0775
3879907574,2022-03-06T18:25:48.922282Z,50.459681179255,28.950089810896,23.3198371743,1.00,true,0.801,0.575,11.017,22.820,-0.078,12,20,18,31.115,37.482,42.731,192,188,0,0,0.1876,0.1392,0.0267,0.0897
3880362299,2022-03-06T18:30:03.809987Z,51.214600851225,28.649066885791,13.2986893152,1.00,true,1.324,0.427,7.274,12.799,-0.190,3,20,20,57.448,69.213,84.438,60,57,0,0,0.2739,0.2885,-0.0013,0.1430
3880463524,2022-03-06T18:31:05.306295Z,51.203944923508,28.685560673029,19.4988553216,1.00,true,1.119,0.583,8.228,18.999,0.306,3,20,17,57.040,68.396,83.435,56,48,0,0,0.2695,0.3279,0.0004,0.1499
3880612924,2022-03-06T18:31:50.221429Z,51.768229978150,23.508885885080,119.6747201086,1.00,true,1.474,0.880,371.141,119.175,-64.779,12,20,0,413.284,424.660,435.108,232,0,0,0,15.2409,0.5691,-0.0998,0.1835
3880807299,2022-03-06T18:34:47.562513Z,51.041065154342,28.763724945054,39.3963196480,1.00,true,0.933,0.877,14.843,38.896,-1.437,7,19,19,52.829,62.384,73.893,131,122,0,0,-0.2576,0.1524,0.0489,0.1424
3881904778,2022-02-03T10:53:22.546288Z,50.560833130257,29.191695562802,50.4120490368,1.00,true,0.570,2.420,25.773,49.912,-8.454,50,24,24,50.432,52.325,56.762,1003,1040,0,0,-0.0307,0.1440,0.0058,0.0741
3882271424,2022-03-06T18:49:08.186909Z,50.995290582120,28.854997695419,53.4092009927,1.00,true,0.631,1.710,10.863,52.909,-4.813,22,18,16,60.087,66.212,76.646,362,320,0,0,0.0440,0.0963,0.0021,0.0416
3882364699,2022-03-06T18:50:05.916724Z,51.002719978338,28.642839494580,30.7762448586,1.00,true,0.965,0.787,36.215,30.276,-0.083,13,21,21,48.551,59.412,70.801,245,253,0,0,-0.1600,0.1303,0.0118,0.0845
3882564149,2022-03-06T18:51:56.962922Z,50.375851285029,29.165499979673,53.4362399162,1.00,true,0.631,2.628,49.263,52.936,-9.037,43,21,20,56.902,63.921,69.986,849,732,0,0,0.0544,0.0712,-0.0024,0.0304
3882712599,2022-03-06T18:53:49.961521Z,50.876095022870,28.698519149845,44.6017943462,1.00,true,0.640,1.479,44.414,44.102,-4.038,9,21,21,51.792,59.581,67.447,184,178,0,0,-0.0993,0.2052,0.0329,0.1283
3882892436,2022-03-19T07:04:25.906859Z,50.299677944466,29.360705294353,65.2218685017,1.00,true,0.738,3.019,62.869,64.722,-10.093,51,20,12,71.738,79.887,86.819,975,584,0,0,0.0555,0.1315,-0.0182,0.0679
3882999686,2022-03-19T07:05:32.25512Z,50.407766522794,29.764204687916,59.8086824308,1.00,true,1.017,2.677,47.599,59.309,-10.745,50,18,10,72.408,79.210,88.110,873,473,0,0,0.2183,0.1846,-0.0113,0.0932
3883280011,2022-03-19T07:08:12.577314Z,50.484334091879,29.629157572680,70.8558615057,1.00,true,1.039,2.941,38.228,70.356,-11.423,53,17,17,76.261,82.353,88.092,862,823,0,0,0.2046,0.1495,-0.0087,0.0580
3886415792,2022-09-16T07:43:33.980956Z,49.841478006647,34.833580668558,14.9580059886,1.00,true,2.768,25.244,251.221,14.458,-40.019,18,24,24,403.689,413.681,425.315,407,418,0,0,0.1518,0.2052,-2.3541,2.3356
3886675303,2022-02-03T10:59:00.742082Z,44.083705283762,26.199965462012,95.4371639953,1.00,true,2.635,42.596,889.671,94.937,-121.258,40,24,24,754.171,765.956,774.512,955,931,0,0,-0.3250,0.4006,-1.6664,0.4745
3889463274,2022-03-06T19:21:01.036483Z,50.477259777082,29.107966469589,93.4245088842,1.00,true,1.750,1.696,90.245,92.925,-3.964,39,21,17,94.019,96.476,99.196,747,454,0,0,0.0285,0.0852,0.0240,0.0305
3891518728,2022-02-03T11:49:13.946316Z,51.102389801965,31.528362114785,130.2772967846,1.00,true,0.702,14.102,215.549,129.777,-31.054,43,0,10,210.105,213.606,216.236,0,393,0,0,-0.1112,0.2005,0.4218,0.7395
3892869636,2022-03-19T08:04:13.188574Z,51.026085975181,28.449902381728,25.0869919826,1.00,true,1.511,0.776,46.105,24.587,0.189,4,19,15,55.802,65.597,78.832,76,60,0,0,-0.1023,0.2711,-0.0506,0.1387
3895692836,2022-03-19T08:32:26.527686Z,50.320228612416,29.203051671466,60.1234184741,1.00,true,1.080,2.929,62.491,59.623,-10.472,50,21,21,65.310,73.147,79.322,878,876,0,0,0.3728,0.2445,-0.0629,0.1194
3897261811,2022-03-19T08:47:56.087239Z,50.304511180873,29.121092209242,55.5650227972,1.00,true,0.377,3.023,68.828,55.065,-8.913,46,19,14,62.168,70.436,76.471,740,581,0,0,0.2988,0.2096,-0.0281,0.0607
3912497561,2022-03-19T10:00:34.2335Z,50.486145236017,29.321432864656,76.5565492180,1.00,true,1.075,2.128,37.900,76.057,-6.766,56,20,21,77.327,80.641,85.289,969,953,0,0,-0.0697,0.0648,-0.0194,0.0363
3912561436,2022-03-19T10:00:56.495744Z,50.395487140348,28.799872799480,67.8679404070,1.00,true,0.737,3.080,72.200,67.368,-8.504,43,19,15,75.575,79.132,82.603,768,581,0,0,-0.0552,0.0601,0.0174,0.0302
3912700611,2022-03-19T10:02:34.160078Z,50.007988272993,29.384041400852,42.3474541173,1.00,true,0.854,2.987,98.318,41.847,-9.840,52,21,20,74.651,88.449,98.132,1014,922,0,0,-0.1157,0.2418,-0.1088,0.0940
3912807186,2022-03-19T10:03:44.624519Z,50.365382260824,28.831141325060,64.0332693308,1.00,true,1.150,3.381,68.068,63.533,-6.375,44,21,21,72.193,76.623,80.363,868,817,0,0,0.1090,0.1820,0.3958,0.2457
3912992136,2022-03-19T10:05:25.506232Z,50.318580480129,29.312235402780,64.9355729339,1.00,true,1.078,2.971,60.170,64.436,-10.494,46,21,21,70.241,77.761,84.516,923,881,0,0,0.3180,0.0914,-0.0023,0.0628
3916163311,2022-03-19T10:36:58.52673Z,50.298242745795,29.217797106179,63.5685897872,1.00,true,1.018,3.164,71.829,63.069,-8.473,43,19,21,69.441,77.463,83.623,716,740,0,0,0.2275,0.1935,0.0048,0.0673
3917710599,2022-03-06T22:03:51.689898Z,50.150318550457,28.271856907795,28.5383347879,1.00,true,1.768,1.083,178.326,28.038,-0.310,2,20,19,84.533,90.874,96.967,37,31,0,0,-0.2555,0.2681,-3.5273,2.2026
3923366311,2022-03-19T11:08:59.719997Z,50.154215181763,29.259520198692,55.5347893817,1.00,true,0.875,3.207,83.655,55.035,-10.280,44,21,20,70.895,82.109,89.800,856,801,0,0,-0.1330,0.1442,-0.0078,0.1290
3925178286,2022-03-19T11:27:11.259384Z,50.383794518105,29.453954116304,72.3072255059,1.00,true,1.123,3.148,56.160,71.807,-10.741,44,20,20,76.664,82.635,89.160,829,792,0,0,-0.1606,0.1219,0.0230,0.0785
3926392511,2022-03-19T11:39:26.653624Z,50.150764342696,28.314378790225,3.2539375987,1.00,true,0.820,2.786,110.263,2.754,-9.346,41,16,5,77.284,82.998,90.723,637,202,0,0,-0.2019,0.1892,0.1474,0.0940
3928022603,2022-02-03T15:14:42.299903Z,50.883739546768,28.812113734571,72.7767679098,1.00,true,0.991,2.081,24.170,72.277,-6.700,42,24,24,75.464,80.389,86.060,943,902,0,0,0.0166,0.0875,-0.0054,0.0593
3933014424,2022-03-06T23:56:48.491877Z,50.260921556053,29.809682017420,58.6223694035,1.00,true,0.914,2.228,68.887,58.122,-7.508,19,21,21,79.300,88.339,98.037,372,354,0,0,-0.1884,0.1861,-0.0399,0.1504
3937470886,2022-03-19T12:50:04.076738Z,50.582467714350,30.197022242612,34.2194507258,1.00,true,0.364,2.935,47.562,33.719,-9.923,49,21,21,72.863,81.209,91.926,971,945,0,0,-0.0255,0.0471,-0.0405,0.0386
3947558211,2022-03-19T13:50:51.563877Z,50.312765074775,29.475092237066,65.9489075171,1.00,true,0.914,2.991,60.823,65.449,-10.436,49,21,21,73.524,81.156,88.921,971,945,0,0,0.0755,0.0681,-0.0388,0.0375
3955311795,2022-06-24T08:55:30.141237Z,50.481153413594,29.091612215578,11.8896298700,1.00,true,0.762,0.759,7.250,11.390,-2.859,11,1,23,16.264,25.700,35.063,8,210,0,0,-0.1332,0.1365,0.0214,0.0587
3976407611,2022-03-19T16:39:43.467726Z,50.614623153618,29.063066597157,52.0099463948,1.00,true,0.681,2.394,30.426,51.510,-7.532,46,20,15,52.456,53.608,55.029,881,653,0,0,-0.0561,0.0400,-0.0188,0.0201
3976505586,2022-03-19T16:40:38.872094Z,50.230301575469,29.001198496338,56.3911324117,1.00,true,0.856,2.953,76.082,55.891,-10.128,53,15,19,68.145,77.160,82.722,732,862,0,0,0.1527,0.2173,0.0365,0.1157
3976787261,2022-03-19T16:43:29.362241Z,50.446607803988,29.776253673553,143.2409365841,1.00,true,2.024,1.302,136.484,142.741,-1.638,8,21,18,148.465,151.571,156.389,160,99,0,0,0.4254,0.3247,-0.0266,0.1757
3983824170,2022-06-24T11:38:47.530607Z,51.889207162940,36.366025211094,437.4468004754,1.00,true,2.595,31.112,579.712,436.947,-118.469,40,24,24,660.568,665.819,671.532,955,931,0,0,-0.1039,0.3539,3.2114,0.5454
3985383840,2022-02-16T09:35:14.068369Z,49.360018067000,36.061021477104,438.4613221892,1.00,true,2.430,31.018,644.938,437.961,-117.932,40,24,22,655.017,662.463,671.090,955,852,0,0,0.1500,0.2607,3.2126,0.6378
3987453468,2022-11-05T15:40:08.774274Z,50.866507693341,28.945194787348,24.1574775368,1.00,true,0.512,1.212,18.764,23.657,-3.226,41,11,12,27.010,34.443,43.902,318,417,0,0,0.0273,0.0630,0.0170,0.0295
3988497068,2022-11-05T15:50:52.668662Z,50.897599001081,28.902243793521,22.1341488232,1.00,true,0.889,1.298,22.375,21.634,-3.331,43,22,16,27.690,37.801,49.229,853,577,0,0,-0.0789,0.0961,-0.0024,0.0491
3990723970,2022-06-24T12:07:45.890878Z,50.774416896873,35.966612197469,493.7351305991,1.00,true,2.436,31.259,575.490,493.235,-120.109,40,24,23,669.784,675.186,681.827,955,893,0,0,0.0500,0.4750,1.4257,0.4118
3992001874,2022-05-21T04:29:44.122826Z,50.947308378952,29.282551126172,184.5539066613,1.00,true,1.791,7.323,108.365,184.054,-24.877,39,24,13,185.980,187.242,189.680,894,348,0,0,0.0325,0.1073,-0.1585,0.0865
3992422999,2022-05-21T04:34:06.518245Z,51.612305387008,30.329311529210,119.3632115283,1.00,true,1.963,6.788,211.981,118.863,-23.482,38,24,8,172.117,177.467,184.562,868,202,0,0,0.0077,0.1235,-0.2760,0.0897
3992674961,2022-03-19T18:02:08.590759Z,50.425735110967,29.074576992562,67.6010438382,1.00,true,1.010,2.889,52.694,67.101,-10.409,50,17,8,69.602,74.615,77.971,804,346,0,0,-0.1045,0.0719,-0.0133,0.0708
3995179690,2022-02-16T10:33:09.512412Z,47.245689526966,33.745467716203,448.4012203743,1.00,true,2.489,31.051,675.472,447.901,-118.488,40,24,23,655.121,663.654,673.706,955,891,0,0,0.0263,0.3013,3.3099,0.5855
3995562245,2022-03-02T00:32:27.097447Z,50.555282942779,29.038066440976,73.7394926108,1.00,true,1.006,2.911,54.043,73.239,-9.903,57,22,22,74.031,75.911,77.686,1022,988,0,0,0.3305,0.2841,-0.0654,0.1292
3995793161,2022-03-19T18:33:26.983872Z,50.304945100693,29.194118849041,59.8622539971,1.00,true,0.875,2.995,62.885,59.362,-10.016,51,15,10,65.755,73.166,80.128,698,442,0,0,-0.0315,0.1217,0.0064,0.0778
4000301674,2022-05-21T05:12:43.87244Z,51.121474731949,29.624602322446,195.1982697758,1.00,true,1.259,9.709,138.582,194.698,-24.128,41,24,16,201.861,203.991,207.008,941,431,0,0,0.1841,0.1266,-0.1015,0.0831
4000498249,2022-05-21T05:14:39.395951Z,50.905232719894,29.528595861468,198.0533487319,1.00,true,1.701,8.585,115.154,197.553,-25.604,42,24,12,200.148,201.494,203.223,962,325,0,0,0.0727,0.1276,-0.3253,0.0909
4000606699,2022-05-21T05:15:49.130438Z,51.456757708292,31.594433911330,13.1998993247,1.00,true,1.100,7.424,266.804,12.700,-23.870,41,22,8,184.814,192.492,200.702,867,236,0,0,0.4160,0.2416,-0.0729,0.2557
4000706924,2022-05-21T05:16:50.662518Z,51.891588634692,29.832698215425,102.4408803591,1.00,true,1.303,7.012,215.937,101.941,-22.337,37,24,13,168.465,175.221,185.074,844,309,0,0,-0.4049,0.2221,-0.3222,0.1943
4000746749,2022-05-21T05:17:27.60805Z,50.451888919114,26.890758329717,109.6066121146,1.00,true,0.607,6.302,111.912,109.107,-25.392,40,24,4,186.907,194.526,201.174,914,114,0,0,-0.5010,0.1594,-0.2893,0.2370
4002820840,2022-02-16T11:11:11.814614Z,53.033220854507,32.118181941774,48.8589915846,1.00,true,3.086,12.461,342.635,48.359,-38.185,24,24,21,326.919,334.016,343.570,567,399,0,0,0.1269,0.2086,-0.1832,0.2512
4003665470,2022-03-02T01:13:28.210278Z,50.538635550607,30.419156500814,9.8600258199,1.00,true,1.095,3.388,61.502,9.360,-11.790,47,23,23,81.103,91.188,102.331,923,923,0,0,-0.2288,0.1217,-0.0876,0.1225
4003961136,2022-03-19T19:14:56.980108Z,50.564286061002,29.257608843798,89.6403560142,1.00,true,1.439,2.300,66.897,89.140,-8.020,16,19,18,89.731,91.021,93.871,290,274,0,0,0.1768,0.0877,-0.0348,0.0631
4012531354,2022-09-29T08:53:57.766346Z,50.471965318291,24.206121142863,73.7173378430,1.00,true,2.487,17.435,509.232,73.217,-33.234,18,24,24,346.235,356.233,364.598,407,418,0,0,0.0498,0.1621,0.4523,0.4041
4015142970,2022-03-02T02:28:10.041913Z,50.413485443037,29.353949188758,67.1476421218,1.00,true,0.598,2.112,20.607,66.648,-6.958,31,23,22,69.642,74.864,81.242,630,579,0,0,-0.1075,0.1647,0.0302,0.0639
4017662961,2022-03-19T20:52:06.662035Z,51.031637382083,28.378667074522,40.6859969623,1.00,true,0.902,0.685,62.203,40.186,0.662,11,21,17,67.859,78.971,88.568,205,168,0,0,-0.2473,0.1989,0.0204,0.0968
4017699936,2022-03-19T20:52:44.954334Z,50.884673102962,28.257976331938,36.9946355242,1.00,true,1.671,0.744,78.851,36.495,0.954,11,9,16,66.262,75.759,84.578,95,164,0,0,-0.1196,0.1447,-0.0466,0.0583
4017796136,2022-03-19T20:53:41.007721Z,50.988692096113,28.535226881168,47.6866434791,1.00,true,1.612,0.738,55.306,47.187,1.008,14,13,14,63.884,73.578,82.621,166,185,0,0,0.1826,0.3662,-0.0126,0.1647
4017965986,2022-03-19T20:54:59.645433Z,50.517732132616,29.007735148761,83.5541882027,1.00,true,1.179,2.807,67.868,83.054,-10.355,42,21,21,84.766,86.454,88.337,799,794,0,0,0.0169,0.0952,0.0186,0.0451
4018070111,2022-03-19T20:56:06.406089Z,50.707812385370,28.977936423588,74.4122181861,1.00,true,1.087,2.276,51.446,73.912,-7.594,17,11,20,74.467,75.622,78.128,182,304,0,0,-0.1502,0.1413,0.0746,0.1490
4018100636,2022-03-19T20:56:35.496356Z,50.997334324598,29.790834297741,55.0138523980,1.00,true,0.597,2.657,26.357,54.514,-8.504,31,21,21,74.221,79.493,84.602,594,581,0,0,0.0205,0.0635,-0.0564,0.0864
4018195386,2022-03-19T20:57:31.734832Z,50.788774295493,29.020123496467,74.3665181970,1.00,true,0.831,2.174,42.728,73.867,-7.265,16,21,21,74.395,76.005,79.936,306,292,0,0,-0.0596,0.1570,-0.0002,0.1272
4018307936,2022-03-19T20:58:41.567977Z,50.224145931843,29.640618314534,60.4910493336,1.00,true,1.170,2.993,68.780,59.991,-10.432,45,20,17,76.893,86.983,95.763,846,680,0,0,-0.1593,0.1989,0.1390,0.0842
4019379751,2022-12-21T15:00:52.609554Z,50.875308182612,28.813985737843,17.6543496312,1.00,true,1.077,1.334,17.964,17.154,-2.390,46,15,10,26.227,37.505,48.625,511,377,0,0,-0.6931,0.2127,0.0526,0.1221
4022456761,2022-03-19T20:59:50.57178Z,50.062602789405,29.525236660844,43.6963871477,1.00,true,0.643,3.160,85.875,43.196,-9.428,45,20,20,73.147,85.846,96.594,845,786,0,0,0.2757,0.0979,0.0895,0.0430
4022507636,2022-03-19T21:00:40.273503Z,50.289319391631,29.981435986223,46.5150037797,1.00,true,0.898,2.979,64.892,46.015,-10.726,46,19,21,76.698,85.865,97.227,825,897,0,0,0.0865,0.1787,0.1108,0.1038
4022572561,2022-03-19T21:01:05.140417Z,50.412091966389,29.731194338375,61.6321589581,1.00,true,0.824,2.962,45.085,61.132,-10.860,56,10,19,72.737,79.308,88.137,528,936,0,0,0.1109,0.0774,0.0131,0.0550
4022874861,2022-03-19T21:04:16.932853Z,51.082299324026,28.843883540175,37.7286587560,1.00,true,0.927,0.705,12.545,37.229,-1.067,7,19,15,52.584,60.654,74.395,121,103,0,0,0.1354,0.2790,0.0042,0.1654
4024801936,2022-03-19T21:23:44.004242Z,51.094436181587,28.866602413905,36.9280117150,1.00,true,1.672,0.591,11.340,36.428,-1.996,6,21,20,52.508,62.114,74.551,112,110,0,0,-0.2924,0.1788,0.0321,0.1384
4043926246,2022-08-13T15:27:06.566161Z,50.857335980810,28.894087470137,18.6901894400,1.00,true,0.469,1.173,15.921,18.190,-2.434,43,8,10,23.186,34.521,42.729,289,353,0,0,0.0509,0.0563,0.0105,0.0243
4045730170,2022-03-02T05:34:00.038184Z,50.402478306374,29.145206360910,92.6398136440,1.00,true,1.423,1.685,87.444,92.140,-3.962,54,20,10,94.165,97.738,101.677,985,409,0,0,-0.0391,0.1961,0.0224,0.1134
4046370871,2022-08-13T15:50:44.76494Z,52.021691167789,24.431553660428,225.1861238681,1.00,true,0.561,0.973,336.446,224.686,-68.235,52,20,0,409.370,421.044,428.961,815,0,0,0,-0.3856,0.2187,0.0157,0.1350
4047027245,2022-03-02T05:46:51.808262Z,51.080769053853,29.584345758805,82.3109275732,1.00,true,1.529,3.349,57.529,81.811,-10.192,51,23,22,94.588,98.700,104.440,1038,874,0,0,-0.3502,0.1751,-0.0714,0.2559
4047059920,2022-03-02T05:47:23.815675Z,50.268388157452,27.863048964930,0.8637492695,1.00,true,0.758,3.783,153.907,0.364,-10.184,51,23,23,93.055,101.047,108.750,1038,911,0,0,0.0469,0.0866,-0.1092,0.0763
4047449695,2022-03-02T05:51:13.520895Z,50.186745694906,27.976466571926,2.5258248542,1.00,true,0.629,3.831,144.566,2.026,-10.479,64,22,22,90.294,99.210,106.640,1246,1117,0,0,-0.1339,0.1435,0.0532,0.1144
4050230424,2022-05-21T10:09:07.693531Z,57.403148646577,47.134124600465,80.3039204215,1.00,true,3.315,1.286,1240.167,79.804,-209.306,3,24,0,1372.036,1379.454,1388.687,67,0,0,0,0.0223,0.6319,0.2152,0.2489
4059592930,2022-11-18T11:08:53.583674Z,45.245210875713,29.256373205637,338.8155721726,1.00,true,2.659,31.591,758.003,338.316,-120.416,40,24,24,666.770,679.105,688.086,955,931,0,0,-0.3250,0.4250,1.3071,0.2541
4065365370,2022-03-02T07:30:30.235751Z,50.377716774667,28.831962115114,55.0491757733,1.00,true,0.897,2.967,65.408,54.549,-9.764,48,23,23,62.990,68.535,72.605,968,892,0,0,0.0337,0.0673,-0.0058,0.0617
4066235870,2022-03-02T07:38:58.467435Z,51.399622498141,30.036621246408,31.2539395765,1.00,true,0.979,3.506,92.976,30.754,-11.533,41,23,15,98.903,105.773,115.031,837,492,0,0,0.1431,0.1310,-0.0484,0.2621
4066533945,2022-03-02T07:34:15.323877Z,25.576737532133,31.574088353351,46.6850732375,1.00,true,0.780,1.326,2783.573,46.185,-472.676,42,23,0,2774.560,2789.998,2800.493,863,0,0,0,-0.1240,0.1046,0.1656,0.0738
4067843345,2022-03-02T07:55:08.035303Z,50.524020565777,28.960121259324,90.7562588477,1.00,true,1.284,3.216,66.134,90.256,-9.965,46,20,17,91.557,93.569,95.242,844,660,0,0,0.0175,0.0519,0.0239,0.0418
4068246995,2022-03-02T07:56:19.245694Z,41.268844557822,24.904601950085,33.7006699167,1.00,true,0.920,2.742,1105.319,33.201,-181.754,42,23,0,1081.562,1094.076,1101.937,867,0,0,0,-0.2104,0.2575,-0.1343,0.2148
4071406629,2022-09-29T14:42:59.21761Z,50.871973469419,28.781732331423,73.0754766406,1.00,true,0.694,2.042,21.650,72.575,-6.782,52,24,22,76.038,80.888,86.471,1147,1004,0,0,0.1421,0.1055,-0.0032,0.0547
4072476345,2022-03-02T08:01:41.478361Z,50.446809155515,28.863524112036,84.3745744610,1.00,true,0.684,2.983,74.291,83.875,-8.522,42,22,18,87.448,90.734,93.291,833,596,0,0,0.3188,0.1864,0.1173,0.1268
4072826603,2022-04-18T04:46:20.324944Z,49.712272852437,30.312784930700,10.9819851166,1.00,true,3.167,2.580,75.440,10.482,2.325,4,24,19,122.587,135.011,149.162,81,67,0,0,0.3068,0.3526,-0.2480,0.5070
4074032695,2022-03-02T08:16:59.111914Z,50.539916932911,29.318493888892,62.0991348838,1.00,true,0.798,2.231,20.332,61.599,-7.888,41,23,22,62.627,65.192,70.125,814,760,0,0,-0.1132,0.1109,-0.0064,0.0723
4084250470,2022-03-02T09:19:15.402383Z,50.533296571770,28.957338935946,81.4847809693,1.00,true,0.976,2.824,68.360,80.985,-9.598,43,22,19,82.278,84.407,86.242,823,713,0,0,-0.1048,0.1032,0.0061,0.0908
4086277070,2022-03-02T09:39:49.44568Z,51.173712144871,29.428566298621,51.0005907002,1.00,true,1.049,0.670,19.880,50.501,-1.554,5,23,8,71.569,77.123,87.220,86,30,0,0,-0.0941,0.2594,0.0396,0.1023
4103058495,2022-03-02T11:07:23.109082Z,50.433135010554,28.958132133510,67.0214600971,1.00,true,0.805,2.876,58.546,66.521,-9.891,52,23,23,70.279,73.788,77.253,1074,1002,0,0,0.0053,0.0693,-0.0274,0.0380
4103227045,2022-03-02T11:08:52.768245Z,50.581646557355,29.235565887022,54.7662501451,1.00,true,0.884,2.468,24.989,54.266,-9.232,59,23,23,54.830,56.349,60.406,1160,1185,0,0,0.4641,0.2502,-0.0044,0.1038
4104882345,2022-03-02T11:25:48.428915Z,50.476756417492,29.339606286056,72.5187251898,1.00,true,1.204,2.438,28.565,72.019,-8.571,51,23,23,73.595,77.074,82.417,987,936,0,0,0.0136,0.1141,0.0113,0.0461
4104972970,2022-03-02T11:26:37.035108Z,50.446999774795,29.099689988847,78.1146568510,1.00,true,0.512,2.929,65.524,77.615,-9.965,62,15,21,79.293,82.804,86.276,780,1067,0,0,-0.2100,0.0979,-0.0509,0.0608
4105631470,2022-03-02T11:33:03.154671Z,49.160851146844,28.428139376903,12.3913654224,1.00,true,2.797,2.108,325.450,11.891,-2.845,9,23,20,164.563,177.116,185.181,175,148,0,0,-0.0232,0.4451,-0.3265,0.1689
4111422035,2022-12-04T06:21:48.553965Z,51.666550025139,26.993812453891,173.0021017652,1.00,true,0.423,0.703,163.355,172.502,-39.446,46,12,0,243.692,253.149,260.915,480,0,0,0,0.0063,0.1763,-0.1307,0.0957
4112464670,2022-03-02T12:01:29.48868Z,50.311038704196,28.574364737043,61.6748736292,1.00,true,0.935,3.112,103.629,61.175,-9.511,43,21,18,78.056,84.213,89.385,788,678,0,0,0.1201,0.2865,0.0120,0.1796
4118666082,2022-03-15T01:12:32.608633Z,50.398850622674,28.693881709427,81.6889458206,1.00,true,0.552,3.204,88.403,81.189,-9.391,57,19,19,90.791,93.247,96.716,1028,925,0,0,-0.2158,0.2201,-0.0677,0.0949
4119779432,2022-03-15T01:23:49.495248Z,50.514449300139,28.838736980221,68.2832534616,1.00,true,1.195,2.654,72.646,67.783,-5.505,46,18,12,72.488,73.910,77.031,770,484,0,0,-0.3519,0.2086,-0.0703,0.1231
4119814828,2022-04-18T09:16:05.421367Z,50.555976547692,29.004203971310,35.0511937117,1.00,true,1.134,0.837,23.491,34.551,-0.579,10,19,16,35.836,39.606,42.814,154,143,0,0,-0.1375,0.2355,0.0547,0.1341
4121670807,2022-03-15T01:42:37.394799Z,50.619026602038,28.786783381934,84.7563113554,1.00,true,0.914,3.140,74.386,84.256,-9.605,43,12,16,87.155,89.486,91.657,476,606,0,0,-0.1545,0.1104,0.0106,0.0711
4125147945,2022-03-02T13:28:15.3281Z,50.489557461764,29.442320699630,76.6776860348,1.00,true,0.934,2.163,28.646,76.178,-6.672,41,22,22,78.706,82.365,87.593,760,715,0,0,-0.0038,0.0822,0.0303,0.0766
4127883670,2022-03-02T13:55:48.79514Z,50.532970897683,28.496372184109,74.7891369356,1.00,true,1.319,3.070,99.257,74.289,-9.205,61,23,21,85.091,89.770,93.477,1224,986,0,0,-0.0526,0.3585,-0.1693,0.2083
4130246832,2022-03-15T02:28:10.774698Z,50.456794307074,30.485935685476,2.8731065783,1.00,true,0.707,3.923,70.077,2.373,-12.225,43,20,20,86.737,97.052,108.934,812,802,0,0,0.0635,0.1501,-0.2773,0.1326
4130370157,2022-03-15T02:28:49.820946Z,49.108697843273,33.717656331308,98.5826547117,1.00,true,1.561,1.078,320.430,98.083,-57.179,59,15,0,369.731,377.656,386.396,780,0,0,0,-0.2550,1.0494,0.1523,0.1086
4130948107,2022-03-15T02:35:17.368054Z,50.630258370356,30.216634301571,35.1307743279,1.00,true,0.435,4.020,43.123,34.631,-6.632,46,20,21,74.406,82.398,92.610,866,897,0,0,0.2486,0.1914,-1.0444,0.1921
4131575232,2022-03-15T02:41:40.557769Z,50.622368999157,30.552907760182,9.0104017427,1.00,true,1.219,3.854,60.772,8.510,-11.442,54,21,21,89.872,98.710,109.821,1053,986,0,0,0.3597,0.1423,0.4280,0.0941
4132759745,2022-03-02T14:04:23.661136Z,50.052981817103,28.972250736932,55.8413699712,1.00,true,1.359,3.016,108.722,55.341,-10.339,54,23,22,80.149,90.015,97.757,1066,1003,0,0,-0.1348,0.3167,0.1381,0.0815
4133433824,2022-05-21T18:44:31.718172Z,50.635559063661,29.283062789147,51.6051271397,1.00,true,0.374,2.457,15.100,51.105,-8.282,51,22,24,51.644,52.905,56.502,937,1056,0,0,0.1120,0.0829,-0.0118,0.0348
4135725420,2022-03-02T14:32:21.413454Z,54.104253185434,35.851876526178,187.2408045429,1.00,true,1.579,2.200,569.081,186.741,-98.587,41,21,0,608.154,614.337,622.358,709,0,0,0,-0.0519,0.1770,0.0182,0.1591
4137852882,2022-03-15T03:04:24.495489Z,50.001346654685,28.701699816764,128.8745073621,1.00,true,2.031,1.601,178.629,128.375,-4.505,9,18,16,146.681,152.898,156.564,139,123,0,0,0.2057,0.2142,-0.0619,0.1761
4138249282,2022-03-15T03:08:19.060964Z,50.035954788378,29.243688099010,152.4258551812,1.00,true,2.927,1.988,139.326,151.926,-6.939,10,19,18,162.602,168.877,173.352,162,158,0,0,0.4635,0.3948,0.1111,0.2198
4142905899,2022-05-21T19:39:03.678171Z,50.618996776171,29.306198565060,48.9680909944,1.00,true,0.436,2.406,15.362,48.468,-8.322,45,24,24,48.994,50.836,55.188,895,937,0,0,-0.0858,0.1267,-0.0045,0.0696
4143413510,2022-12-04T09:42:16.69763Z,50.936791309686,28.904089937708,15.9892319383,1.00,true,0.512,1.170,24.862,15.489,-3.302,44,21,22,25.812,38.023,50.394,773,744,0,0,0.0340,0.0439,-0.0035,0.0278
4150448199,2022-05-21T20:14:45.887729Z,50.651040104336,29.286526056201,51.2262993007,1.00,true,0.740,2.460,12.559,50.726,-9.112,46,23,23,51.310,52.614,55.778,884,935,0,0,-0.1849,0.1006,-0.0112,0.0485
4164673554,2022-06-07T11:50:24.458159Z,49.503360829061,27.709871931967,52.7041509651,1.00,true,2.616,2.455,337.801,52.204,-1.542,8,20,13,164.600,174.014,180.663,133,89,0,0,0.1123,0.3573,-0.0190,0.1716
4165284120,2022-03-02T17:29:49.39316Z,50.175455009219,28.595249631755,1.1335110043,1.00,true,1.196,3.021,100.363,0.634,-9.607,48,21,23,58.778,69.082,75.625,812,891,0,0,20.3675,3.5779,0.0411,0.1196
4171052954,2022-06-07T12:14:01.634898Z,50.972537145690,28.188942717130,28.8383115423,1.00,true,1.227,1.682,90.269,28.338,-3.365,27,14,20,69.184,81.699,91.148,323,439,0,0,-0.1558,0.1566,-0.0134,0.1027
4177893209,2022-10-15T15:01:36.046217Z,50.905027560901,28.946729005536,18.8204436313,1.00,true,0.493,1.184,23.151,18.320,-1.954,60,22,21,24.550,35.449,47.222,1174,972,0,0,0.0932,0.0625,-0.0179,0.0435
4179460012,2022-07-23T09:39:26.049997Z,50.931787174956,28.914599011010,17.9586328701,1.00,true,0.433,1.264,24.909,17.459,-2.950,59,21,19,26.455,37.259,50.277,1089,906,0,0,0.0246,0.0582,-0.0257,0.0349
4184557504,2022-06-07T13:47:14.300186Z,44.040390265148,28.267019962612,96.0221065939,1.00,true,3.250,33.252,726.951,95.522,-115.700,40,24,23,728.218,741.880,751.762,918,883,0,0,0.1380,0.2257,2.2337,0.3146
4193575200,2022-07-10T22:31:42.910462Z,50.541001292119,29.037794952089,9.5354960506,1.00,true,0.841,0.716,4.148,9.035,-0.090,17,21,21,12.543,20.647,27.841,210,280,0,0,-0.1162,0.2381,0.0054,0.0891
4197851657,2022-03-15T09:04:18.213837Z,50.473984707033,28.689387490920,81.7774358391,1.00,true,0.774,3.266,85.101,81.277,-9.786,60,13,15,88.872,90.630,94.117,740,792,0,0,-0.1055,0.2057,-0.0756,0.1097
4203173457,2022-03-15T09:57:40.274296Z,50.399694139433,28.941155763567,57.3322061708,1.00,true,0.804,2.834,63.297,56.832,-9.726,52,21,21,62.532,67.243,71.246,926,933,0,0,0.2424,0.1692,-0.0151,0.0773
4203262032,2022-03-15T09:58:29.727146Z,50.619432719649,29.019163200955,50.3949658908,1.00,true,0.562,2.428,27.408,49.895,-8.273,42,21,20,50.988,52.239,53.739,801,776,0,0,0.1808,0.1822,-0.0555,0.1146
4205066496,2022-10-28T06:21:40.94671Z,49.606606331811,29.811947232520,325.2416187317,1.00,true,2.396,16.719,113.661,324.742,-33.053,17,24,24,343.557,348.413,353.132,403,387,0,0,0.0337,0.1304,0.7722,0.1744
4207662907,2022-03-15T10:02:30.799485Z,50.684817130123,28.968305258943,47.8143732958,1.00,true,0.366,2.422,23.373,47.314,-8.201,40,21,21,48.089,49.826,53.286,759,766,0,0,0.0229,0.0872,-0.0259,0.0469
4207677582,2022-03-15T10:02:45.014524Z,50.767885100407,29.137598889728,49.1958357132,1.00,true,0.461,2.506,7.177,48.696,-8.985,40,14,17,49.207,50.217,54.963,510,624,0,0,0.0317,0.2730,-0.0313,0.1299
4207929157,2022-03-15T10:04:55.456901Z,50.446911032319,28.727198941466,82.3304888097,1.00,true,0.756,3.063,83.325,81.830,-9.543,51,21,21,89.486,91.586,94.520,1007,883,0,0,-0.1269,0.1763,-0.0510,0.0993
4219771082,2022-03-15T11:23:37.51873Z,50.400588822733,29.313529808704,74.5961012015,1.00,true,0.782,2.922,61.332,74.096,-9.481,44,19,15,76.804,82.188,87.486,752,584,0,0,-0.0153,0.0496,-0.0248,0.0537
4221377607,2022-03-15T11:39:42.804917Z,50.714997253805,30.173208838152,53.8308411896,1.00,true,0.749,3.214,46.199,53.331,-11.195,43,16,13,83.124,88.812,97.744,619,497,0,0,-0.0497,0.1559,-0.1495,0.1599
4222640289,2022-11-01T09:42:25.881912Z,50.880788179687,28.850562959313,64.3603221542,1.00,true,0.695,2.118,21.110,63.860,-6.118,44,16,7,66.741,71.566,78.040,652,264,0,0,0.2660,0.2358,0.0497,0.1328
4226258545,2022-03-02T23:39:28.296904Z,49.170175328817,28.697692450901,32.7453723594,1.00,true,2.183,2.470,225.397,32.245,-4.703,10,22,20,160.711,174.329,182.786,201,174,0,0,-0.0665,0.2506,-0.4887,0.5579
4226455545,2022-03-02T23:41:19.707694Z,50.394673107457,29.243473158307,68.5883300348,1.00,true,0.940,2.852,50.004,68.088,-10.292,44,18,12,71.841,76.454,81.774,702,406,0,0,-0.0138,0.3221,0.0360,0.1645
4226668895,2022-03-02T23:43:40.019967Z,49.203626438549,28.715121378576,5.8004203751,1.00,true,2.053,2.233,220.866,5.300,-2.980,9,22,17,153.875,167.803,176.453,176,136,0,0,0.2724,0.3521,0.3378,0.3100
4226757245,2022-03-02T23:44:27.40037Z,49.313473805841,28.275177936142,28.7171993210,1.00,true,2.493,2.227,250.301,28.217,-4.600,12,21,18,155.141,166.754,174.179,214,189,0,0,-0.0652,0.5788,-1.0078,0.3908
4232533769,2022-03-28T01:00:02.077363Z,50.428817505371,28.971354892519,70.2624858267,1.00,true,0.717,2.861,60.511,69.762,-9.923,43,20,21,73.398,76.934,80.241,821,785,0,0,0.0000,0.0968,-0.0358,0.0692
4232580269,2022-03-28T01:00:48.301902Z,50.408709344197,29.068984850856,73.3024948449,1.00,true,0.385,2.819,58.704,72.802,-9.698,41,21,21,75.567,79.942,83.841,815,761,0,0,-0.0266,0.0709,-0.0330,0.0783
4232722694,2022-03-28T01:01:51.049625Z,50.477602124137,29.155572198009,78.1796520470,1.00,true,1.092,2.759,52.242,77.680,-9.950,40,21,19,78.671,81.764,85.241,771,692,0,0,-0.1731,0.0893,0.0152,0.1397
4232922044,2022-03-28T01:03:49.904023Z,50.296033663987,29.562683989794,68.4759776224,1.00,true,0.707,3.073,61.450,67.976,-10.096,51,20,17,78.228,86.492,94.083,970,817,0,0,-0.0147,0.0535,-0.0330,0.0424
4232945769,2022-03-28T01:04:12.415276Z,50.673453337900,30.594523058589,1.0930382194,1.00,true,0.733,4.277,62.728,0.593,-11.585,61,19,18,92.591,101.144,111.838,1052,949,0,0,0.0631,0.0735,0.1807,0.0723
4233144394,2022-03-28T01:06:13.391562Z,50.420625874745,28.946820725571,57.4589302466,1.00,true,0.772,2.805,60.401,56.959,-9.608,62,21,21,61.951,66.181,69.979,1116,1125,0,0,0.1873,0.1696,-0.0155,0.0923
4233236844,2022-03-28T01:07:05.123447Z,50.311362628254,29.248578058110,60.3580283139,1.00,true,0.941,2.911,63.749,59.858,-9.877,53,21,21,65.988,74.211,80.641,920,927,0,0,0.1630,0.2479,-0.0523,0.1110
4236868096,2022-10-28T09:40:10.492503Z,49.552699680195,27.803935679279,23.3470451829,1.00,true,3.154,2.400,251.294,22.847,-5.507,10,21,22,149.670,159.513,166.380,172,179,0,0,0.5348,0.2838,0.2094,0.3177
4237824507,2022-03-15T13:03:53.637716Z,50.430371306309,29.363884930935,65.2667656050,1.00,true,1.229,2.139,19.297,64.767,-7.362,27,21,21,67.550,72.743,78.969,526,504,0,0,-0.3143,0.2065,0.0174,0.0860
4242864544,2022-03-28T02:03:35.683267Z,50.791364429600,28.745496221613,70.9473228803,1.00,true,0.663,2.113,19.432,70.447,-7.317,42,14,16,73.514,77.179,82.697,575,614,0,0,0.3385,0.1869,0.0563,0.1020
4244600796,2022-10-28T10:14:11.240048Z,42.445784537090,16.917338375853,127.7546809113,1.00,true,1.145,1.885,1293.502,127.255,-216.760,50,22,0,1289.363,1298.005,1305.908,1011,0,0,0,0.1064,0.1097,-0.0539,0.0674
4251493937,2022-04-01T04:34:12.037846Z,50.867019961984,27.969158666202,0.8647799746,1.00,true,1.510,1.903,109.862,0.365,-3.962,24,20,22,74.429,86.938,96.705,399,451,0,0,-0.1636,0.3002,-0.2456,0.1706
4259724389,2022-11-01T13:11:19.380338Z,47.622717413725,38.310570984358,35.9133637201,1.00,true,3.721,34.331,521.434,35.413,-116.620,42,23,24,734.468,745.683,757.789,929,965,0,0,-0.3938,0.2873,-0.8536,0.6403
4261577862,2022-04-01T05:34:58.960619Z,50.989136810209,29.925413136853,72.7535582993,1.00,true,1.576,0.973,33.570,72.254,-1.039,2,21,17,92.464,97.375,101.152,40,30,0,0,-0.4863,0.9884,0.1410,0.4017
4269823782,2022-03-15T16:23:50.72204Z,50.322438324026,28.290022519142,50.7919823051,1.00,true,1.233,3.261,117.324,50.292,-9.278,58,21,20,84.350,88.922,94.253,1137,977,0,0,0.0811,0.2144,-0.0531,0.1265
4271024782,2022-03-15T16:35:56.527063Z,50.215260729378,30.362839946061,172.2676935280,1.00,true,2.761,1.415,161.365,171.768,-4.473,7,19,18,193.079,198.721,204.842,125,105,0,0,0.0587,0.6535,-0.2840,0.3182
4271431432,2022-03-15T16:40:04.253724Z,50.362753925783,29.321562611209,122.6902815958,1.00,true,2.277,1.192,105.429,122.190,-3.746,9,21,18,124.695,128.408,132.327,148,137,0,0,-0.0756,0.3182,-0.0326,0.1131
4273026939,2022-11-01T14:46:15.160424Z,50.934423729334,28.908985257121,18.7460139605,1.00,true,0.442,1.204,24.115,18.246,-2.840,43,24,23,27.314,38.729,50.965,886,759,0,0,0.3348,0.2747,-0.0019,0.1370
4280371057,2022-03-15T17:29:37.717412Z,50.482321371114,29.047412564140,73.8356189379,1.00,true,0.517,2.877,62.213,73.336,-9.283,56,21,21,75.037,77.678,80.677,1027,1021,0,0,-0.2162,0.1485,-0.0351,0.0568
4281164432,2022-03-15T17:37:31.272018Z,50.329533062684,29.076222063096,55.5633284999,1.00,true,0.928,2.929,66.620,55.063,-9.728,46,21,20,61.388,68.823,74.436,799,797,0,0,0.0478,0.0616,0.0101,0.0379
4281653132,2022-03-15T17:42:19.370892Z,50.122917926421,29.526570583773,53.3326178236,1.00,true,0.746,3.047,82.218,52.833,-9.629,49,20,21,74.877,86.022,96.167,923,893,0,0,-0.0981,0.1590,-0.1008,0.0893
4282084562,2022-04-01T07:40:00.211574Z,50.518716938299,29.368733548328,74.6358116423,1.00,true,1.630,2.475,32.002,74.136,-6.788,30,12,15,75.606,77.800,82.571,324,388,0,0,-0.1835,0.3000,0.0220,0.1116
4282453307,2022-03-15T17:50:19.210265Z,50.059010963518,29.435216803304,44.9089947804,1.00,true,1.084,3.161,90.635,44.409,-10.790,46,21,21,72.469,85.454,95.427,889,895,0,0,0.0236,0.0693,-0.0110,0.0284
4284617595,2022-05-17T04:06:53.275378Z,50.488183382845,28.999223153765,41.7832329819,1.00,true,0.770,0.647,8.477,41.283,-3.725,17,24,5,44.222,48.365,52.680,308,64,0,0,0.0816,0.2550,-0.0119,0.1069
4287655957,2022-03-15T18:02:22.493356Z,50.313146903187,28.620247538422,44.0238893757,1.00,true,0.443,3.113,82.114,43.524,-9.507,48,21,21,65.812,71.172,76.352,947,883,0,0,0.0719,0.1617,-0.0132,0.1015
4287668945,2022-05-17T04:36:36.826368Z,51.234825912120,32.488369907551,22.6239638817,1.00,true,0.965,7.763,316.011,22.124,-31.174,35,22,4,235.539,243.207,250.567,739,83,0,0,-0.3134,0.2713,0.2469,0.2767
4288245607,2022-03-15T18:08:10.510968Z,50.298057624949,28.203935886106,7.0289143321,1.00,true,1.436,3.951,106.808,6.529,-11.489,43,20,20,74.360,79.866,86.531,829,754,0,0,-0.0882,0.1735,-0.1503,0.1318
