id,isotime,latitude,longitude,depth,magnitude
20220201073328925,2022-02-01 07:33:29.275,50.722592,28.802596,0.0,1.0
20220201101434150,2022-02-01 10:14:34.125,52.003669,27.905321,0.0,1.0
20220201104025675,2022-02-01 10:40:25.700,50.72226,28.774277,0.0,1.0
20220201110215950,2022-02-01 11:02:15.925,52.003669,27.905321,0.0,1.0
20220201115354000,2022-02-01 11:53:54.075,50.016403,31.082863,0.0,1.0
20220202094001475,2022-02-02 09:40:01.450,51.125674,28.676587,0.0,1.0
20220202095654975,2022-02-02 09:56:53.575,50.005862,31.961562,0.0,1.0
20220202110004900,2022-02-02 11:00:05.075,50.774411,29.351256,0.0,1.0
20220202114646375,2022-02-02 11:46:46.825,50.018257,30.817796,0.0,1.0
20220202143703350,2022-02-02 14:37:03.400,52.003669,27.905321,0.0,1.0
20220203105331850,2022-02-03 10:53:31.650,50.763739,29.368449,0.0,1.0
20220203110102375,2022-02-03 11:01:02.350,52.003669,27.905321,0.0,1.0
20220203114945800,2022-02-03 11:49:45.525,50.96081,28.454001,0.0,1.0
20220203151449675,2022-02-03 15:14:49.775,50.988585,28.509975,0.0,1.0
20220204090556450,2022-02-04 09:05:56.475,51.13484,28.690586,0.0,1.0
20220204104729300,2022-02-04 10:47:29.325,52.003669,27.905321,0.0,1.0
20220204112053450,2022-02-04 11:20:53.500,50.949217,28.283602,0.0,1.0
20220204123726425,2022-02-04 12:37:26.225,50.963535,28.653243,0.0,1.0
20220205082217125,2022-02-05 08:22:17.275,50.47261,28.964733,0.0,1.0
20220205113143900,2022-02-05 11:31:44.075,50.429275,29.134728,0.0,1.0
20220205124254300,2022-02-05 12:42:54.325,50.713438,28.788698,0.0,1.0
20220206090712325,2022-02-06 09:07:12.375,50.7171,28.794256,0.0,1.0
20220207101259100,2022-02-07 10:12:59.375,50.447253,29.13434,0.0,1.0
20220208094050625,2022-02-08 09:40:50.575,50.005802,28.33462,0.0,1.0
20220208094450325,2022-02-08 09:44:49.700,51.242896,28.09984,0.0,1.0
20220208114306725,2022-02-08 11:43:06.575,50.109978,29.980338,0.0,1.0
20220208132617600,2022-02-08 13:26:17.525,50.997169,28.481174,0.0,1.0
20220209082657100,2022-02-09 08:26:56.975,51.916862,30.264273,0.0,1.0
20220209102631750,2022-02-09 10:26:31.700,52.003669,27.905321,0.0,1.0
20220209103624525,2022-02-09 10:36:24.450,50.004506,32.045224,0.0,1.0
20220209105146175,2022-02-09 10:51:46.425,50.70445,28.788959,0.0,1.0
20220209111431325,2022-02-09 11:14:31.500,51.903382,30.26424,0.0,1.0
20220209112350350,2022-02-09 11:23:50.625,51.90786,30.278781,0.0,1.0
20220209123422125,2022-02-09 12:34:22.125,50.952636,28.511241,0.0,1.0
20220209130524800,2022-02-09 13:05:25.050,51.916886,30.235208,0.0,1.0
20220209131933925,2022-02-09 13:19:33.925,51.916886,30.235208,0.0,1.0
20220209135428200,2022-02-09 13:54:28.200,51.90786,30.278781,0.0,1.0
20220209142731925,2022-02-09 14:27:32.200,51.916886,30.235208,0.0,1.0
20220209151824575,2022-02-09 15:18:24.600,51.923166,30.249754,0.0,1.0
20220209174442025,2022-02-09 17:44:41.825,50.722592,28.802596,0.0,1.0
20220210082313500,2022-02-10 08:23:13.300,51.088992,28.620644,0.0,1.0
20220210111456725,2022-02-10 11:14:56.775,51.429526,28.825072,0.0,1.0
20220210114432700,2022-02-10 11:44:33.150,50.01206,31.515287,0.0,1.0
20220210121623650,2022-02-10 12:16:23.175,50.01408,31.333958,0.0,1.0
20220210130158300,2022-02-10 13:01:58.300,51.017823,28.680005,0.0,1.0
20220210132207275,2022-02-10 13:22:07.225,52.003669,27.905321,0.0,1.0
20220211061559200,2022-02-11 06:15:59.200,51.076723,29.149116,0.0,1.0
20220211091214650,2022-02-11 09:12:14.925,50.763739,29.368449,0.0,1.0
20220211110709650,2022-02-11 11:07:09.700,52.003669,27.905321,0.0,1.0
20220211111402075,2022-02-11 11:14:01.675,50.52992,29.358233,0.0,1.0
20220211124021375,2022-02-11 12:40:21.475,51.143649,28.676016,0.0,1.0
20220213101716325,2022-02-13 10:17:16.550,50.704778,28.817268,0.0,1.0
20220214134107750,2022-02-14 13:41:07.400,51.429363,28.810695,0.0,1.0
20220214145122475,2022-02-14 14:51:22.050,50.06481,29.868773,0.0,1.0
20220215100423925,2022-02-15 10:04:23.925,50.764424,29.337252,0.0,1.0
20220215110633475,2022-02-15 11:06:33.700,50.72226,28.774277,0.0,1.0
20220215113853925,2022-02-15 11:38:54.200,50.016054,31.124714,0.0,1.0
20220215115854350,2022-02-15 11:58:54.550,50.01408,31.333958,0.0,1.0
20220215120114275,2022-02-15 12:01:14.350,52.003669,27.905321,0.0,1.0
20220216093712800,2022-02-16 09:37:12.800,52.003669,27.905321,0.0,1.0
20220216101914625,2022-02-16 10:19:14.650,51.832996,27.913712,0.0,1.0
20220216103508650,2022-02-16 10:35:08.575,52.003669,27.905321,0.0,1.0
20220216111149800,2022-02-16 11:11:50.025,50.016172,31.110764,0.0,1.0
20220217105613975,2022-02-17 10:56:14.125,50.181935,30.00808,0.0,1.0
20220217105748075,2022-02-17 10:57:47.900,50.014506,31.292111,0.0,1.0
20220217114646275,2022-02-17 11:46:46.250,50.910243,28.104518,0.0,1.0
20220217125542200,2022-02-17 12:55:42.700,50.43441,31.535981,0.0,1.0
20220218112340075,2022-02-18 11:23:40.100,50.943448,28.497332,0.0,1.0
20220218113629100,2022-02-18 11:36:29.025,50.004506,32.045224,0.0,1.0
20220218163743825,2022-02-18 16:37:43.850,50.0,28.0,0.0,1.0
20220219064052250,2022-02-19 06:40:52.075,50.521189,27.976152,0.0,1.0
20220219094041775,2022-02-19 09:40:41.850,50.704283,28.774805,0.0,1.0
20220220154630025,2022-02-20 15:46:30.200,50.749224,28.773484,0.0,1.0
20220221120813750,2022-02-21 12:08:13.775,50.772823,29.382475,0.0,1.0
20220222075804800,2022-02-22 07:58:04.800,50.015049,31.236313,0.0,1.0
20220222100718050,2022-02-22 10:07:18.050,52.003669,27.905321,0.0,1.0
20220222105638175,2022-02-22 10:56:38.175,50.43766,31.231986,0.0,1.0
20220223082157950,2022-02-23 08:21:57.900,52.003669,27.905321,0.0,1.0
20220223102356800,2022-02-23 10:23:56.800,52.003669,27.905321,0.0,1.0
20220223105742850,2022-02-23 10:57:42.800,52.003669,27.905321,0.0,1.0
20220223112251650,2022-02-23 11:22:51.575,51.134481,28.662016,0.0,1.0
20220223112712125,2022-02-23 11:27:12.200,51.094197,28.606194,0.0,1.0
20220223120125225,2022-02-23 12:01:25.175,50.001611,32.212535,0.0,1.0
20220223153221375,2022-02-23 15:32:21.400,50.722426,28.788436,0.0,1.0
20220224030540650,2022-02-24 03:05:40.700,50.654703,31.087083,0.0,1.0
20220224031514150,2022-02-24 03:15:14.100,50.181396,28.663972,0.0,1.0
20220224031726550,2022-02-24 03:17:26.425,50.339661,31.1314,0.0,1.0
20220224031955200,2022-02-24 03:19:55.150,50.101387,28.736375,0.0,1.0
20220224032046725,2022-02-24 03:20:46.250,50.449637,30.843628,0.0,1.0
20220224032253950,2022-02-24 03:22:54.175,50.342155,30.773211,0.0,1.0
20220224032711225,2022-02-24 03:27:11.425,50.118838,28.693902,0.0,1.0
20220224033108075,2022-02-24 03:31:07.850,50.278984,30.815869,0.0,1.0
20220224033612825,2022-02-24 03:36:12.850,50.011118,31.591999,0.0,1.0
20220224035030450,2022-02-24 03:50:30.450,50.001611,32.212535,0.0,1.0
20220224040313925,2022-02-24 04:03:13.850,50.001611,32.212535,0.0,1.0
20220224041055825,2022-02-24 04:10:55.800,50.016516,31.068913,0.0,1.0
20220224041353650,2022-02-24 04:13:53.600,50.001611,32.212535,0.0,1.0
20220224041514125,2022-02-24 04:15:14.175,50.001611,32.212535,0.0,1.0
20220224042034050,2022-02-24 04:20:33.975,50.001611,32.212535,0.0,1.0
20220224043611750,2022-02-24 04:36:11.025,50.702116,29.59598,0.0,1.0
20220224045454125,2022-02-24 04:54:54.125,50.136636,28.679365,0.0,1.0
20220224050627900,2022-02-24 05:06:29.400,50.003089,32.128882,0.0,1.0
20220224052410225,2022-02-24 05:24:10.200,50.368896,30.814328,0.0,1.0
20220224052640950,2022-02-24 05:26:41.000,51.199607,28.845959,0.0,1.0
20220224055157575,2022-02-24 05:51:56.975,50.395076,30.939869,0.0,1.0
20220224060524775,2022-02-24 06:05:25.450,50.003089,32.128882,0.0,1.0
20220224060633500,2022-02-24 06:06:32.950,50.002847,32.142825,0.0,1.0
20220224062703500,2022-02-24 06:27:03.500,50.132878,29.169052,0.0,1.0
20220224070821850,2022-02-24 07:08:21.900,50.001611,32.212535,0.0,1.0
20220224073645075,2022-02-24 07:36:45.200,51.29177,29.418304,0.0,1.0
20220224093248200,2022-02-24 09:32:48.200,51.366035,28.855618,0.0,1.0
20220224094603300,2022-02-24 09:46:03.225,51.125821,29.976623,0.0,1.0
20220224103032700,2022-02-24 10:30:32.900,51.308271,29.330555,0.0,1.0
20220224103143100,2022-02-24 10:31:42.575,50.409265,29.332124,0.0,1.0
20220224132915800,2022-02-24 13:29:15.800,51.077644,29.263268,0.0,1.0
20220224181303650,2022-02-24 18:13:03.725,50.586495,30.280803,0.0,1.0
20220224190845075,2022-02-24 19:08:45.225,50.989339,29.507098,0.0,1.0
20220224200519450,2022-02-24 20:05:19.650,50.586495,30.280803,0.0,1.0
20220224201128100,2022-02-24 20:11:28.175,50.559532,30.275083,0.0,1.0
20220224215901650,2022-02-24 21:59:00.900,51.182603,29.504417,0.0,1.0
20220225005418125,2022-02-25 00:54:18.350,50.694141,30.416977,0.0,1.0
20220225035750150,2022-02-25 03:57:50.075,51.290223,29.459904,0.0,1.0
20220225040621650,2022-02-25 04:06:20.600,50.016403,31.082863,0.0,1.0
20220225041537100,2022-02-25 04:15:37.025,50.17801,31.109848,0.0,1.0
20220225044101350,2022-02-25 04:41:01.700,50.478594,30.298818,0.0,1.0
20220225075142500,2022-02-25 07:51:42.850,50.701679,29.511048,0.0,1.0
20220225081950225,2022-02-25 08:19:50.225,50.916486,28.498288,0.0,1.0
20220225082408950,2022-02-25 08:24:09.050,50.916686,28.512505,0.0,1.0
20220225082720950,2022-02-25 08:27:20.975,50.907296,28.484392,0.0,1.0
20220225083327550,2022-02-25 08:33:27.375,50.916284,28.484071,0.0,1.0
20220225084511825,2022-02-25 08:45:11.925,51.232483,29.589632,0.0,1.0
20220225102415325,2022-02-25 10:24:15.450,50.925873,28.52641,0.0,1.0
20220225103028550,2022-02-25 10:30:28.550,50.593912,28.580276,0.0,1.0
20220225110805875,2022-02-25 11:08:05.975,51.309733,28.656372,0.0,1.0
20220225111607450,2022-02-25 11:16:07.450,51.008494,29.777572,0.0,1.0
20220225111705900,2022-02-25 11:17:06.250,51.365579,31.000995,0.0,1.0
20220225112321625,2022-02-25 11:23:21.575,51.090816,31.532735,0.0,1.0
20220225140734825,2022-02-25 14:07:34.975,50.449914,28.570996,0.0,1.0
20220225141725200,2022-02-25 14:17:25.200,50.740857,29.61394,0.0,1.0
20220225145905725,2022-02-25 14:59:05.750,50.990909,29.934394,0.0,1.0
20220225150722150,2022-02-25 15:07:22.175,50.972704,29.834811,0.0,1.0
20220225162735950,2022-02-25 16:27:35.950,50.945987,29.948832,0.0,1.0
20220225164331925,2022-02-25 16:43:32.250,50.964032,29.991461,0.0,1.0
20220225194845025,2022-02-25 19:48:45.300,52.023202,30.759822,0.0,1.0
20220225203419225,2022-02-25 20:34:19.225,50.819112,29.622975,0.0,1.0
20220226043137075,2022-02-26 04:31:36.875,51.28898,29.058499,0.0,1.0
20220226052714175,2022-02-26 05:27:14.225,50.874155,30.005974,0.0,1.0
20220226060507225,2022-02-26 06:05:07.425,50.09257,28.750615,0.0,1.0
20220226060623400,2022-02-26 06:06:23.425,50.10985,28.694178,0.0,1.0
20220226060700100,2022-02-26 06:07:00.225,50.119363,28.735839,0.0,1.0
20220226060839750,2022-02-26 06:08:39.700,50.122785,28.721752,0.0,1.0
20220226060910850,2022-02-26 06:09:10.950,50.110375,28.736107,0.0,1.0
20220226063106075,2022-02-26 06:31:06.025,50.928457,32.182424,0.0,1.0
20220226081724350,2022-02-26 08:17:24.300,50.980985,29.635383,0.0,1.0
20220226083240950,2022-02-26 08:32:40.950,50.640452,30.034967,0.0,1.0
20220226085521000,2022-02-26 08:55:21.000,51.008448,29.763323,0.0,1.0
20220226085917700,2022-02-26 08:59:17.575,51.0084,29.749074,0.0,1.0
20220226085941575,2022-02-26 08:59:41.325,51.792254,28.785567,0.0,1.0
20220226092518100,2022-02-26 09:25:18.325,50.657207,28.606447,0.0,1.0
20220226102441625,2022-02-26 10:24:40.100,51.502537,31.681955,0.0,1.0
20220226112449825,2022-02-26 11:24:49.850,50.676467,30.133915,0.0,1.0
20220226145058600,2022-02-26 14:50:58.600,51.477441,31.529951,0.0,1.0
20220226154714975,2022-02-26 15:47:14.825,51.605152,31.360553,0.0,1.0
20220226174905050,2022-02-26 17:49:05.125,50.774756,30.523772,0.0,1.0
20220226175907250,2022-02-26 17:59:06.925,50.756799,30.516542,0.0,1.0
20220226224058300,2022-02-26 22:40:58.200,50.088758,31.028391,0.0,1.0
20220227012523675,2022-02-27 01:25:23.650,50.543461,31.436194,0.0,1.0
20220227044629225,2022-02-27 04:46:28.825,50.577502,30.283602,0.0,1.0
20220227055236000,2022-02-27 05:52:36.625,51.793356,31.414822,0.0,1.0
20220227065230400,2022-02-27 06:52:30.275,50.541492,30.32159,0.0,1.0
20220227070936225,2022-02-27 07:09:36.250,50.586492,30.283627,0.0,1.0
20220227073502675,2022-02-27 07:35:02.550,50.577519,30.268072,0.0,1.0
20220227075559750,2022-02-27 07:55:59.775,50.541567,30.260928,0.0,1.0
20220227083954350,2022-02-27 08:39:54.350,50.715091,29.353685,0.0,1.0
20220227084711425,2022-02-27 08:47:11.650,50.730737,29.565895,0.0,1.0
20220227092251575,2022-02-27 09:22:51.550,50.718793,29.3692,0.0,1.0
20220227094930775,2022-02-27 09:49:30.575,50.809852,29.566324,0.0,1.0
20220227095007025,2022-02-27 09:50:07.000,50.810057,29.608889,0.0,1.0
20220227104645250,2022-02-27 10:46:45.200,52.013904,30.817955,0.0,1.0
20220227105951700,2022-02-27 10:59:51.950,50.792931,29.599158,0.0,1.0
20220227112506500,2022-02-27 11:25:06.250,50.828227,29.651261,0.0,1.0
20220227120155650,2022-02-27 12:01:55.550,50.819047,29.608785,0.0,1.0
20220227120532975,2022-02-27 12:05:32.950,50.731585,29.555969,0.0,1.0
20220227120946000,2022-02-27 12:09:45.700,50.732492,29.557374,0.0,1.0
20220227121829325,2022-02-27 12:18:29.650,50.774164,29.623482,0.0,1.0
20220227124801450,2022-02-27 12:48:01.400,50.730744,29.567311,0.0,1.0
20220227125340950,2022-02-27 12:53:41.025,50.810186,29.637265,0.0,1.0
20220227125436475,2022-02-27 12:54:36.350,50.819112,29.622975,0.0,1.0
20220227132642700,2022-02-27 13:26:42.500,51.026848,30.376123,0.0,1.0
20220227133820525,2022-02-27 13:38:20.350,50.819466,29.708122,0.0,1.0
20220227134950775,2022-02-27 13:49:50.275,50.827969,29.594487,0.0,1.0
20220227141433100,2022-02-27 14:14:33.075,50.728946,29.567334,0.0,1.0
20220227143159000,2022-02-27 14:31:58.875,50.520734,29.330184,0.0,1.0
20220227143314500,2022-02-27 14:33:16.200,50.520633,29.316084,0.0,1.0
20220227144106775,2022-02-27 14:41:06.750,50.520633,29.316084,0.0,1.0
20220227150904200,2022-02-27 15:09:04.100,50.261169,28.577303,0.0,1.0
20220227151807725,2022-02-27 15:18:07.800,50.290444,31.544388,0.0,1.0
20220227155420050,2022-02-27 15:54:20.050,50.511844,29.344438,0.0,1.0
20220227160602400,2022-02-27 16:06:02.100,50.511744,29.330341,0.0,1.0
20220227161709275,2022-02-27 16:17:09.050,50.520734,29.330184,0.0,1.0
20220227162102725,2022-02-27 16:21:02.750,50.520734,29.330184,0.0,1.0
20220227162735975,2022-02-27 16:27:36.025,50.511744,29.330341,0.0,1.0
20220227163114975,2022-02-27 16:31:14.750,50.511744,29.330341,0.0,1.0
20220227163524550,2022-02-27 16:35:24.775,50.538713,29.32987,0.0,1.0
20220227165459700,2022-02-27 16:54:59.625,50.520833,29.344284,0.0,1.0
20220227165548100,2022-02-27 16:55:47.850,50.529822,29.34413,0.0,1.0
20220227165956000,2022-02-27 16:59:56.025,50.709387,29.612884,0.0,1.0
20220227170132675,2022-02-27 17:01:32.925,50.756248,29.637856,0.0,1.0
20220227170356000,2022-02-27 17:03:55.875,50.711237,29.62419,0.0,1.0
20220227170702550,2022-02-27 17:07:02.575,50.368929,30.808706,0.0,1.0
20220227173322600,2022-02-27 17:33:22.750,51.035318,29.734585,0.0,1.0
20220227175454975,2022-02-27 17:54:54.975,50.595543,30.211623,0.0,1.0
20220227184019825,2022-02-27 18:40:19.325,50.792143,29.62328,0.0,1.0
20220227201517950,2022-02-27 20:15:17.800,50.837216,29.651165,0.0,1.0
20220227201749075,2022-02-27 20:17:49.025,50.837276,29.665362,0.0,1.0
20220227203851100,2022-02-27 20:38:51.075,51.291939,29.087105,0.0,1.0
20220227211247200,2022-02-27 21:12:47.200,50.640006,30.491596,0.0,1.0
20220227211806725,2022-02-27 21:18:06.700,50.791873,29.566549,0.0,1.0
20220227215113875,2022-02-27 21:51:13.675,50.613089,30.473032,0.0,1.0
20220227222654200,2022-02-27 22:26:53.925,50.649008,30.487419,0.0,1.0
20220227232003975,2022-02-27 23:20:04.275,51.567757,31.493717,0.0,1.0
20220227233744300,2022-02-27 23:37:44.500,51.387523,29.228577,0.0,1.0
20220228000353725,2022-02-28 00:03:53.725,51.386441,29.099295,0.0,1.0
20220228000920500,2022-02-28 00:09:20.750,51.228491,29.031289,0.0,1.0
20220228001217250,2022-02-28 00:12:17.325,51.35251,28.698062,0.0,1.0
20220228051502250,2022-02-28 05:15:02.225,50.405588,29.627601,0.0,1.0
20220228052732875,2022-02-28 05:27:32.675,50.811258,30.034546,0.0,1.0
20220228055901100,2022-02-28 05:59:01.000,50.458376,29.41577,0.0,1.0
20220228062821150,2022-02-28 06:28:21.425,50.883154,30.014473,0.0,1.0
20220228063737250,2022-02-28 06:37:37.275,51.186854,29.461444,0.0,1.0
20220228064554750,2022-02-28 06:45:54.725,50.964012,29.977225,0.0,1.0
20220228092900450,2022-02-28 09:29:00.725,50.458465,29.429852,0.0,1.0
20220228131937075,2022-02-28 13:19:37.050,51.044307,29.734504,0.0,1.0
20220228135624000,2022-02-28 13:56:24.200,51.080213,29.719912,0.0,1.0
20220228143409925,2022-02-28 14:34:10.075,50.998768,29.592447,0.0,1.0
20220228153834350,2022-02-28 15:38:34.325,50.775111,30.389084,0.0,1.0
20220228162802675,2022-02-28 16:28:02.725,50.412761,29.317993,0.0,1.0
20220228162940575,2022-02-28 16:29:40.625,50.603693,29.512383,0.0,1.0
20220228163044800,2022-02-28 16:30:45.025,50.439729,29.317517,0.0,1.0
20220228163217450,2022-02-28 16:32:17.400,50.601825,29.499695,0.0,1.0
20220228163648625,2022-02-28 16:36:48.625,50.575903,29.526879,0.0,1.0
20220228163742825,2022-02-28 16:37:42.950,50.435335,29.331671,0.0,1.0
20220228163919300,2022-02-28 16:39:19.350,50.421648,29.303764,0.0,1.0
20220228164019075,2022-02-28 16:40:19.150,50.602636,29.484145,0.0,1.0
20220228164257375,2022-02-28 16:42:57.375,50.582986,29.507016,0.0,1.0
20220228165339100,2022-02-28 16:53:39.275,50.324403,30.729443,0.0,1.0
20220228184049225,2022-02-28 18:40:49.200,50.837216,29.651165,0.0,1.0
20220228211048250,2022-02-28 21:10:48.300,50.397053,29.740211,0.0,1.0
20220228211150100,2022-02-28 21:11:50.125,50.406092,29.7542,0.0,1.0
20220301020119550,2022-03-01 02:01:19.525,50.774228,29.637659,0.0,1.0
20220301020311000,2022-03-01 02:03:11.175,50.792011,29.594914,0.0,1.0
20220301045128950,2022-03-01 04:51:28.950,50.409348,31.366404,0.0,1.0
20220301052231400,2022-03-01 05:22:31.300,50.218956,31.507246,0.0,1.0
20220301073758400,2022-03-01 07:37:58.050,50.810122,29.623077,0.0,1.0
20220301074012550,2022-03-01 07:40:12.475,50.810186,29.637265,0.0,1.0
20220301075346625,2022-03-01 07:53:46.825,50.363689,31.43129,0.0,1.0
20220301081614650,2022-03-01 08:16:14.625,50.647819,29.525923,0.0,1.0
20220301085636450,2022-03-01 08:56:36.500,50.388112,29.754351,0.0,1.0
20220301100305350,2022-03-01 10:03:05.375,50.518255,29.034092,0.0,1.0
20220301103634875,2022-03-01 10:36:34.875,50.631392,29.978451,0.0,1.0
20220301112916225,2022-03-01 11:29:16.250,50.379577,29.923131,0.0,1.0
20220301113420500,2022-03-01 11:34:20.425,50.568365,29.922219,0.0,1.0
20220301113739275,2022-03-01 11:37:39.300,50.595351,29.930562,0.0,1.0
20220301120645100,2022-03-01 12:06:45.000,50.406139,29.768266,0.0,1.0
20220301131734000,2022-03-01 13:17:34.000,50.801196,29.637364,0.0,1.0
20220301133016075,2022-03-01 13:30:16.025,50.622332,29.936089,0.0,1.0
20220301133503925,2022-03-01 13:35:03.950,50.406139,29.768266,0.0,1.0
20220301133821025,2022-03-01 13:38:21.000,50.631329,29.940288,0.0,1.0
20220301135546000,2022-03-01 13:55:46.000,50.631321,29.936048,0.0,1.0
20220301135943300,2022-03-01 13:59:43.150,50.143941,28.55321,0.0,1.0
20220301140044625,2022-03-01 14:00:44.650,50.100862,28.694454,0.0,1.0
20220301141835875,2022-03-01 14:18:35.900,50.801133,29.623178,0.0,1.0
20220301142200850,2022-03-01 14:22:01.050,50.15447,29.784287,0.0,1.0
20220301144758275,2022-03-01 14:47:57.925,50.370032,29.72639,0.0,1.0
20220301150318875,2022-03-01 15:03:18.950,50.406229,29.7964,0.0,1.0
20220301151201175,2022-03-01 15:12:01.075,51.378829,32.139045,0.0,1.0
20220301153201700,2022-03-01 15:32:01.700,50.702563,29.699316,0.0,1.0
20220301153936325,2022-03-01 15:39:36.450,50.370311,29.810726,0.0,1.0
20220301161249875,2022-03-01 16:12:49.775,50.208611,29.85391,0.0,1.0
20220301172432900,2022-03-01 17:24:33.075,50.396949,29.712083,0.0,1.0
20220301182740975,2022-03-01 18:27:40.950,50.640336,29.950144,0.0,1.0
20220301182939000,2022-03-01 18:29:39.225,50.622357,29.95022,0.0,1.0
20220301183044750,2022-03-01 18:30:44.750,50.631347,29.950182,0.0,1.0
20220301191018500,2022-03-01 19:10:18.475,50.405588,29.627601,0.0,1.0
20220301191049825,2022-03-01 19:10:49.725,51.152421,30.491083,0.0,1.0
20220301191617675,2022-03-01 19:16:17.650,50.424164,29.782193,0.0,1.0
20220301195957750,2022-03-01 19:59:57.450,50.016516,31.068913,0.0,1.0
20220301202439475,2022-03-01 20:24:39.550,50.442416,29.880595,0.0,1.0
20220301202943625,2022-03-01 20:29:43.750,50.243384,28.591916,0.0,1.0
20220301203143300,2022-03-01 20:31:43.250,50.269769,28.548957,0.0,1.0
20220301203317325,2022-03-01 20:33:17.550,50.29712,28.576105,0.0,1.0
20220301204454525,2022-03-01 20:44:54.675,50.422762,29.472615,0.0,1.0
20220301214209300,2022-03-01 21:42:09.325,51.034206,29.49222,0.0,1.0
20220301221631450,2022-03-01 22:16:31.475,50.82717,29.615787,0.0,1.0
20220301233141875,2022-03-01 23:31:42.050,50.415218,29.796332,0.0,1.0
20220302003237125,2022-03-02 00:32:37.100,50.953222,29.479132,0.0,1.0
20220302011340350,2022-03-02 01:13:40.150,50.84638,29.693667,0.0,1.0
20220302022817850,2022-03-02 02:28:17.925,50.387671,29.641861,0.0,1.0
20220302053405050,2022-03-02 05:34:04.850,50.604393,30.340184,0.0,1.0
20220302054702125,2022-03-02 05:47:02.100,50.62238,29.964352,0.0,1.0
20220302054734800,2022-03-02 05:47:34.750,50.62238,29.964352,0.0,1.0
20220302055124575,2022-03-02 05:51:24.600,50.631235,29.893645,0.0,1.0
20220302073040250,2022-03-02 07:30:40.200,50.746853,29.552941,0.0,1.0
20220302073910750,2022-03-02 07:39:10.625,50.568306,29.893988,0.0,1.0
20220302074208825,2022-03-02 07:42:08.700,50.576385,29.888297,0.0,1.0
20220302075518225,2022-03-02 07:55:18.275,50.595267,29.889604,0.0,1.0
20220302075921875,2022-03-02 07:59:21.900,50.586316,29.908011,0.0,1.0
20220302080151225,2022-03-02 08:01:50.975,50.577296,29.893939,0.0,1.0
20220302081707575,2022-03-02 08:17:07.550,50.585251,29.59736,0.0,1.0
20220302091925350,2022-03-02 09:19:25.300,51.034363,29.520733,0.0,1.0
20220302093951950,2022-03-02 09:39:51.900,51.277747,29.660745,0.0,1.0
20220302104118400,2022-03-02 10:41:18.400,50.505192,29.82103,0.0,1.0
20220302110733375,2022-03-02 11:07:33.375,50.747196,29.623786,0.0,1.0
20220302110831850,2022-03-02 11:08:31.800,51.018001,28.694254,0.0,1.0
20220302110901925,2022-03-02 11:09:02.075,50.781905,29.396507,0.0,1.0
20220302112557225,2022-03-02 11:25:57.200,50.51392,29.739192,0.0,1.0
20220302112647850,2022-03-02 11:26:47.675,50.962599,29.550174,0.0,1.0
20220302113306350,2022-03-02 11:33:06.325,51.416495,31.34841,0.0,1.0
20220302113929375,2022-03-02 11:39:29.250,51.052089,28.550531,0.0,1.0
20220302120139550,2022-03-02 12:01:39.600,51.01646,29.535227,0.0,1.0
20220302132822825,2022-03-02 13:28:22.700,50.379293,29.807849,0.0,1.0
20220302135558550,2022-03-02 13:55:58.375,50.631235,29.893645,0.0,1.0
20220302140434625,2022-03-02 14:04:34.325,50.873739,29.807064,0.0,1.0
20220302142303125,2022-03-02 14:23:02.875,51.785976,29.046635,0.0,1.0
20220302143214675,2022-03-02 14:32:14.375,50.334712,29.971102,0.0,1.0
20220302143400300,2022-03-02 14:34:00.100,50.496418,29.908474,0.0,1.0
20220302172959000,2022-03-02 17:29:59.000,50.881308,29.480166,0.0,1.0
20220302202954525,2022-03-02 20:29:54.350,51.193983,31.887824,0.0,1.0
20220302233933425,2022-03-02 23:39:33.425,50.329389,31.271641,0.0,1.0
20220302234130425,2022-03-02 23:41:30.350,50.774164,29.623482,0.0,1.0
20220302234343775,2022-03-02 23:43:43.825,50.302368,31.276614,0.0,1.0
20220302234432125,2022-03-02 23:44:32.100,50.436979,31.302359,0.0,1.0
20220303022238925,2022-03-03 02:22:38.925,50.775029,30.425946,0.0,1.0
20220303070225025,2022-03-03 07:02:25.125,51.284787,30.985173,0.0,1.0
20220303090802400,2022-03-03 09:08:02.375,51.133536,29.576539,0.0,1.0
20220303094656925,2022-03-03 09:46:56.925,50.361808,30.20429,0.0,1.0
20220303100956275,2022-03-03 10:09:56.475,51.038975,31.341527,0.0,1.0
20220303104123625,2022-03-03 10:41:23.650,50.899368,29.494123,0.0,1.0
20220303105520825,2022-03-03 10:55:20.625,50.872236,29.466088,0.0,1.0
20220303110338375,2022-03-03 11:03:38.325,50.701819,31.719465,0.0,1.0
20220303113120700,2022-03-03 11:31:20.650,50.917183,29.465429,0.0,1.0
20220303115157925,2022-03-03 11:51:58.550,51.098341,29.762574,0.0,1.0
20220303120141325,2022-03-03 12:01:41.200,50.568306,29.893988,0.0,1.0
20220303120225025,2022-03-03 12:02:24.775,50.586254,29.879769,0.0,1.0
20220303120537150,2022-03-03 12:05:37.100,50.586345,29.922132,0.0,1.0
20220303120753800,2022-03-03 12:07:53.900,50.935422,31.733028,0.0,1.0
20220303120819825,2022-03-03 12:08:20.325,50.72806,29.411538,0.0,1.0
20220303121817325,2022-03-03 12:18:17.350,50.944314,29.49349,0.0,1.0
20220303122936200,2022-03-03 12:29:36.200,51.007688,29.578091,0.0,1.0
20220303123121450,2022-03-03 12:31:21.600,50.800564,29.509696,0.0,1.0
20220303131254950,2022-03-03 13:12:55.125,50.926985,29.621755,0.0,1.0
20220303131349800,2022-03-03 13:13:49.800,50.809311,29.46701,0.0,1.0
20220303133346400,2022-03-03 13:33:46.400,50.854653,29.537359,0.0,1.0
20220303135555525,2022-03-03 13:55:55.500,51.251623,29.947503,0.0,1.0
20220303140757225,2022-03-03 14:07:57.100,50.381945,31.406475,0.0,1.0
20220303151622850,2022-03-03 15:16:22.850,50.908513,29.522432,0.0,1.0
20220303152553050,2022-03-03 15:25:52.825,50.586345,29.922132,0.0,1.0
20220303154503775,2022-03-03 15:45:03.625,50.944832,29.593093,0.0,1.0
20220303155959700,2022-03-03 15:59:59.800,50.890827,29.579524,0.0,1.0
20220303160039900,2022-03-03 16:00:40.000,50.890756,29.565312,0.0,1.0
20220303163010800,2022-03-03 16:30:10.925,51.132541,30.899561,0.0,1.0
20220303170403125,2022-03-03 17:04:03.000,51.025596,29.563616,0.0,1.0
20220303171951525,2022-03-03 17:19:50.925,51.107421,29.791058,0.0,1.0
20220303200319350,2022-03-03 20:03:19.000,50.005356,28.306732,0.0,1.0
20220303201611400,2022-03-03 20:16:11.375,50.755291,29.453626,0.0,1.0
20220303202836225,2022-03-03 20:28:36.225,50.991038,28.695097,0.0,1.0
20220303203127625,2022-03-03 20:31:27.550,50.98693,28.396063,0.0,1.0
20220303203241775,2022-03-03 20:32:41.725,51.035436,28.650927,0.0,1.0
20220303203827075,2022-03-03 20:38:27.000,51.034691,28.593911,0.0,1.0
20220303232214125,2022-03-03 23:22:14.025,50.604458,30.29498,0.0,1.0
20220304002744875,2022-03-04 00:27:44.700,50.541403,30.373787,0.0,1.0
20220304013137775,2022-03-04 01:31:37.900,50.15425,28.650829,0.0,1.0
20220304060839775,2022-03-04 06:08:39.750,50.657866,30.529911,0.0,1.0
20220304061221025,2022-03-04 06:12:21.000,50.35229,29.796804,0.0,1.0
20220304062242150,2022-03-04 06:22:42.175,50.828036,29.60868,0.0,1.0
20220304063810350,2022-03-04 06:38:10.325,50.602208,29.413519,0.0,1.0
20220304082330275,2022-03-04 08:23:29.925,50.514294,29.863264,0.0,1.0
20220304091944975,2022-03-04 09:19:45.025,50.550584,30.227085,0.0,1.0
20220304093451550,2022-03-04 09:34:51.350,50.550562,30.255305,0.0,1.0
20220304094529875,2022-03-04 09:45:29.900,51.025666,29.57787,0.0,1.0
20220304103130475,2022-03-04 10:31:30.500,51.070681,29.591584,0.0,1.0
20220304103453850,2022-03-04 10:34:53.825,50.828101,29.622874,0.0,1.0
20220304103634425,2022-03-04 10:36:34.400,50.39736,29.83866,0.0,1.0
20220304131509375,2022-03-04 13:15:09.350,50.541499,30.317357,0.0,1.0
20220304131534925,2022-03-04 13:15:34.850,50.324251,30.758932,0.0,1.0
20220304133159800,2022-03-04 13:31:59.700,50.415668,30.295806,0.0,1.0
20220304140001875,2022-03-04 14:00:01.800,51.083931,31.341253,0.0,1.0
20220304140605275,2022-03-04 14:06:05.450,50.729044,29.587163,0.0,1.0
20220304145345025,2022-03-04 14:53:45.050,51.453492,29.788361,0.0,1.0
20220304155941600,2022-03-04 15:59:41.575,50.541823,29.748824,0.0,1.0
20220304165037225,2022-03-04 16:50:37.250,50.72111,30.417131,0.0,1.0
20220304200108800,2022-03-04 20:01:08.800,50.496293,29.854917,0.0,1.0
20220304213127600,2022-03-04 21:31:27.600,50.190018,28.63569,0.0,1.0
20220304213212550,2022-03-04 21:32:12.425,50.135529,28.595463,0.0,1.0
20220304213506025,2022-03-04 21:35:06.125,50.296139,28.505951,0.0,1.0
20220305052558675,2022-03-05 05:26:00.475,50.999851,30.390239,0.0,1.0
20220305053035050,2022-03-05 05:30:35.150,51.383214,31.047291,0.0,1.0
20220305053544350,2022-03-05 05:35:44.700,50.532452,30.352587,0.0,1.0
20220305054139000,2022-03-05 05:41:39.000,50.424649,30.30287,0.0,1.0
20220305055244825,2022-03-05 05:52:44.850,50.415975,28.726934,0.0,1.0
20220305072818250,2022-03-05 07:28:18.300,50.018643,30.748038,0.0,1.0
20220305084126625,2022-03-05 08:41:26.650,50.955,29.963026,0.0,1.0
20220305091228850,2022-03-05 09:12:28.900,50.524892,31.487873,0.0,1.0
20220305100048450,2022-03-05 10:00:48.250,50.766318,30.043162,0.0,1.0
20220305105933700,2022-03-05 10:59:33.725,50.510789,29.00607,0.0,1.0
20220305154440550,2022-03-05 15:44:40.625,50.397758,30.077752,0.0,1.0
20220305170209925,2022-03-05 17:02:09.900,51.113152,29.20546,0.0,1.0
20220305175923750,2022-03-05 17:59:23.750,50.954079,29.649913,0.0,1.0
20220305183211750,2022-03-05 18:32:11.775,50.988072,29.307706,0.0,1.0
20220305192444250,2022-03-05 19:24:43.925,50.291788,28.225363,0.0,1.0
20220306000232900,2022-03-06 00:02:32.675,50.918121,29.650299,0.0,1.0
20220306002916925,2022-03-06 00:29:16.950,50.49466,28.555396,0.0,1.0
20220306003003050,2022-03-06 00:30:03.050,50.808491,29.339323,0.0,1.0
20220306003126075,2022-03-06 00:31:26.075,51.007917,28.609058,0.0,1.0
20220306003238975,2022-03-06 00:32:39.300,51.008655,28.666042,0.0,1.0
20220306042833200,2022-03-06 04:28:32.950,50.630777,31.652055,0.0,1.0
20220306054730575,2022-03-06 05:47:30.400,50.96281,29.592878,0.0,1.0
20220306064323350,2022-03-06 06:43:23.450,50.971514,29.535821,0.0,1.0
20220306073608500,2022-03-06 07:36:08.275,50.721345,30.020606,0.0,1.0
20220306074747450,2022-03-06 07:47:47.350,50.406727,30.049604,0.0,1.0
20220306074827350,2022-03-06 07:48:27.250,50.415717,30.049585,0.0,1.0
20220306084012275,2022-03-06 08:40:12.475,50.587337,29.481537,0.0,1.0
20220306095712575,2022-03-06 09:57:12.550,50.478269,29.838124,0.0,1.0
20220306104521625,2022-03-06 10:45:21.700,50.505345,29.880235,0.0,1.0
20220306112723875,2022-03-06 11:27:23.625,50.180988,31.667188,0.0,1.0
20220306113506725,2022-03-06 11:35:06.850,50.363516,31.446747,0.0,1.0
20220306154602025,2022-03-06 15:46:02.050,50.711362,29.652506,0.0,1.0
20220306170808050,2022-03-06 17:08:08.775,50.687087,31.457123,0.0,1.0
20220306182322325,2022-03-06 18:23:22.175,51.412787,28.940562,0.0,1.0
20220306182440150,2022-03-06 18:24:39.975,51.426085,29.012113,0.0,1.0
20220306182549750,2022-03-06 18:25:49.750,50.381513,28.854531,0.0,1.0
20220306183004475,2022-03-06 18:30:04.275,51.278459,28.671718,0.0,1.0
20220306183105700,2022-03-06 18:31:05.875,51.268923,28.629026,0.0,1.0
20220306183255100,2022-03-06 18:32:55.000,51.153852,28.775766,0.0,1.0
20220306183449475,2022-03-06 18:34:49.550,51.172159,28.803827,0.0,1.0
20220306184913600,2022-03-06 18:49:13.550,51.027166,28.708224,0.0,1.0
20220306185006875,2022-03-06 18:50:06.850,51.228353,29.016974,0.0,1.0
20220306185206325,2022-03-06 18:52:06.325,50.755694,29.524483,0.0,1.0
20220306185354775,2022-03-06 18:53:54.750,51.071265,29.251974,0.0,1.0
20220306192105450,2022-03-06 19:21:05.250,50.667305,30.350341,0.0,1.0
20220306220352775,2022-03-06 22:03:52.750,51.422117,29.817361,0.0,1.0
20220306235656600,2022-03-06 23:56:56.600,50.87407,29.949142,0.0,1.0
20220307025830525,2022-03-07 02:58:30.400,50.316835,30.05822,0.0,1.0
20220307030002375,2022-03-07 03:00:02.375,50.469316,29.852269,0.0,1.0
20220307030048650,2022-03-07 03:00:48.550,50.460327,29.852326,0.0,1.0
20220307030722650,2022-03-07 03:07:22.750,51.025373,29.520855,0.0,1.0
20220307031004975,2022-03-07 03:10:04.950,51.305709,30.076333,0.0,1.0
20220307031446225,2022-03-07 03:14:45.900,50.889867,29.408976,0.0,1.0
20220307031706925,2022-03-07 03:17:06.775,50.882676,29.40909,0.0,1.0
20220307031905475,2022-03-07 03:19:05.500,50.640124,29.851185,0.0,1.0
20220307031951825,2022-03-07 03:19:51.800,50.862716,29.380996,0.0,1.0
20220307032020500,2022-03-07 03:20:20.300,50.667056,29.836868,0.0,1.0
20220307032135550,2022-03-07 03:21:35.525,50.667056,29.836868,0.0,1.0
20220307032236575,2022-03-07 03:22:36.300,50.890045,29.4374,0.0,1.0
20220307032404825,2022-03-07 03:24:04.600,50.611784,29.512273,0.0,1.0
20220307032514050,2022-03-07 03:25:14.125,50.584656,29.4844,0.0,1.0
20220307032525625,2022-03-07 03:25:25.375,50.575667,29.484527,0.0,1.0
20220307032612550,2022-03-07 03:26:12.500,50.889957,29.423188,0.0,1.0
20220307032709425,2022-03-07 03:27:09.200,50.584815,29.512639,0.0,1.0
20220307032854350,2022-03-07 03:28:54.350,50.576786,29.524043,0.0,1.0
20220307033330125,2022-03-07 03:33:29.950,50.880878,29.409119,0.0,1.0
20220307033516625,2022-03-07 03:35:16.650,50.880968,29.423328,0.0,1.0
20220307033725350,2022-03-07 03:37:25.475,50.871889,29.409261,0.0,1.0
20220307035449475,2022-03-07 03:54:49.450,50.88441,29.399114,0.0,1.0
20220307035938450,2022-03-07 03:59:38.450,50.871705,29.380848,0.0,1.0
20220307040143700,2022-03-07 04:01:43.675,50.415581,30.353491,0.0,1.0
20220307040236025,2022-03-07 04:02:36.200,50.873586,29.393605,0.0,1.0
20220307040250150,2022-03-07 04:02:49.850,51.053192,29.705899,0.0,1.0
20220307040440425,2022-03-07 04:04:40.600,50.879906,29.397766,0.0,1.0
20220307041820600,2022-03-07 04:18:20.575,50.871416,29.338229,0.0,1.0
20220307043951125,2022-03-07 04:39:51.050,50.880694,29.3807,0.0,1.0
20220307045544975,2022-03-07 04:55:44.950,50.853819,29.395346,0.0,1.0
20220307045821400,2022-03-07 04:58:21.400,50.880694,29.3807,0.0,1.0
20220307052634025,2022-03-07 05:26:34.125,50.883391,29.380656,0.0,1.0
20220307053031150,2022-03-07 05:30:31.150,50.424736,30.091783,0.0,1.0
20220307061433475,2022-03-07 06:14:33.550,50.863567,29.523037,0.0,1.0
20220307072049475,2022-03-07 07:20:49.375,50.845432,29.494881,0.0,1.0
20220307072453450,2022-03-07 07:24:53.350,50.845511,29.509079,0.0,1.0
20220307072714025,2022-03-07 07:27:14.175,50.854421,29.494754,0.0,1.0
20220307072948650,2022-03-07 07:29:48.500,50.845432,29.494881,0.0,1.0
20220307073615475,2022-03-07 07:36:15.575,50.954602,29.792236,0.0,1.0
20220307082154300,2022-03-07 08:21:54.250,50.91806,29.636078,0.0,1.0
20220307084524925,2022-03-07 08:45:25.100,50.810057,29.608889,0.0,1.0
20220307084558400,2022-03-07 08:45:58.400,50.873292,29.679196,0.0,1.0
20220307084911675,2022-03-07 08:49:11.800,50.827758,29.551906,0.0,1.0
20220307085353125,2022-03-07 08:53:53.250,51.10718,29.719662,0.0,1.0
20220307091052200,2022-03-07 09:10:52.375,51.026601,29.820191,0.0,1.0
20220307091332825,2022-03-07 09:13:32.800,50.604411,30.328883,0.0,1.0
20220307092011425,2022-03-07 09:20:11.400,50.890684,29.551099,0.0,1.0
20220307093454300,2022-03-07 09:34:54.300,50.80963,29.523761,0.0,1.0
20220307095054250,2022-03-07 09:50:54.225,50.584737,29.498519,0.0,1.0
20220307095528000,2022-03-07 09:55:28.050,50.864303,29.679286,0.0,1.0
20220307100237250,2022-03-07 10:02:37.375,50.836748,29.551791,0.0,1.0
20220307105044700,2022-03-07 10:50:44.800,50.926255,29.47952,0.0,1.0
20220307105138700,2022-03-07 10:51:38.400,50.917265,29.479649,0.0,1.0
20220307105942900,2022-03-07 10:59:42.850,50.919071,29.481045,0.0,1.0
20220307110039675,2022-03-07 11:00:39.850,50.926255,29.47952,0.0,1.0
20220307110323500,2022-03-07 11:03:23.600,50.935077,29.450938,0.0,1.0
20220307143412275,2022-03-07 14:34:12.375,50.116888,30.86113,0.0,1.0
20220307144324050,2022-03-07 14:43:24.075,50.128178,28.721589,0.0,1.0
20220307144405250,2022-03-07 14:44:05.250,50.11919,28.72186,0.0,1.0
20220307144515375,2022-03-07 14:45:15.400,50.119015,28.707881,0.0,1.0
20220307144601750,2022-03-07 14:46:01.900,50.109492,28.666226,0.0,1.0
20220307144637125,2022-03-07 14:46:37.225,50.136814,28.69335,0.0,1.0
20220307144705325,2022-03-07 14:47:05.350,50.1233,28.763693,0.0,1.0
20220307144736825,2022-03-07 14:47:36.850,50.122958,28.735732,0.0,1.0
20220307144944200,2022-03-07 14:49:44.125,50.105346,28.624414,0.0,1.0
20220307145424525,2022-03-07 14:54:24.375,50.136636,28.679365,0.0,1.0
20220307145624200,2022-03-07 14:56:24.200,50.4513,29.838303,0.0,1.0
20220307152229275,2022-03-07 15:22:30.000,50.387959,29.712167,0.0,1.0
20220307153158100,2022-03-07 15:31:57.950,50.136814,28.69335,0.0,1.0
20220307153231900,2022-03-07 15:32:31.850,50.11919,28.72186,0.0,1.0
20220307162707050,2022-03-07 16:27:07.100,50.998835,29.606693,0.0,1.0
20220307174139650,2022-03-07 17:41:39.600,50.782085,29.424865,0.0,1.0
20220307174303425,2022-03-07 17:43:03.475,50.764107,29.425144,0.0,1.0
20220307174547800,2022-03-07 17:45:47.750,51.282388,31.273257,0.0,1.0
20220307175826250,2022-03-07 17:58:26.450,50.703118,30.422691,0.0,1.0
20220307180049225,2022-03-07 18:00:49.150,50.017027,29.297019,0.0,1.0
20220307180325425,2022-03-07 18:03:25.175,50.850658,31.292691,0.0,1.0
20220307180621525,2022-03-07 18:06:21.475,50.541414,30.368144,0.0,1.0
20220307181443725,2022-03-07 18:14:43.900,50.44205,28.655743,0.0,1.0
20220307181644775,2022-03-07 18:16:44.650,50.332152,29.361552,0.0,1.0
20220307183909500,2022-03-07 18:39:09.550,51.218943,28.974257,0.0,1.0
20220307184135300,2022-03-07 18:41:35.275,51.237062,28.988118,0.0,1.0
20220307184528725,2022-03-07 18:45:28.725,50.871978,29.423468,0.0,1.0
20220307184714625,2022-03-07 18:47:14.725,50.880878,29.409119,0.0,1.0
20220307184948550,2022-03-07 18:49:48.550,50.800237,29.452956,0.0,1.0
20220307185142900,2022-03-07 18:51:42.900,50.783785,29.40924,0.0,1.0
20220307185614725,2022-03-07 18:56:14.925,50.915625,29.237908,0.0,1.0
20220307202603625,2022-03-07 20:26:03.600,50.640018,30.487355,0.0,1.0
20220307203649100,2022-03-07 20:36:49.150,50.711695,29.737457,0.0,1.0
20220307210358800,2022-03-07 21:03:58.800,50.442416,29.880595,0.0,1.0
20220308003204425,2022-03-08 00:32:04.450,50.451358,29.860831,0.0,1.0
20220308021920750,2022-03-08 02:19:20.700,50.532343,30.407595,0.0,1.0
20220308040157475,2022-03-08 04:01:57.250,50.728454,31.744442,0.0,1.0
20220308040324775,2022-03-08 04:03:24.875,50.480335,31.452786,0.0,1.0
20220308063618525,2022-03-08 06:36:18.375,50.577284,29.888292,0.0,1.0
20220308063745875,2022-03-08 06:37:45.825,50.586254,29.879769,0.0,1.0
20220308064123825,2022-03-08 06:41:23.850,50.487332,29.866247,0.0,1.0
20220308064245325,2022-03-08 06:42:45.450,50.478376,29.880389,0.0,1.0
20220308064334400,2022-03-08 06:43:34.400,50.478306,29.852212,0.0,1.0
20220308093722000,2022-03-08 09:37:22.000,50.43332,29.838422,0.0,1.0
20220308093913725,2022-03-08 09:39:13.550,50.478408,29.894478,0.0,1.0
20220308093951425,2022-03-08 09:39:51.400,50.667056,29.836868,0.0,1.0
20220308112416975,2022-03-08 11:24:16.950,50.962525,29.53594,0.0,1.0
20220308114734700,2022-03-08 11:47:34.650,50.792011,29.594914,0.0,1.0
20220308115014525,2022-03-08 11:50:14.375,50.828509,29.72223,0.0,1.0
20220308115045275,2022-03-08 11:50:45.175,50.784185,29.956619,0.0,1.0
20220308124256725,2022-03-08 12:42:56.925,50.721414,30.119738,0.0,1.0
20220308132929400,2022-03-08 13:29:29.400,50.496037,29.767537,0.0,1.0
20220308133256775,2022-03-08 13:32:56.775,50.676042,29.835393,0.0,1.0
20220308133446625,2022-03-08 13:34:46.625,50.774228,29.637659,0.0,1.0
20220308133755825,2022-03-08 13:37:55.825,50.403218,31.055354,0.0,1.0
20220308134007400,2022-03-08 13:40:07.275,50.954951,29.934561,0.0,1.0
20220308143059700,2022-03-08 14:30:59.700,50.985739,29.236533,0.0,1.0
20220308160426625,2022-03-08 16:04:26.675,50.498766,31.412416,0.0,1.0
20220308162617375,2022-03-08 16:26:17.350,50.480525,31.435882,0.0,1.0
20220308173737800,2022-03-08 17:37:37.925,50.927676,29.806667,0.0,1.0
20220308175929875,2022-03-08 17:59:29.850,50.798412,29.312544,0.0,1.0
20220308175951325,2022-03-08 17:59:51.025,50.50498,29.753367,0.0,1.0
20220308180153725,2022-03-08 18:01:53.825,50.782293,29.321342,0.0,1.0
20220308180920175,2022-03-08 18:09:20.075,50.219632,28.564669,0.0,1.0
20220308181032900,2022-03-08 18:10:33.075,50.241191,28.437754,0.0,1.0
20220308181208900,2022-03-08 18:12:09.075,50.22597,28.634539,0.0,1.0
20220308181534150,2022-03-08 18:15:34.150,50.881768,29.407683,0.0,1.0
20220308181724375,2022-03-08 18:17:24.475,50.888769,29.252646,0.0,1.0
20220308181923550,2022-03-08 18:19:23.525,50.709387,29.612884,0.0,1.0
20220308182134950,2022-03-08 18:21:34.900,50.702183,29.610135,0.0,1.0
20220308211658100,2022-03-08 21:16:57.750,51.380069,31.393434,0.0,1.0
20220309025342425,2022-03-09 02:53:42.325,50.483574,29.17583,0.0,1.0
20220309025605375,2022-03-09 02:56:05.375,51.068868,29.291973,0.0,1.0
20220309025658025,2022-03-09 02:56:58.050,51.095621,29.262925,0.0,1.0
20220309031059450,2022-03-09 03:10:59.625,50.801001,29.594807,0.0,1.0
20220309031325200,2022-03-09 03:13:25.200,50.68505,29.842408,0.0,1.0
20220309031606975,2022-03-09 03:16:07.025,50.612995,29.794841,0.0,1.0
20220309032156750,2022-03-09 03:21:57.050,50.550066,29.795317,0.0,1.0
20220309032335075,2022-03-09 03:23:35.200,50.567587,29.668145,0.0,1.0
20220309032604825,2022-03-09 03:26:04.900,50.558655,29.68235,0.0,1.0
20220309032747000,2022-03-09 03:27:46.975,50.576327,29.611583,0.0,1.0
20220309033021900,2022-03-09 03:30:21.925,50.487047,29.76761,0.0,1.0
20220309033305250,2022-03-09 03:33:05.425,50.46864,29.655073,0.0,1.0
20220309033426500,2022-03-09 03:34:26.525,50.442347,29.85244,0.0,1.0
20220309034049550,2022-03-09 03:40:48.800,50.006887,28.404342,0.0,1.0
20220309045816775,2022-03-09 04:58:16.925,50.735706,31.866547,0.0,1.0
20220309073352850,2022-03-09 07:33:52.650,50.84588,29.580074,0.0,1.0
20220309073423575,2022-03-09 07:34:23.575,50.836748,29.551791,0.0,1.0
20220309074046800,2022-03-09 07:40:46.775,50.640311,29.936007,0.0,1.0
20220309082441550,2022-03-09 08:24:41.525,50.915736,29.252127,0.0,1.0
20220309092349775,2022-03-09 09:23:49.925,50.514508,30.331361,0.0,1.0
20220309100223825,2022-03-09 10:02:24.350,50.773894,29.566773,0.0,1.0
20220309112348250,2022-03-09 11:23:49.775,50.747732,29.759811,0.0,1.0
20220309124435250,2022-03-09 12:44:35.350,50.558989,29.77408,0.0,1.0
20220309134629400,2022-03-09 13:46:27.725,51.313017,29.516938,0.0,1.0
20220309142036775,2022-03-09 14:20:37.100,50.773353,29.467535,0.0,1.0
20220309142218125,2022-03-09 14:22:18.450,50.782425,29.481583,0.0,1.0
20220309142452300,2022-03-09 14:24:53.625,50.773595,29.510065,0.0,1.0
20220309162457925,2022-03-09 16:24:57.600,50.55955,30.256736,0.0,1.0
20220309162921375,2022-03-09 16:29:21.350,50.763834,29.382623,0.0,1.0
20220309162932375,2022-03-09 16:29:32.400,50.763834,29.382623,0.0,1.0
20220309163021150,2022-03-09 16:30:21.275,50.758971,29.328842,0.0,1.0
20220309163147350,2022-03-09 16:31:47.350,50.765102,29.440722,0.0,1.0
20220309163201975,2022-03-09 16:32:01.850,50.218405,28.746891,0.0,1.0
20220309163240475,2022-03-09 16:32:40.450,50.809141,29.438634,0.0,1.0
20220309164121150,2022-03-09 16:41:21.200,50.685073,29.850898,0.0,1.0
20220309164413150,2022-03-09 16:44:13.475,50.206462,28.523078,0.0,1.0
20220309164909000,2022-03-09 16:49:08.525,51.071121,29.233427,0.0,1.0
20220309165157475,2022-03-09 16:51:57.525,50.758269,29.357202,0.0,1.0
20220309165432675,2022-03-09 16:54:32.650,50.762859,29.371299,0.0,1.0
20220309165544800,2022-03-09 16:55:44.575,50.676007,29.82266,0.0,1.0
20220309165801400,2022-03-09 16:58:01.400,50.667093,29.851013,0.0,1.0
20220309170110075,2022-03-09 17:01:10.125,50.760124,29.365675,0.0,1.0
20220309170942575,2022-03-09 17:09:42.550,50.5319,29.739035,0.0,1.0
20220309171259525,2022-03-09 17:12:59.600,50.540496,29.640208,0.0,1.0
20220309171516450,2022-03-09 17:15:16.475,50.486951,29.739428,0.0,1.0
20220309171758000,2022-03-09 17:17:58.000,50.486619,29.654884,0.0,1.0
20220309173525500,2022-03-09 17:35:25.450,50.456468,28.40175,0.0,1.0
20220309173950200,2022-03-09 17:39:50.025,50.95361,29.55029,0.0,1.0
20220309181137350,2022-03-09 18:11:37.625,50.658431,30.034923,0.0,1.0
20220309193319625,2022-03-09 19:33:19.725,50.577407,30.349957,0.0,1.0
20220309210802600,2022-03-09 21:08:03.000,51.432063,31.565987,0.0,1.0
20220309215620250,2022-03-09 21:56:20.350,50.424403,29.866626,0.0,1.0
20220309215954800,2022-03-09 21:59:54.950,51.026989,28.693972,0.0,1.0
20220309220109525,2022-03-09 22:01:09.325,51.036153,28.707945,0.0,1.0
20220309220146500,2022-03-09 22:01:46.550,50.897647,29.238259,0.0,1.0
20220309220300700,2022-03-09 22:03:00.675,50.87978,29.252819,0.0,1.0
20220309221112300,2022-03-09 22:11:12.300,51.035798,28.679436,0.0,1.0
20220309221348900,2022-03-09 22:13:48.600,51.044786,28.679152,0.0,1.0
20220309221817425,2022-03-09 22:18:17.450,51.036153,28.707945,0.0,1.0
20220309223035300,2022-03-09 22:30:36.175,50.75612,29.609513,0.0,1.0
20220309223615875,2022-03-09 22:36:16.050,50.730084,30.424264,0.0,1.0
20220309223809350,2022-03-09 22:38:08.750,50.703192,30.388716,0.0,1.0
20220309224000900,2022-03-09 22:40:00.625,50.685224,30.382964,0.0,1.0
20220309224059050,2022-03-09 22:40:58.975,50.595284,30.402291,0.0,1.0
20220309224402875,2022-03-09 22:44:02.775,50.57669,29.696288,0.0,1.0
20220309224622650,2022-03-09 22:46:22.900,50.567755,29.71049,0.0,1.0
20220309224755375,2022-03-09 22:47:55.300,50.57669,29.696288,0.0,1.0
20220309225239075,2022-03-09 22:52:39.175,50.594777,29.724361,0.0,1.0
20220309225439525,2022-03-09 22:54:39.700,50.57669,29.696288,0.0,1.0
20220310005641050,2022-03-10 00:56:41.100,50.569437,31.523026,0.0,1.0
20220310005833475,2022-03-10 00:58:33.450,50.664951,29.384242,0.0,1.0
20220310005920375,2022-03-10 00:59:20.350,50.664857,29.370098,0.0,1.0
20220310005931225,2022-03-10 00:59:31.175,50.567808,29.724605,0.0,1.0
20220310010231325,2022-03-10 01:02:31.250,50.236136,31.573628,0.0,1.0
20220310015729725,2022-03-10 01:57:29.750,50.54227,31.539164,0.0,1.0
20220310022026100,2022-03-10 02:20:25.825,51.567969,31.474971,0.0,1.0
20220310040921425,2022-03-10 04:09:21.225,50.649408,30.295119,0.0,1.0
20220310043502450,2022-03-10 04:35:02.475,50.819047,29.608785,0.0,1.0
20220310044846450,2022-03-10 04:48:46.300,50.935557,29.536295,0.0,1.0
20220310060933850,2022-03-10 06:09:33.850,50.926415,29.507967,0.0,1.0
20220310061425850,2022-03-10 06:14:25.900,50.397699,30.013056,0.0,1.0
20220310070113125,2022-03-10 07:01:13.050,50.219684,31.444205,0.0,1.0
20220310070749725,2022-03-10 07:07:49.525,50.265821,31.334655,0.0,1.0
20220310072650150,2022-03-10 07:26:50.100,50.568436,30.338627,0.0,1.0
20220310073953600,2022-03-10 07:39:53.375,50.836674,29.537595,0.0,1.0
20220310074638325,2022-03-10 07:46:38.300,50.631203,29.87951,0.0,1.0
20220310081925875,2022-03-10 08:19:25.900,50.810057,29.608889,0.0,1.0
20220310084423100,2022-03-10 08:44:23.100,51.000032,30.02553,0.0,1.0
20220310092831975,2022-03-10 09:28:31.950,50.81053,29.722395,0.0,1.0
20220310105537050,2022-03-10 10:55:37.150,50.827532,29.509326,0.0,1.0
20220310110959650,2022-03-10 11:09:59.675,50.907092,28.470178,0.0,1.0
20220310111213050,2022-03-10 11:12:12.900,50.890045,29.4374,0.0,1.0
20220310111736050,2022-03-10 11:17:36.100,50.899674,29.550984,0.0,1.0
20220310115900550,2022-03-10 11:59:00.550,50.477568,29.64089,0.0,1.0
20220310121357925,2022-03-10 12:13:58.200,50.804191,29.515321,0.0,1.0
20220310133426075,2022-03-10 13:34:26.350,50.424291,29.824409,0.0,1.0
20220310134147550,2022-03-10 13:41:47.450,50.935631,29.550521,0.0,1.0
20220310143422075,2022-03-10 14:34:22.175,51.497264,31.362035,0.0,1.0
20220310144108675,2022-03-10 14:41:08.675,51.143825,30.30524,0.0,1.0
20220310144720675,2022-03-10 14:47:20.900,51.206653,29.93339,0.0,1.0
20220310145054300,2022-03-10 14:50:54.375,50.891906,29.877998,0.0,1.0
20220310162414350,2022-03-10 16:24:14.350,51.042497,29.378022,0.0,1.0
20220310172853450,2022-03-10 17:28:53.450,50.774327,29.480281,0.0,1.0
20220310173059225,2022-03-10 17:30:59.225,50.772471,29.470383,0.0,1.0
20220310173252100,2022-03-10 17:32:51.975,50.899034,29.437263,0.0,1.0
20220310173533425,2022-03-10 17:35:33.400,50.558918,29.752912,0.0,1.0
20220310175041350,2022-03-10 17:50:41.275,50.405794,29.675427,0.0,1.0
20220310185816525,2022-03-10 18:58:16.525,50.918937,29.906284,0.0,1.0
20220310190118600,2022-03-10 19:01:18.550,50.828165,29.637068,0.0,1.0
20220310195110650,2022-03-10 19:51:10.550,50.909851,29.863674,0.0,1.0
20220310210243650,2022-03-10 21:02:43.600,50.567701,29.696375,0.0,1.0
20220310214513650,2022-03-10 21:45:13.750,51.522543,31.516894,0.0,1.0
20220310215642225,2022-03-10 21:56:42.975,50.532628,30.128322,0.0,1.0
20220311003054850,2022-03-11 00:30:54.850,50.21036,31.473373,0.0,1.0
20220311003150425,2022-03-11 00:31:50.225,50.2982,31.642879,0.0,1.0
20220311020717900,2022-03-11 02:07:17.750,51.495246,31.544888,0.0,1.0
20220311022949000,2022-03-11 02:29:49.000,50.693058,29.581934,0.0,1.0
20220311023419325,2022-03-11 02:34:19.100,50.693012,29.797065,0.0,1.0
20220311044213825,2022-03-11 04:42:13.500,50.818911,29.580403,0.0,1.0
20220311064807925,2022-03-11 06:48:08.000,50.460168,29.795995,0.0,1.0
20220311064907950,2022-03-11 06:49:08.100,50.460193,29.804444,0.0,1.0
20220311065010125,2022-03-11 06:50:10.250,50.460193,29.804444,0.0,1.0
20220311071402900,2022-03-11 07:14:02.750,50.890173,29.458718,0.0,1.0
20220311071608025,2022-03-11 07:16:07.925,50.917012,29.436988,0.0,1.0
20220311073431825,2022-03-11 07:34:31.725,51.187469,29.575872,0.0,1.0
20220311083525050,2022-03-11 08:35:25.075,50.854174,29.45215,0.0,1.0
20220311085344650,2022-03-11 08:53:44.875,50.605407,31.522666,0.0,1.0
20220311102949075,2022-03-11 10:29:49.100,50.361673,29.965378,0.0,1.0
20220311105128050,2022-03-11 10:51:28.050,50.962292,29.493236,0.0,1.0
20220311112700275,2022-03-11 11:27:00.075,50.809922,29.580513,0.0,1.0
20220311123217100,2022-03-11 12:32:17.275,50.801001,29.594807,0.0,1.0
20220311141557925,2022-03-11 14:15:57.775,50.872706,29.55133,0.0,1.0
20220311142944450,2022-03-11 14:29:44.300,50.845809,29.565875,0.0,1.0
20220311143441075,2022-03-11 14:34:41.100,50.83682,29.565987,0.0,1.0
20220311150604800,2022-03-11 15:06:04.800,50.810057,29.608889,0.0,1.0
20220311151058700,2022-03-11 15:10:58.900,50.819112,29.622975,0.0,1.0
20220311153313025,2022-03-11 15:33:12.825,50.828101,29.622874,0.0,1.0
20220311155255850,2022-03-11 15:52:56.075,51.496361,31.446984,0.0,1.0
20220311170246000,2022-03-11 17:02:45.875,50.827901,29.580293,0.0,1.0
20220311172111875,2022-03-11 17:21:11.300,51.211876,29.604193,0.0,1.0
20220311173740725,2022-03-11 17:37:40.725,50.60323,29.597148,0.0,1.0
20220311173856325,2022-03-11 17:38:56.325,50.612535,29.667684,0.0,1.0
20220311173948550,2022-03-11 17:39:48.675,50.549423,29.626001,0.0,1.0
20220311174022475,2022-03-11 17:40:22.175,50.47763,29.654978,0.0,1.0
20220311174725650,2022-03-11 17:47:25.625,50.953055,29.450669,0.0,1.0
20220311180756325,2022-03-11 18:07:56.100,50.845351,29.480682,0.0,1.0
20220311181101925,2022-03-11 18:11:01.950,50.819112,29.622975,0.0,1.0
20220311205607775,2022-03-11 20:56:07.925,51.555203,31.777453,0.0,1.0
20220311210219675,2022-03-11 21:02:19.525,51.646889,31.641981,0.0,1.0
20220311211748300,2022-03-11 21:17:48.250,50.703323,29.986681,0.0,1.0
20220311212947700,2022-03-11 21:29:47.575,51.604594,31.413952,0.0,1.0
20220311222439625,2022-03-11 22:24:39.525,50.487397,29.894429,0.0,1.0
20220312010401000,2022-03-12 01:04:01.000,50.685457,30.169289,0.0,1.0
20220312010828525,2022-03-12 01:08:28.325,50.631286,29.917673,0.0,1.0
20220312012724150,2022-03-12 01:27:24.100,50.612593,29.681812,0.0,1.0
20220312012921125,2022-03-12 01:29:21.150,50.868365,29.420683,0.0,1.0
20220312013158775,2022-03-12 01:31:58.775,50.893209,29.518374,0.0,1.0
20220312013253325,2022-03-12 01:32:53.325,50.89713,29.420233,0.0,1.0
20220312013413250,2022-03-12 01:34:13.150,51.213378,29.389486,0.0,1.0
20220312013505225,2022-03-12 01:35:05.275,50.935244,29.47939,0.0,1.0
20220312015814300,2022-03-12 01:58:14.250,50.362936,31.497334,0.0,1.0
20220312024127925,2022-03-12 02:41:27.850,50.00951,28.585634,0.0,1.0
20220312042912325,2022-03-12 04:29:12.250,50.819175,29.637166,0.0,1.0
20220312044033175,2022-03-12 04:40:33.150,50.872706,29.55133,0.0,1.0
20220312044157975,2022-03-12 04:41:58.000,50.854869,29.579964,0.0,1.0
20220312045744225,2022-03-12 04:57:44.200,50.836959,29.59438,0.0,1.0
20220312050328600,2022-03-12 05:03:28.650,50.559409,30.35976,0.0,1.0
20220312052358575,2022-03-12 05:23:58.675,50.567587,29.668145,0.0,1.0
20220312075926875,2022-03-12 07:59:27.275,50.586254,29.879769,0.0,1.0
20220312083054300,2022-03-12 08:30:54.250,50.890457,29.508462,0.0,1.0
20220312083712500,2022-03-12 08:37:12.625,50.819047,29.608785,0.0,1.0
20220312084438025,2022-03-12 08:44:38.425,50.827969,29.594487,0.0,1.0
20220312091855200,2022-03-12 09:18:55.150,50.827685,29.537713,0.0,1.0
20220312092557400,2022-03-12 09:25:57.425,50.809852,29.566324,0.0,1.0
20220312093438325,2022-03-12 09:34:38.250,50.828101,29.622874,0.0,1.0
20220312094026325,2022-03-12 09:40:26.200,51.125714,30.385176,0.0,1.0
20220312094806175,2022-03-12 09:48:06.175,51.242736,30.019148,0.0,1.0
20220312100715750,2022-03-12 10:07:15.700,50.406759,30.097432,0.0,1.0
20220312103715725,2022-03-12 10:37:15.700,50.683541,29.482994,0.0,1.0
20220312103820775,2022-03-12 10:38:21.900,50.881973,29.608054,0.0,1.0
20220312114400825,2022-03-12 11:44:00.850,50.854727,29.551561,0.0,1.0
20220312115517000,2022-03-12 11:55:17.000,50.768194,29.508722,0.0,1.0
20220312121521750,2022-03-12 12:15:21.850,50.38879,30.134013,0.0,1.0
20220312130912875,2022-03-12 13:09:13.000,50.845948,29.594273,0.0,1.0
20220312132800200,2022-03-12 13:28:00.200,50.962372,29.507471,0.0,1.0
20220312133713575,2022-03-12 13:37:13.675,50.962372,29.507471,0.0,1.0
20220312133859325,2022-03-12 13:38:59.300,50.962599,29.550174,0.0,1.0
20220312134406275,2022-03-12 13:44:06.100,50.487,29.753519,0.0,1.0
20220312135743625,2022-03-12 13:57:43.650,50.735026,29.14226,0.0,1.0
20220312141831050,2022-03-12 14:18:31.075,51.141992,29.476401,0.0,1.0
20220312144632925,2022-03-12 14:46:32.925,50.971361,29.507347,0.0,1.0
20220312160437475,2022-03-12 16:04:37.975,50.424707,30.049566,0.0,1.0
20220312160551825,2022-03-12 16:05:51.600,50.828227,29.651261,0.0,1.0
20220312161129375,2022-03-12 16:11:29.350,50.424723,30.070675,0.0,1.0
20220312161943150,2022-03-12 16:19:43.300,50.818911,29.580403,0.0,1.0
20220312164157100,2022-03-12 16:41:57.050,50.944066,29.450804,0.0,1.0
20220312165039850,2022-03-12 16:50:39.925,50.532495,29.97317,0.0,1.0
20220312165235025,2022-03-12 16:52:35.050,50.827831,29.5661,0.0,1.0
20220312182946825,2022-03-12 18:29:46.625,50.855626,29.76459,0.0,1.0
20220313023657500,2022-03-13 02:36:57.525,50.819972,29.871321,0.0,1.0
20220313025141200,2022-03-13 02:51:41.025,50.262709,29.923692,0.0,1.0
20220313025344300,2022-03-13 02:53:44.300,50.235681,29.895789,0.0,1.0
20220313030327850,2022-03-13 03:03:27.325,50.918767,29.835176,0.0,1.0
20220313042443900,2022-03-13 04:24:43.875,50.836748,29.551791,0.0,1.0
20220313080837625,2022-03-13 08:08:37.550,50.47801,29.753595,0.0,1.0
20220313085846125,2022-03-13 08:58:46.350,50.32579,30.021691,0.0,1.0
20220313095147375,2022-03-13 09:51:47.375,50.612081,29.568785,0.0,1.0
20220313121142050,2022-03-13 12:11:42.025,50.721013,29.843587,0.0,1.0
20220313132207325,2022-03-13 13:22:07.075,50.539379,31.762012,0.0,1.0
20220313144218325,2022-03-13 14:42:18.325,50.96187,29.422065,0.0,1.0
20220313145140175,2022-03-13 14:51:40.100,50.943711,29.393889,0.0,1.0
20220313145629550,2022-03-13 14:56:29.650,50.952792,29.407974,0.0,1.0
20220313154417650,2022-03-13 15:44:17.650,50.810247,29.651453,0.0,1.0
20220313155200725,2022-03-13 15:52:01.000,50.96187,29.422065,0.0,1.0
20220313162435350,2022-03-13 16:24:35.225,51.44171,31.51018,0.0,1.0
20220313162628000,2022-03-13 16:26:27.975,51.306449,31.544925,0.0,1.0
20220313172951400,2022-03-13 17:29:51.150,50.514809,29.736365,0.0,1.0
20220313173140025,2022-03-13 17:31:40.150,50.46902,29.75367,0.0,1.0
20220313174458500,2022-03-13 17:44:58.450,50.992564,28.82327,0.0,1.0
20220313174828400,2022-03-13 17:48:28.425,50.837693,29.778935,0.0,1.0
20220313175028525,2022-03-13 17:50:28.425,50.837647,29.764738,0.0,1.0
20220313175223625,2022-03-13 17:52:23.550,50.819668,29.764886,0.0,1.0
20220313175810075,2022-03-13 17:58:09.925,50.864616,29.764515,0.0,1.0
20220313180009475,2022-03-13 18:00:09.675,50.855673,29.778792,0.0,1.0
20220313205520300,2022-03-13 20:55:20.300,50.595394,30.345797,0.0,1.0
20220313211855900,2022-03-13 21:18:56.000,50.773269,29.453358,0.0,1.0
20220313212806850,2022-03-13 21:28:06.950,50.789382,29.441772,0.0,1.0
20220313214435150,2022-03-13 21:44:35.400,50.791248,29.45309,0.0,1.0
20220313221520050,2022-03-13 22:15:19.950,51.495246,31.544888,0.0,1.0
20220314000709625,2022-03-14 00:07:09.675,50.926088,29.451073,0.0,1.0
20220314001551300,2022-03-14 00:15:51.300,50.405588,29.627601,0.0,1.0
20220314002228100,2022-03-14 00:22:28.250,50.405523,29.613535,0.0,1.0
20220314002330125,2022-03-14 00:23:30.275,50.414577,29.627501,0.0,1.0
20220314003659075,2022-03-14 00:36:59.200,50.405523,29.613535,0.0,1.0
20220314004721675,2022-03-14 00:47:21.750,50.926255,29.47952,0.0,1.0
20220314005146650,2022-03-14 00:51:46.500,50.946746,29.447917,0.0,1.0
20220314012631800,2022-03-14 01:26:31.800,50.935404,29.507843,0.0,1.0
20220314012714875,2022-03-14 01:27:14.900,50.935481,29.522069,0.0,1.0
20220314012810925,2022-03-14 01:28:10.750,50.926568,29.536413,0.0,1.0
20220314012832475,2022-03-14 01:28:32.325,50.935481,29.522069,0.0,1.0
20220314013559350,2022-03-14 01:35:59.200,50.944066,29.450804,0.0,1.0
20220314014645975,2022-03-14 01:46:46.150,50.934991,29.436712,0.0,1.0
20220314022758000,2022-03-14 02:27:58.075,50.837334,29.679558,0.0,1.0
20220314022954900,2022-03-14 02:29:54.975,50.970859,29.421925,0.0,1.0
20220314023006550,2022-03-14 02:30:06.700,50.970585,29.379214,0.0,1.0
20220314023557150,2022-03-14 02:35:57.125,50.873558,29.750233,0.0,1.0
20220314031247025,2022-03-14 03:12:46.975,50.676293,30.351794,0.0,1.0
20220314031907925,2022-03-14 03:19:07.725,51.425172,31.378833,0.0,1.0
20220314041321275,2022-03-14 04:13:21.275,50.828036,29.60868,0.0,1.0
20220314080123925,2022-03-14 08:01:23.975,50.49925,31.36732,0.0,1.0
20220314100008250,2022-03-14 10:00:08.275,50.603162,29.583022,0.0,1.0
20220314102618600,2022-03-14 10:26:18.600,50.487397,29.894429,0.0,1.0
20220314102658100,2022-03-14 10:26:58.300,50.953055,29.450669,0.0,1.0
20220314103741475,2022-03-14 10:37:41.475,50.604127,29.837288,0.0,1.0
20220314103818375,2022-03-14 10:38:18.375,50.648434,29.653174,0.0,1.0
20220314134530925,2022-03-14 13:45:30.950,50.658066,29.836928,0.0,1.0
20220314134823900,2022-03-14 13:48:24.100,50.631017,29.808839,0.0,1.0
20220314135500325,2022-03-14 13:54:59.975,50.535817,28.991353,0.0,1.0
20220314135727925,2022-03-14 13:57:28.100,50.845809,29.565875,0.0,1.0
20220314154653500,2022-03-14 15:46:53.700,50.685426,30.063158,0.0,1.0
20220314155737575,2022-03-14 15:57:37.550,50.84588,29.580074,0.0,1.0
20220314160344375,2022-03-14 16:03:44.350,50.971932,29.621245,0.0,1.0
20220314161128325,2022-03-14 16:11:28.400,51.332419,30.406317,0.0,1.0
20220314173002775,2022-03-14 17:30:02.800,50.846683,29.778863,0.0,1.0
20220314173141100,2022-03-14 17:31:41.075,50.854765,29.775958,0.0,1.0
20220314173827950,2022-03-14 17:38:28.275,50.82856,29.736424,0.0,1.0
20220314174142625,2022-03-14 17:41:42.600,50.935325,29.493617,0.0,1.0
20220314175954725,2022-03-14 17:59:54.850,50.962599,29.550174,0.0,1.0
20220314180021800,2022-03-14 18:00:21.800,50.566913,29.526998,0.0,1.0
20220314193000250,2022-03-14 19:30:00.225,50.47801,29.753595,0.0,1.0
20220314193816950,2022-03-14 19:38:17.075,50.47791,29.725418,0.0,1.0
20220314203705875,2022-03-14 20:37:05.650,50.496127,29.795724,0.0,1.0
20220314212937575,2022-03-14 21:29:37.475,51.412274,30.708617,0.0,1.0
20220314220011350,2022-03-14 22:00:11.375,50.658488,30.155135,0.0,1.0
20220314220045050,2022-03-14 22:00:45.075,50.41056,31.245434,0.0,1.0
20220314220638800,2022-03-14 22:06:38.650,50.86333,29.480424,0.0,1.0
20220314220845600,2022-03-14 22:08:45.725,50.396895,29.69802,0.0,1.0
20220314221549600,2022-03-14 22:15:49.600,50.86341,29.494628,0.0,1.0
20220314221822600,2022-03-14 22:18:22.475,50.86333,29.480424,0.0,1.0
20220314222240075,2022-03-14 22:22:40.075,50.86333,29.480424,0.0,1.0
20220314223853200,2022-03-14 22:38:53.200,50.872319,29.480295,0.0,1.0
20220315011242850,2022-03-15 01:12:42.825,50.622246,29.893694,0.0,1.0
20220315012356200,2022-03-15 01:23:55.850,50.532281,29.865975,0.0,1.0
20220315014247575,2022-03-15 01:42:47.775,50.685035,29.836747,0.0,1.0
20220315020931475,2022-03-15 02:09:31.625,50.724276,31.343429,0.0,1.0
20220315022823600,2022-03-15 02:28:23.700,50.837391,29.693755,0.0,1.0
20220315022946925,2022-03-15 02:29:47.575,50.433061,29.753973,0.0,1.0
20220315023524875,2022-03-15 02:35:24.800,50.846435,29.707866,0.0,1.0
20220315024152000,2022-03-15 02:41:52.000,50.864662,29.77872,0.0,1.0
20220315030429650,2022-03-15 03:04:29.550,50.483793,31.09777,0.0,1.0
20220315030826050,2022-03-15 03:08:26.050,50.312512,31.151896,0.0,1.0
20220315080303575,2022-03-15 08:03:03.300,50.935161,29.465164,0.0,1.0
20220315090428425,2022-03-15 09:04:28.475,50.640159,29.865322,0.0,1.0
20220315095750225,2022-03-15 09:57:50.075,50.872092,29.441937,0.0,1.0
20220315095838800,2022-03-15 09:58:38.650,50.792007,29.297057,0.0,1.0
20220315100239675,2022-03-15 10:02:39.825,50.7899,29.255963,0.0,1.0
20220315100254350,2022-03-15 10:02:54.400,50.773587,29.239261,0.0,1.0
20220315100505925,2022-03-15 10:05:05.875,50.604234,29.879666,0.0,1.0
20220315102511750,2022-03-15 10:25:11.900,50.469418,29.894526,0.0,1.0
20220315112347850,2022-03-15 11:23:47.750,50.909132,29.650396,0.0,1.0
20220315113954375,2022-03-15 11:39:54.150,50.92692,29.607532,0.0,1.0
20220315130401275,2022-03-15 13:04:01.100,50.387608,29.6278,0.0,1.0
20220315150401700,2022-03-15 15:04:01.700,50.478501,29.940969,0.0,1.0
20220315162400550,2022-03-15 16:24:00.550,50.622213,29.879562,0.0,1.0
20220315163601550,2022-03-15 16:36:01.500,51.440719,31.593586,0.0,1.0
20220315164008200,2022-03-15 16:40:08.200,50.413893,30.806521,0.0,1.0
20220315172947825,2022-03-15 17:29:47.800,50.960566,29.506072,0.0,1.0
20220315173741200,2022-03-15 17:37:41.200,50.871412,29.478887,0.0,1.0
20220315174229900,2022-03-15 17:42:29.725,50.846637,29.764664,0.0,1.0
20220315175030075,2022-03-15 17:50:30.200,50.855425,29.707781,0.0,1.0
20220315180108475,2022-03-15 18:01:08.550,50.972811,29.877525,0.0,1.0
20220315180232725,2022-03-15 18:02:32.750,50.731692,29.577215,0.0,1.0
20220315180822375,2022-03-15 18:08:22.350,50.710967,29.567557,0.0,1.0
20220315212504975,2022-03-15 21:25:04.975,51.233352,30.481656,0.0,1.0
20220316020256375,2022-03-16 02:02:56.375,50.406685,31.597072,0.0,1.0
20220316021133550,2022-03-16 02:11:33.500,50.006022,28.348564,0.0,1.0
20220316022952575,2022-03-16 02:29:52.725,51.079308,29.520124,0.0,1.0
20220316023121175,2022-03-16 02:31:21.150,51.301056,29.101236,0.0,1.0
20220316024853675,2022-03-16 02:48:53.650,50.855133,29.636771,0.0,1.0
20220316025505925,2022-03-16 02:55:05.925,50.84638,29.693667,0.0,1.0
20220316030208400,2022-03-16 03:02:08.400,50.560179,31.54534,0.0,1.0
20220316030738725,2022-03-16 03:07:38.875,50.310203,31.389121,0.0,1.0
20220316031926625,2022-03-16 03:19:26.900,50.494996,29.527951,0.0,1.0
20220316063818850,2022-03-16 06:38:18.400,50.622386,30.331778,0.0,1.0
20220316064141575,2022-03-16 06:41:41.550,50.604374,30.351485,0.0,1.0
20220316070234675,2022-03-16 07:02:34.675,50.890535,29.522674,0.0,1.0
20220316075044700,2022-03-16 07:50:44.775,50.38775,29.660141,0.0,1.0
20220316075235850,2022-03-16 07:52:35.625,50.423831,29.689318,0.0,1.0
20220316080350875,2022-03-16 08:03:50.675,50.41464,29.64157,0.0,1.0
20220316081713250,2022-03-16 08:17:13.175,51.278805,29.359743,0.0,1.0
20220316084130975,2022-03-16 08:41:30.850,51.193065,29.618721,0.0,1.0
20220316084558725,2022-03-16 08:45:57.975,50.564071,31.17279,0.0,1.0
20220316084644525,2022-03-16 08:46:45.075,50.518494,31.240898,0.0,1.0
20220316093904075,2022-03-16 09:39:04.100,50.872556,29.522916,0.0,1.0
20220316100707825,2022-03-16 10:07:07.850,50.864813,29.427841,0.0,1.0
20220316100745925,2022-03-16 10:07:45.675,50.80019,29.309675,0.0,1.0
20220316101023875,2022-03-16 10:10:23.900,50.387959,29.712167,0.0,1.0
20220316101112575,2022-03-16 10:11:12.575,50.805644,29.31809,0.0,1.0
20220316101323725,2022-03-16 10:13:23.725,50.778636,29.312899,0.0,1.0
20220316101444925,2022-03-16 10:14:44.975,50.406311,29.824533,0.0,1.0
20220316102327425,2022-03-16 10:23:27.425,50.531507,29.640306,0.0,1.0
20220316103716950,2022-03-16 10:37:16.825,50.405992,29.726066,0.0,1.0
20220316103954000,2022-03-16 10:39:54.000,50.307876,30.185979,0.0,1.0
20220316104213775,2022-03-16 10:42:13.825,50.783883,29.821904,0.0,1.0
20220316105632475,2022-03-16 10:56:32.900,50.6144,28.777441,0.0,1.0
20220316110210325,2022-03-16 11:02:10.325,51.400957,31.077816,0.0,1.0
20220316123226900,2022-03-16 12:32:26.925,50.772729,29.368299,0.0,1.0
20220316132808600,2022-03-16 13:28:08.800,50.720994,29.836507,0.0,1.0
20220316142320625,2022-03-16 14:23:20.650,50.864568,29.75031,0.0,1.0
20220316144237800,2022-03-16 14:42:37.675,50.881837,29.579634,0.0,1.0
20220316144757100,2022-03-16 14:47:56.975,50.872587,29.528599,0.0,1.0
20220316160800125,2022-03-16 16:08:00.075,50.962621,29.554444,0.0,1.0
20220316163413500,2022-03-16 16:34:13.500,50.622326,30.367107,0.0,1.0
20220316163821625,2022-03-16 16:38:21.525,51.255272,31.288358,0.0,1.0
20220316164115550,2022-03-16 16:41:15.475,50.873112,29.636573,0.0,1.0
20220316195950000,2022-03-16 19:59:50.000,50.80978,29.552137,0.0,1.0
20220316202011100,2022-03-16 20:20:11.275,50.685035,29.836747,0.0,1.0
20220316203127650,2022-03-16 20:31:27.725,50.567592,29.669557,0.0,1.0
20220316212256175,2022-03-16 21:22:56.225,50.818383,29.481069,0.0,1.0
20220316221747150,2022-03-16 22:17:47.075,50.828036,29.60868,0.0,1.0
20220316223242425,2022-03-16 22:32:42.500,50.523291,29.866029,0.0,1.0
20220316223429050,2022-03-16 22:34:29.000,50.496322,29.866192,0.0,1.0
20220316223626525,2022-03-16 22:36:26.600,50.496315,29.863374,0.0,1.0
20220316223908850,2022-03-16 22:39:08.850,50.514301,29.866084,0.0,1.0
20220316232154150,2022-03-16 23:21:54.350,50.473579,29.063329,0.0,1.0
20220317013248600,2022-03-17 01:32:48.450,50.257814,31.234881,0.0,1.0
20220317013431825,2022-03-17 01:34:31.900,50.665134,29.41253,0.0,1.0
20220317013446525,2022-03-17 01:34:47.275,50.602794,29.512395,0.0,1.0
20220317050346725,2022-03-17 05:03:47.025,50.837647,29.764738,0.0,1.0
20220317052924275,2022-03-17 05:29:24.275,50.855425,29.707781,0.0,1.0
20220317091139700,2022-03-17 09:11:38.175,52.013649,31.779288,0.0,1.0
20220317091350850,2022-03-17 09:13:50.850,50.810037,29.604632,0.0,1.0
20220317104113425,2022-03-17 10:41:13.850,50.880878,29.409119,0.0,1.0
20220317105728875,2022-03-17 10:57:28.650,50.577464,29.66522,0.0,1.0
20220317105833500,2022-03-17 10:58:33.650,50.566677,29.484654,0.0,1.0
20220317105857125,2022-03-17 10:58:57.150,50.845184,29.452285,0.0,1.0
20220317105920725,2022-03-17 10:59:20.550,50.828036,29.60868,0.0,1.0
20220317105948400,2022-03-17 10:59:48.600,50.82637,29.324818,0.0,1.0
20220317111233600,2022-03-17 11:12:33.575,50.693858,29.780074,0.0,1.0
20220317124554750,2022-03-17 12:45:54.800,51.301308,29.129912,0.0,1.0
20220317132919175,2022-03-17 13:29:19.450,50.907662,29.380255,0.0,1.0
20220317140418800,2022-03-17 14:04:18.750,50.880694,29.3807,0.0,1.0
20220317140646525,2022-03-17 14:06:46.700,50.97077,29.407688,0.0,1.0
20220317170842375,2022-03-17 17:08:42.175,50.478385,29.884616,0.0,1.0
20220317183011700,2022-03-17 18:30:11.675,50.406727,30.049604,0.0,1.0
20220317192658925,2022-03-17 19:26:59.125,50.764683,29.524363,0.0,1.0
20220317192743400,2022-03-17 19:27:43.175,51.052593,29.279436,0.0,1.0
20220317204218175,2022-03-17 20:42:18.275,50.442382,29.866517,0.0,1.0
20220317211501775,2022-03-17 21:15:01.700,50.693193,29.610239,0.0,1.0
20220317235603175,2022-03-17 23:56:02.900,50.396722,29.655828,0.0,1.0
20220318004420100,2022-03-18 00:44:20.050,50.468699,29.669158,0.0,1.0
20220318014945325,2022-03-18 01:49:45.525,51.362859,31.318296,0.0,1.0
20220318033223775,2022-03-18 03:32:23.800,50.729151,29.609824,0.0,1.0
20220318033257175,2022-03-18 03:32:57.275,50.8801,29.295446,0.0,1.0
20220318060026100,2022-03-18 06:00:26.025,50.514293,30.437105,0.0,1.0
20220318061440825,2022-03-18 06:14:40.800,50.819112,29.622975,0.0,1.0
20220318063516325,2022-03-18 06:35:17.050,51.963792,28.853179,0.0,1.0
20220318074937675,2022-03-18 07:49:37.825,51.189292,28.731793,0.0,1.0
20220318080301450,2022-03-18 08:03:01.500,51.3217,28.541195,0.0,1.0
20220318080506550,2022-03-18 08:05:06.325,51.384427,28.811999,0.0,1.0
20220318085835850,2022-03-18 08:58:35.675,50.900708,29.806866,0.0,1.0
20220318090207525,2022-03-18 09:02:07.550,50.980577,29.549942,0.0,1.0
20220318100740100,2022-03-18 10:07:40.125,50.828591,29.53912,0.0,1.0
20220318101434150,2022-03-18 10:14:34.175,50.855005,29.608368,0.0,1.0
20220318104735400,2022-03-18 10:47:35.525,50.881837,29.579634,0.0,1.0
20220318105626650,2022-03-18 10:56:26.675,50.540889,29.738957,0.0,1.0
20220318105702375,2022-03-18 10:57:02.375,51.08582,29.404421,0.0,1.0
20220318105752000,2022-03-18 10:57:52.000,50.926492,29.52219,0.0,1.0
20220318105846875,2022-03-18 10:58:46.950,50.791332,29.467272,0.0,1.0
20220318110017800,2022-03-18 11:00:17.825,50.746301,29.45376,0.0,1.0
20220318111258950,2022-03-18 11:12:58.925,50.828227,29.651261,0.0,1.0
20220318112156775,2022-03-18 11:21:56.800,50.820087,29.639995,0.0,1.0
20220318112323800,2022-03-18 11:23:23.800,50.828165,29.637068,0.0,1.0
20220318120408225,2022-03-18 12:04:08.250,50.854258,29.466352,0.0,1.0
20220318122844950,2022-03-18 12:28:44.900,50.269579,27.98773,0.0,1.0
20220318140849225,2022-03-18 14:08:49.225,50.460327,29.852326,0.0,1.0
20220318142812850,2022-03-18 14:28:13.025,50.133132,28.42767,0.0,1.0
20220318171022400,2022-03-18 17:10:22.400,50.406606,30.345012,0.0,1.0
20220318171745625,2022-03-18 17:17:45.450,50.523581,30.266526,0.0,1.0
20220318173931600,2022-03-18 17:39:31.600,50.550536,30.280703,0.0,1.0
20220318185503050,2022-03-18 18:55:03.100,50.33473,30.316624,0.0,1.0
20220318190004575,2022-03-18 19:00:04.575,50.795648,29.437421,0.0,1.0
20220318190102875,2022-03-18 19:01:02.850,50.709361,29.607221,0.0,1.0
20220318190149700,2022-03-18 19:01:49.725,50.801254,29.472802,0.0,1.0
20220318190350450,2022-03-18 19:03:50.450,50.857165,29.503238,0.0,1.0
20220318193140425,2022-03-18 19:31:40.325,50.963453,29.749461,0.0,1.0
20220318193246350,2022-03-18 19:32:46.325,50.720352,29.652411,0.0,1.0
20220318193805350,2022-03-18 19:38:05.050,50.58568,29.696202,0.0,1.0
20220318194230500,2022-03-18 19:42:30.450,50.809141,29.438634,0.0,1.0
20220318195056425,2022-03-18 19:50:56.450,50.301148,28.247446,0.0,1.0
20220318201731975,2022-03-18 20:17:31.950,50.792078,29.609097,0.0,1.0
20220318202756875,2022-03-18 20:27:57.000,50.81898,29.594594,0.0,1.0
20220318203320150,2022-03-18 20:33:20.150,50.819571,29.736504,0.0,1.0
20220318203510475,2022-03-18 20:35:10.350,50.801068,29.608993,0.0,1.0
20220318203739050,2022-03-18 20:37:38.975,50.791943,29.580732,0.0,1.0
20220318204044900,2022-03-18 20:40:44.950,50.801001,29.594807,0.0,1.0
20220318204828850,2022-03-18 20:48:28.900,50.882882,29.86384,0.0,1.0
20220318210044950,2022-03-18 21:00:44.800,50.891585,29.764292,0.0,1.0
20220318210134600,2022-03-18 21:01:34.600,50.846539,29.736265,0.0,1.0
20220318212111525,2022-03-18 21:21:11.575,50.846435,29.707866,0.0,1.0
20220319030505600,2022-03-19 03:05:05.525,50.746039,29.411254,0.0,1.0
20220319030516175,2022-03-19 03:05:16.150,50.809706,29.537949,0.0,1.0
20220319033957500,2022-03-19 03:39:57.500,51.310044,29.101032,0.0,1.0
20220319034210375,2022-03-19 03:42:10.175,51.246329,29.016533,0.0,1.0
20220319034306900,2022-03-19 03:43:06.875,50.84638,29.693667,0.0,1.0
20220319034412725,2022-03-19 03:44:12.725,50.648716,29.723871,0.0,1.0
20220319034558700,2022-03-19 03:45:58.750,50.809706,29.537949,0.0,1.0
20220319034723275,2022-03-19 03:47:23.275,50.666695,29.723708,0.0,1.0
20220319034943325,2022-03-19 03:49:43.700,50.350917,30.814075,0.0,1.0
20220319064146450,2022-03-19 06:41:46.575,50.83682,29.565987,0.0,1.0
20220319064330975,2022-03-19 06:43:30.950,50.84588,29.580074,0.0,1.0
20220319064759325,2022-03-19 06:47:59.225,50.835856,29.553222,0.0,1.0
20220319065010250,2022-03-19 06:50:10.275,50.836748,29.551791,0.0,1.0
20220319065140650,2022-03-19 06:51:40.675,50.83047,29.554711,0.0,1.0
20220319070436500,2022-03-19 07:04:36.650,50.837154,29.636969,0.0,1.0
20220319070543750,2022-03-19 07:05:43.200,50.828165,29.637068,0.0,1.0
20220319070824075,2022-03-19 07:08:24.100,50.828101,29.622874,0.0,1.0
20220319080413700,2022-03-19 08:04:13.900,51.311978,28.928856,0.0,1.0
20220319083236900,2022-03-19 08:32:37.025,50.836748,29.551791,0.0,1.0
20220319084805875,2022-03-19 08:48:05.950,50.872479,29.508709,0.0,1.0
20220319100041625,2022-03-19 10:00:41.625,50.442347,29.85244,0.0,1.0
20220319100105500,2022-03-19 10:01:05.550,50.603915,29.766657,0.0,1.0
20220319100244675,2022-03-19 10:02:44.675,50.855673,29.778792,0.0,1.0
20220319100351250,2022-03-19 10:03:51.175,50.567859,29.738721,0.0,1.0
20220319100536200,2022-03-19 10:05:36.200,50.819169,29.635747,0.0,1.0
20220319100628875,2022-03-19 10:06:28.875,50.82902,29.627122,0.0,1.0
20220319102542350,2022-03-19 10:25:42.350,51.098978,30.119491,0.0,1.0
20220319103707375,2022-03-19 10:37:07.600,50.891028,29.622163,0.0,1.0
20220319105719000,2022-03-19 10:57:19.175,50.855195,29.650973,0.0,1.0
20220319110910375,2022-03-19 11:09:10.375,50.864185,29.650877,0.0,1.0
20220319112722350,2022-03-19 11:27:22.225,50.873174,29.650781,0.0,1.0
20220319113936575,2022-03-19 11:39:36.550,50.567808,29.724605,0.0,1.0
20220319125014950,2022-03-19 12:50:14.975,50.846266,29.665268,0.0,1.0
20220319135102275,2022-03-19 13:51:02.275,50.846266,29.665268,0.0,1.0
20220319163951675,2022-03-19 16:39:51.675,50.808686,29.367697,0.0,1.0
20220319164049650,2022-03-19 16:40:49.650,50.801001,29.594807,0.0,1.0
20220319164331325,2022-03-19 16:43:31.275,51.410663,30.981703,0.0,1.0
20220319180219025,2022-03-19 18:02:19.225,50.773964,29.580951,0.0,1.0
20220319183337225,2022-03-19 18:33:37.600,50.80999,29.594701,0.0,1.0
20220319191505200,2022-03-19 19:15:05.200,51.062475,29.791405,0.0,1.0
20220319205058475,2022-03-19 20:50:58.450,51.467902,28.9679,0.0,1.0
20220319205207025,2022-03-19 20:52:06.875,51.426085,29.012113,0.0,1.0
20220319205244000,2022-03-19 20:52:44.200,51.443491,28.954141,0.0,1.0
20220319205340200,2022-03-19 20:53:40.050,51.416382,28.940467,0.0,1.0
20220319205510050,2022-03-19 20:55:10.075,51.016607,29.563729,0.0,1.0
20220319205614175,2022-03-19 20:56:14.000,51.069827,29.434642,0.0,1.0
20220319205644700,2022-03-19 20:56:44.675,51.03737,29.419457,0.0,1.0
20220319205739450,2022-03-19 20:57:39.450,51.078728,29.420233,0.0,1.0
20220319205852000,2022-03-19 20:58:52.000,50.837647,29.764738,0.0,1.0
20220319210000825,2022-03-19 21:00:00.825,50.819668,29.764886,0.0,1.0
20220319210051700,2022-03-19 21:00:51.750,50.846435,29.707866,0.0,1.0
20220319210116625,2022-03-19 21:01:16.650,50.810057,29.608889,0.0,1.0
20220319210320325,2022-03-19 21:03:20.300,51.394401,29.084744,0.0,1.0
20220319210418925,2022-03-19 21:04:18.700,51.195113,28.846086,0.0,1.0
20220319212346000,2022-03-19 21:23:46.000,51.194054,28.831807,0.0,1.0
20220319214922450,2022-03-19 21:49:22.500,51.29659,31.616331,0.0,1.0
20220320024021125,2022-03-20 02:40:21.250,50.854653,29.537359,0.0,1.0
20220320030905350,2022-03-20 03:09:05.300,51.286501,30.692762,0.0,1.0
20220320034024900,2022-03-20 03:40:24.700,50.830843,29.63278,0.0,1.0
20220320034115350,2022-03-20 03:41:15.300,50.855005,29.608368,0.0,1.0
20220320034146225,2022-03-20 03:41:46.200,50.729151,29.609824,0.0,1.0
20220320034211875,2022-03-20 03:42:11.800,50.83755,29.736345,0.0,1.0
20220320035144450,2022-03-20 03:51:44.250,50.676142,30.425363,0.0,1.0
20220320040236575,2022-03-20 04:02:36.550,51.025868,29.620632,0.0,1.0
20220320050232500,2022-03-20 05:02:32.425,50.846206,29.651069,0.0,1.0
20220320055034100,2022-03-20 05:50:33.875,50.748118,29.900089,0.0,1.0
20220320062801575,2022-03-20 06:28:01.775,50.667056,29.836868,0.0,1.0
20220320075138975,2022-03-20 07:51:39.000,50.854869,29.579964,0.0,1.0
20220320100137100,2022-03-20 10:01:37.375,50.882498,29.735946,0.0,1.0
20220320111011950,2022-03-20 11:10:11.900,50.657986,29.808643,0.0,1.0
20220320112939825,2022-03-20 11:29:39.850,50.864059,29.622468,0.0,1.0
20220320113134025,2022-03-20 11:31:34.050,50.639726,29.723953,0.0,1.0
20220320113217275,2022-03-20 11:32:17.525,50.594882,29.75402,0.0,1.0
20220320113404750,2022-03-20 11:34:04.750,50.621847,29.752379,0.0,1.0
20220320115026775,2022-03-20 11:50:26.975,50.845809,29.565875,0.0,1.0
20220320115213375,2022-03-20 11:52:13.350,50.84755,29.554493,0.0,1.0
20220320115344700,2022-03-20 11:53:44.600,50.854799,29.565762,0.0,1.0
20220320115500100,2022-03-20 11:55:00.200,50.845809,29.565875,0.0,1.0
20220320115840350,2022-03-20 11:58:40.325,50.854869,29.579964,0.0,1.0
20220320120916700,2022-03-20 12:09:16.800,51.016879,29.620734,0.0,1.0
20220320133527075,2022-03-20 13:35:27.150,50.846539,29.736265,0.0,1.0
20220320134135650,2022-03-20 13:41:35.600,50.882797,29.831156,0.0,1.0
20220320135643275,2022-03-20 13:56:43.450,51.255724,29.059284,0.0,1.0
20220320140604575,2022-03-20 14:06:04.525,51.228074,28.988344,0.0,1.0
20220320183024925,2022-03-20 18:30:24.650,50.817481,29.339167,0.0,1.0
20220320190015075,2022-03-20 19:00:15.100,50.819047,29.608785,0.0,1.0
20220320190045050,2022-03-20 19:00:45.025,50.84638,29.693667,0.0,1.0
20220320190838075,2022-03-20 19:08:38.100,50.333081,30.788541,0.0,1.0
20220320193004975,2022-03-20 19:30:04.800,50.424468,29.89477,0.0,1.0
20220320195905800,2022-03-20 19:59:05.825,50.85507,29.622569,0.0,1.0
20220320204636925,2022-03-20 20:46:36.900,50.693058,29.581934,0.0,1.0
20220320211935075,2022-03-20 21:19:35.250,50.505242,30.461014,0.0,1.0
20220320213412550,2022-03-20 21:34:12.550,51.550409,31.436974,0.0,1.0
20220320213609025,2022-03-20 21:36:09.150,51.408421,31.254766,0.0,1.0
20220320224014350,2022-03-20 22:40:14.275,50.918444,30.56759,0.0,1.0
20220321000300850,2022-03-21 00:03:00.700,50.361727,30.003323,0.0,1.0
20220321020055075,2022-03-21 02:00:55.000,50.352829,30.127,0.0,1.0
20220321025149775,2022-03-21 02:51:49.800,50.844546,29.352896,0.0,1.0
20220321031355450,2022-03-21 03:13:55.475,51.443011,31.392256,0.0,1.0
20220321031738475,2022-03-21 03:17:38.525,50.918767,29.835176,0.0,1.0
20220321050041400,2022-03-21 05:00:41.375,51.421233,29.069745,0.0,1.0
20220321050220850,2022-03-21 05:02:20.825,51.39953,29.055882,0.0,1.0
20220321050320575,2022-03-21 05:03:20.325,51.234019,29.045475,0.0,1.0
20220321050458575,2022-03-21 05:04:58.375,50.84638,29.693667,0.0,1.0
20220321050533625,2022-03-21 05:05:33.650,50.814565,29.611675,0.0,1.0
20220321050557150,2022-03-21 05:05:57.125,50.828401,29.693843,0.0,1.0
20220321053705075,2022-03-21 05:37:03.300,50.7051,28.845576,0.0,1.0
20220321065602200,2022-03-21 06:56:01.950,50.595387,30.350034,0.0,1.0
20220321085803250,2022-03-21 08:58:03.300,50.84588,29.580074,0.0,1.0
20220321090309225,2022-03-21 09:03:09.250,50.675833,29.766069,0.0,1.0
20220321093311050,2022-03-21 09:33:11.150,50.863716,29.551445,0.0,1.0
20220321101004100,2022-03-21 10:10:03.975,50.972118,29.663958,0.0,1.0
20220321101511100,2022-03-21 10:15:11.275,50.972058,29.64972,0.0,1.0
20220321105159050,2022-03-21 10:51:59.100,50.945568,29.778075,0.0,1.0
20220321110314975,2022-03-21 11:03:14.775,50.62194,29.780642,0.0,1.0
20220321113215550,2022-03-21 11:32:15.400,50.971731,29.578533,0.0,1.0
20220321113543725,2022-03-21 11:35:43.725,50.407159,28.74127,0.0,1.0
20220321120803825,2022-03-21 12:08:04.025,50.684823,29.765995,0.0,1.0
20220321122834125,2022-03-21 12:28:34.050,51.277063,29.51743,0.0,1.0
20220321123336600,2022-03-21 12:33:36.400,51.291037,29.445555,0.0,1.0
20220321165338375,2022-03-21 16:53:38.750,51.41582,31.413089,0.0,1.0
20220321175835850,2022-03-21 17:58:35.925,50.828165,29.637068,0.0,1.0
20220321180010700,2022-03-21 18:00:10.675,50.84638,29.693667,0.0,1.0
20220321180051175,2022-03-21 18:00:51.075,50.846539,29.736265,0.0,1.0
20220321180115125,2022-03-21 18:01:14.925,50.738613,29.723052,0.0,1.0
20220321180937200,2022-03-21 18:09:37.200,50.903217,29.149998,0.0,1.0
20220321182919325,2022-03-21 18:29:19.250,51.204746,29.446868,0.0,1.0
20220321184113800,2022-03-21 18:41:14.050,51.159887,29.461845,0.0,1.0
20220321214000950,2022-03-21 21:40:00.950,50.757321,29.350131,0.0,1.0
20220321214252175,2022-03-21 21:42:52.125,50.791495,29.495637,0.0,1.0
20220322025259175,2022-03-22 02:52:59.150,51.396389,31.541897,0.0,1.0
20220322032542275,2022-03-22 03:25:42.300,50.828101,29.622874,0.0,1.0
20220322043101475,2022-03-22 04:31:01.450,50.962372,29.507471,0.0,1.0
20220322043205650,2022-03-22 04:32:05.675,50.94398,29.436575,0.0,1.0
20220322043246475,2022-03-22 04:32:46.575,50.864616,29.764515,0.0,1.0
20220322043519950,2022-03-22 04:35:19.950,50.828152,29.634229,0.0,1.0
20220322043650725,2022-03-22 04:36:50.775,50.819112,29.622975,0.0,1.0
20220322043915900,2022-03-22 04:39:15.900,50.882547,29.750156,0.0,1.0
20220322091807700,2022-03-22 09:18:07.525,51.309689,31.238062,0.0,1.0
20220322102316825,2022-03-22 10:23:16.800,51.062636,29.848467,0.0,1.0
20220322102635150,2022-03-22 10:26:35.100,50.84411,29.585775,0.0,1.0
20220322102923700,2022-03-22 10:29:23.600,50.845948,29.594273,0.0,1.0
20220322103042050,2022-03-22 10:30:42.150,50.827758,29.551906,0.0,1.0
20220322103142375,2022-03-22 10:31:42.075,50.84588,29.580074,0.0,1.0
20220322103519325,2022-03-22 10:35:19.800,50.512044,28.512501,0.0,1.0
20220322104505450,2022-03-22 10:45:05.450,50.621729,30.580493,0.0,1.0
20220322105952850,2022-03-22 10:59:53.100,50.846637,29.764664,0.0,1.0
20220322110128150,2022-03-22 11:01:28.100,50.549976,29.767097,0.0,1.0
20220322110256650,2022-03-22 11:02:56.450,50.846683,29.778863,0.0,1.0
20220322110343000,2022-03-22 11:03:43.000,50.729724,29.751462,0.0,1.0
20220322110510175,2022-03-22 11:05:10.150,50.846683,29.778863,0.0,1.0
20220322113248875,2022-03-22 11:32:48.875,50.702248,29.624291,0.0,1.0
20220322114152850,2022-03-22 11:41:52.850,50.704065,29.628518,0.0,1.0
20220322114300475,2022-03-22 11:43:00.450,51.013642,28.77991,0.0,1.0
20220322123133200,2022-03-22 12:31:33.200,50.532359,29.899826,0.0,1.0
20220322124055550,2022-03-22 12:40:55.800,50.898946,29.423048,0.0,1.0
20220322125547300,2022-03-22 12:55:46.950,50.853819,29.395346,0.0,1.0
20220322125657600,2022-03-22 12:56:57.750,50.863077,29.437812,0.0,1.0
20220322130034500,2022-03-22 13:00:34.525,50.899034,29.437263,0.0,1.0
20220322131026650,2022-03-22 13:10:26.775,50.899034,29.437263,0.0,1.0
20220322131411650,2022-03-22 13:14:11.650,50.905309,29.434323,0.0,1.0
20220322132144175,2022-03-22 13:21:44.350,50.907935,29.422908,0.0,1.0
20220322132501425,2022-03-22 13:25:01.175,50.640711,29.747978,0.0,1.0
20220322134222800,2022-03-22 13:42:22.750,50.898946,29.423048,0.0,1.0
20220322134614875,2022-03-22 13:46:14.850,50.898946,29.423048,0.0,1.0
20220322145707175,2022-03-22 14:57:07.225,50.864467,29.721901,0.0,1.0
20220322152850400,2022-03-22 15:28:50.400,50.478672,30.086081,0.0,1.0
20220322164704525,2022-03-22 16:47:04.400,51.391706,31.893838,0.0,1.0
20220322182957775,2022-03-22 18:29:57.800,50.864414,29.707696,0.0,1.0
20220322183039025,2022-03-22 18:30:39.000,50.863659,29.747477,0.0,1.0
20220322183253725,2022-03-22 18:32:54.200,50.846589,29.750464,0.0,1.0
20220322183320325,2022-03-22 18:33:20.325,50.818769,29.552021,0.0,1.0
20220322183332725,2022-03-22 18:33:32.850,51.879588,32.297429,0.0,1.0
20220322183408525,2022-03-22 18:34:08.400,50.821663,29.591723,0.0,1.0
20220322183530950,2022-03-22 18:35:30.950,50.881141,29.451747,0.0,1.0
20220322183737850,2022-03-22 18:37:38.025,51.353869,29.43024,0.0,1.0
20220322183836350,2022-03-22 18:38:36.625,51.254826,29.274198,0.0,1.0
20220322185010300,2022-03-22 18:50:10.425,50.890045,29.4374,0.0,1.0
20220322185217975,2022-03-22 18:52:17.950,50.990267,29.706499,0.0,1.0
20220322185312100,2022-03-22 18:53:12.275,50.880694,29.3807,0.0,1.0
20220322233405150,2022-03-22 23:34:04.775,50.828978,29.878365,0.0,1.0
20220323045917725,2022-03-23 04:59:17.725,50.85537,29.693579,0.0,1.0
20220323050108425,2022-03-23 05:01:08.450,50.504134,29.556023,0.0,1.0
20220323050200725,2022-03-23 05:02:00.800,50.855425,29.707781,0.0,1.0
20220323050318225,2022-03-23 05:03:18.250,50.477689,29.669066,0.0,1.0
20220323050353450,2022-03-23 05:03:53.425,50.855626,29.76459,0.0,1.0
20220323120036250,2022-03-23 12:00:36.225,50.917425,29.50809,0.0,1.0
20220323120206400,2022-03-23 12:02:06.400,50.864568,29.75031,0.0,1.0
20220323120247050,2022-03-23 12:02:47.000,50.782883,29.566661,0.0,1.0
20220323120341900,2022-03-23 12:03:42.100,50.793088,29.460155,0.0,1.0
20220323120503575,2022-03-23 12:05:03.550,50.846266,29.665268,0.0,1.0
20220323120541275,2022-03-23 12:05:41.300,50.729216,29.623988,0.0,1.0
20220323121053575,2022-03-23 12:10:53.600,50.834834,29.253683,0.0,1.0
20220323131451875,2022-03-23 13:14:51.650,50.577036,29.795113,0.0,1.0
20220323150338450,2022-03-23 15:03:38.425,50.873457,29.721818,0.0,1.0
20220323164900100,2022-03-23 16:49:00.250,51.285367,30.899172,0.0,1.0
20220323173004625,2022-03-23 17:30:04.600,50.442002,29.73982,0.0,1.0
20220323173506375,2022-03-23 17:35:06.575,50.464043,31.293162,0.0,1.0
20220323190528400,2022-03-23 19:05:28.400,50.818841,29.566212,0.0,1.0
20220323192009200,2022-03-23 19:20:09.200,50.837154,29.636969,0.0,1.0
20220323213417775,2022-03-23 21:34:17.750,50.640508,30.133927,0.0,1.0
20220323223857925,2022-03-23 22:38:58.100,50.934903,29.422487,0.0,1.0
20220323224008425,2022-03-23 22:40:08.550,50.873331,29.355246,0.0,1.0
20220323230008825,2022-03-23 23:00:08.850,50.873457,29.721818,0.0,1.0
20220323230449800,2022-03-23 23:04:49.775,50.846324,29.679468,0.0,1.0
20220323230538625,2022-03-23 23:05:38.650,50.67522,29.611861,0.0,1.0
20220323230642700,2022-03-23 23:06:42.725,50.864568,29.75031,0.0,1.0
20220323230748400,2022-03-23 23:07:48.375,50.846539,29.736265,0.0,1.0
20220323230806900,2022-03-23 23:08:06.875,50.765175,29.623583,0.0,1.0
20220324014323775,2022-03-24 01:43:23.950,50.879614,29.353718,0.0,1.0
20220324015717675,2022-03-24 01:57:17.700,50.880787,29.394909,0.0,1.0
20220324020627950,2022-03-24 02:06:27.675,50.889492,29.352128,0.0,1.0
20220324030717625,2022-03-24 03:07:17.650,50.877969,29.376482,0.0,1.0
20220324042209075,2022-03-24 04:22:09.200,50.934903,29.422487,0.0,1.0
20220324052035575,2022-03-24 05:20:35.675,50.880503,29.352282,0.0,1.0
20220324055938825,2022-03-24 05:59:38.800,50.824394,29.598787,0.0,1.0
20220324060026350,2022-03-24 06:00:26.350,50.828101,29.622874,0.0,1.0
20220324060130300,2022-03-24 06:01:30.300,50.828227,29.651261,0.0,1.0
20220324060225050,2022-03-24 06:02:25.350,50.82637,29.324818,0.0,1.0
20220324060329100,2022-03-24 06:03:29.075,50.802035,29.452929,0.0,1.0
20220324060401850,2022-03-24 06:04:01.900,50.799802,29.535241,0.0,1.0
20220324060833325,2022-03-24 06:08:33.125,50.800229,29.451538,0.0,1.0
20220324082831475,2022-03-24 08:28:31.550,50.604431,29.9842,0.0,1.0
20220324084533175,2022-03-24 08:45:33.475,50.405712,29.655734,0.0,1.0
20220324085132675,2022-03-24 08:51:32.700,50.684775,29.751845,0.0,1.0
20220324181706000,2022-03-24 18:17:05.950,50.809227,29.452822,0.0,1.0
20220324202816250,2022-03-24 20:28:16.425,50.97166,29.564296,0.0,1.0
20220324233758100,2022-03-24 23:37:58.125,50.97166,29.564296,0.0,1.0
20220324235344900,2022-03-24 23:53:44.950,50.971588,29.550058,0.0,1.0
20220325014555650,2022-03-25 01:45:55.625,50.693858,29.780074,0.0,1.0
20220325031819200,2022-03-25 03:18:19.200,50.424291,29.824409,0.0,1.0
20220325032916200,2022-03-25 03:29:16.100,50.934722,29.394035,0.0,1.0
20220325060015525,2022-03-25 06:00:15.525,50.811842,29.60603,0.0,1.0
20220325060110450,2022-03-25 06:01:10.450,50.874307,29.366597,0.0,1.0
20220325060455975,2022-03-25 06:04:55.975,50.819297,29.665548,0.0,1.0
20220325062005850,2022-03-25 06:20:05.850,52.006316,28.050869,0.0,1.0
20220325081039150,2022-03-25 08:10:39.075,50.415529,29.918737,0.0,1.0
20220325105717550,2022-03-25 10:57:17.425,50.97166,29.564296,0.0,1.0
20220325105958075,2022-03-25 10:59:58.025,50.98065,29.564182,0.0,1.0
20220325132931550,2022-03-25 13:29:31.575,50.370737,30.280205,0.0,1.0
20220325140005575,2022-03-25 14:00:05.575,50.819112,29.622975,0.0,1.0
20220325140059800,2022-03-25 14:00:59.775,50.846435,29.707866,0.0,1.0
20220325140131825,2022-03-25 14:01:31.825,50.85537,29.693579,0.0,1.0
20220325140204850,2022-03-25 14:02:04.650,50.872579,29.727509,0.0,1.0
20220325144018300,2022-03-25 14:40:18.250,50.00229,28.125473,0.0,1.0
20220325144724025,2022-03-25 14:47:24.175,50.002043,28.111531,0.0,1.0
20220325144831975,2022-03-25 14:48:31.975,50.001542,28.083647,0.0,1.0
20220325150207700,2022-03-25 15:02:07.800,50.002043,28.111531,0.0,1.0
20220325171802900,2022-03-25 17:18:02.550,50.370748,30.270365,0.0,1.0
20220325190452550,2022-03-25 19:04:52.600,51.256074,31.202417,0.0,1.0
20220325190651100,2022-03-25 19:06:50.825,50.872778,29.565537,0.0,1.0
20220325215408600,2022-03-25 21:54:08.725,50.84588,29.580074,0.0,1.0
20220325215856300,2022-03-25 21:58:56.450,50.836959,29.59438,0.0,1.0
20220325220100350,2022-03-25 22:01:00.350,50.863567,29.523037,0.0,1.0
20220325220206050,2022-03-25 22:02:06.050,50.872066,29.437675,0.0,1.0
20220325220312950,2022-03-25 22:03:12.925,50.872152,29.451881,0.0,1.0
20220325220450000,2022-03-25 22:04:50.000,50.819112,29.622975,0.0,1.0
20220325220600725,2022-03-25 22:06:00.675,50.800322,29.467141,0.0,1.0
20220326040002425,2022-03-26 04:00:02.425,50.747196,29.623786,0.0,1.0
20220326040133600,2022-03-26 04:01:33.600,50.83711,29.627031,0.0,1.0
20220326040219200,2022-03-26 04:02:19.200,50.550022,29.781207,0.0,1.0
20220326055938275,2022-03-26 05:59:38.300,50.71059,29.496768,0.0,1.0
20220326070631150,2022-03-26 07:06:30.900,51.241372,30.7309,0.0,1.0
20220326071739500,2022-03-26 07:17:39.475,50.488558,31.519255,0.0,1.0
20220326083215925,2022-03-26 08:32:15.850,51.32124,29.38771,0.0,1.0
20220326110028000,2022-03-26 11:00:28.175,50.595244,29.879718,0.0,1.0
20220326110556800,2022-03-26 11:05:56.600,50.845663,29.537477,0.0,1.0
20220326113137150,2022-03-26 11:31:37.325,50.456929,31.084554,0.0,1.0
20220326131000250,2022-03-26 13:10:00.300,50.953303,29.493363,0.0,1.0
20220326131106725,2022-03-26 13:11:06.725,50.415399,29.861052,0.0,1.0
20220326133632325,2022-03-26 13:36:32.425,50.499398,31.353227,0.0,1.0
20220326144216225,2022-03-26 14:42:16.100,50.855673,29.778792,0.0,1.0
20220326145421575,2022-03-26 14:54:21.575,50.436491,31.350212,0.0,1.0
20220326164125375,2022-03-26 16:41:25.350,50.4869,29.725337,0.0,1.0
20220326192720475,2022-03-26 19:27:20.425,50.971514,29.535821,0.0,1.0
20220327043843700,2022-03-27 04:38:43.700,50.666951,29.80009,0.0,1.0
20220327045056050,2022-03-27 04:50:56.025,51.191105,32.072311,0.0,1.0
20220327082537225,2022-03-27 08:25:37.075,50.838282,30.17645,0.0,1.0
20220327100752875,2022-03-27 10:07:53.100,50.793334,30.169333,0.0,1.0
20220327102800225,2022-03-27 10:28:00.050,51.044256,29.720245,0.0,1.0
20220327104354600,2022-03-27 10:43:54.650,50.881545,29.522795,0.0,1.0
20220327105031550,2022-03-27 10:50:31.500,50.854258,29.466352,0.0,1.0
20220327111812450,2022-03-27 11:18:12.725,50.881308,29.480166,0.0,1.0
20220327112724600,2022-03-27 11:27:24.600,50.890827,29.579524,0.0,1.0
20220327123008700,2022-03-27 12:30:08.775,50.85537,29.693579,0.0,1.0
20220327123100350,2022-03-27 12:31:00.500,50.855673,29.778792,0.0,1.0
20220327123131875,2022-03-27 12:31:31.850,50.855425,29.707781,0.0,1.0
20220327123204900,2022-03-27 12:32:04.975,50.873508,29.736026,0.0,1.0
20220327123358625,2022-03-27 12:33:58.425,50.855673,29.778792,0.0,1.0
20220327123510350,2022-03-27 12:35:10.325,50.873508,29.736026,0.0,1.0
20220327123559400,2022-03-27 12:35:59.400,50.738206,29.623887,0.0,1.0
20220327150640075,2022-03-27 15:06:40.200,50.50529,29.85768,0.0,1.0
20220327161417275,2022-03-27 16:14:17.350,50.48766,30.218527,0.0,1.0
20220327170843750,2022-03-27 17:08:43.950,50.487332,29.866247,0.0,1.0
20220327175555875,2022-03-27 17:55:55.850,50.845809,29.565875,0.0,1.0
20220327183001975,2022-03-27 18:30:01.950,50.817301,29.620158,0.0,1.0
20220327183110300,2022-03-27 18:31:10.300,50.837097,29.624192,0.0,1.0
20220327183225350,2022-03-27 18:32:25.350,50.870346,29.450488,0.0,1.0
20220327183315550,2022-03-27 18:33:15.550,50.836109,29.438223,0.0,1.0
20220327183432425,2022-03-27 18:34:32.425,50.852459,29.327197,0.0,1.0
20220327183521675,2022-03-27 18:35:21.775,50.80999,29.594701,0.0,1.0
20220327183607550,2022-03-27 18:36:07.550,50.819047,29.608785,0.0,1.0
20220327184124300,2022-03-27 18:41:24.575,51.622522,31.418778,0.0,1.0
20220327184623625,2022-03-27 18:46:23.675,51.540466,31.521752,0.0,1.0
20220327185915350,2022-03-27 18:59:15.375,50.126705,29.183165,0.0,1.0
20220327192538725,2022-03-27 19:25:38.675,50.934661,28.511874,0.0,1.0
20220327193200150,2022-03-27 19:32:00.200,50.961623,28.510925,0.0,1.0
20220327193838250,2022-03-27 19:38:38.275,50.853574,28.500515,0.0,1.0
20220327203555250,2022-03-27 20:35:55.350,50.916284,28.484071,0.0,1.0
20220327203618450,2022-03-27 20:36:18.250,50.881132,28.542181,0.0,1.0
20220327205753900,2022-03-27 20:57:53.825,50.89891,28.527349,0.0,1.0
20220327210341725,2022-03-27 21:03:41.700,50.898711,28.513137,0.0,1.0
20220327211433775,2022-03-27 21:14:33.750,50.889524,28.499243,0.0,1.0
20220327211859100,2022-03-27 21:18:59.150,50.862561,28.500197,0.0,1.0
20220327212242600,2022-03-27 21:22:42.500,50.853168,28.472119,0.0,1.0
20220327213038250,2022-03-27 21:30:38.075,50.916686,28.512505,0.0,1.0
20220327213149600,2022-03-27 21:31:49.600,50.907699,28.512821,0.0,1.0
20220327213942400,2022-03-27 21:39:42.775,50.898871,28.524507,0.0,1.0
20220327215256875,2022-03-27 21:52:57.000,50.870937,28.457269,0.0,1.0
20220327220703950,2022-03-27 22:07:04.325,51.328244,31.173928,0.0,1.0
20220327220909000,2022-03-27 22:09:08.850,51.303004,30.951084,0.0,1.0
20220327225516825,2022-03-27 22:55:16.800,50.916626,28.50824,0.0,1.0
20220327230523625,2022-03-27 23:05:23.425,50.981692,28.666902,0.0,1.0
20220327231116500,2022-03-27 23:11:16.450,50.898511,28.498925,0.0,1.0
20220328010012425,2022-03-28 01:00:12.375,50.74738,29.666293,0.0,1.0
20220328010058925,2022-03-28 01:00:58.900,50.756484,29.694544,0.0,1.0
20220328010201350,2022-03-28 01:02:01.375,50.756693,29.751232,0.0,1.0
20220328010400700,2022-03-28 01:04:00.775,50.83755,29.736345,0.0,1.0
20220328010424425,2022-03-28 01:04:24.750,50.855579,29.750387,0.0,1.0
20220328010623050,2022-03-28 01:06:23.075,50.871978,29.423468,0.0,1.0
20220328010715500,2022-03-28 01:07:15.500,50.844974,29.578665,0.0,1.0
20220328020343200,2022-03-28 02:03:43.200,50.89891,28.527349,0.0,1.0
20220328072808175,2022-03-28 07:28:08.150,50.962372,29.507471,0.0,1.0
20220328072930000,2022-03-28 07:29:30.150,50.962292,29.493236,0.0,1.0
20220328073802800,2022-03-28 07:38:02.800,50.962372,29.507471,0.0,1.0
20220328081132550,2022-03-28 08:11:32.475,51.124547,29.576651,0.0,1.0
20220328082822925,2022-03-28 08:28:23.100,50.934339,29.337133,0.0,1.0
20220328120015650,2022-03-28 12:00:15.650,50.828076,29.617197,0.0,1.0
20220328120109075,2022-03-28 12:01:08.800,50.873606,29.764441,0.0,1.0
20220328120225475,2022-03-28 12:02:25.475,50.622027,29.808905,0.0,1.0
20220328120316525,2022-03-28 12:03:16.575,50.612995,29.794841,0.0,1.0
20220328120408425,2022-03-28 12:04:08.450,50.657598,29.695505,0.0,1.0
20220328120600800,2022-03-28 12:06:00.625,50.876678,29.201723,0.0,1.0
20220328121246625,2022-03-28 12:12:46.650,50.340946,29.333308,0.0,1.0
20220328134344300,2022-03-28 13:43:44.250,51.42874,30.967649,0.0,1.0
20220328171447625,2022-03-28 17:14:47.725,50.855579,29.750387,0.0,1.0
20220328173016000,2022-03-28 17:30:15.975,50.84638,29.693667,0.0,1.0
20220328173052825,2022-03-28 17:30:52.850,50.872057,29.436254,0.0,1.0
20220328173154925,2022-03-28 17:31:55.000,50.819047,29.608785,0.0,1.0
20220328173333025,2022-03-28 17:33:33.050,50.79255,29.52399,0.0,1.0
20220328173434125,2022-03-28 17:34:34.050,50.755985,29.581169,0.0,1.0
20220328173554750,2022-03-28 17:35:54.725,50.828101,29.622874,0.0,1.0
20220328173644500,2022-03-28 17:36:44.425,50.827969,29.594487,0.0,1.0
20220328181211525,2022-03-28 18:12:11.450,50.882446,29.721736,0.0,1.0
20220328182639075,2022-03-28 18:26:39.125,50.828101,29.622874,0.0,1.0
20220328215040925,2022-03-28 21:50:40.975,50.554346,29.047348,0.0,1.0
20220328224053900,2022-03-28 22:40:54.450,50.81813,29.438497,0.0,1.0
20220328233535625,2022-03-28 23:35:35.775,51.265601,29.159359,0.0,1.0
20220328234739200,2022-03-28 23:47:39.200,50.864616,29.764515,0.0,1.0
20220329001327700,2022-03-29 00:13:27.525,50.873652,29.778649,0.0,1.0
20220329015134550,2022-03-29 01:51:34.500,50.497551,28.780852,0.0,1.0
20220329035910425,2022-03-29 03:59:10.450,51.006726,29.407114,0.0,1.0
20220329050027875,2022-03-29 05:00:27.875,50.828101,29.622874,0.0,1.0
20220329050141100,2022-03-29 05:01:41.125,50.781996,29.410686,0.0,1.0
20220329050200025,2022-03-29 05:02:00.025,50.787736,29.467325,0.0,1.0
20220329050539425,2022-03-29 05:05:39.450,50.988329,29.487171,0.0,1.0
20220329050622675,2022-03-29 05:06:22.700,50.845737,29.551676,0.0,1.0
20220329050710525,2022-03-29 05:07:10.625,50.801133,29.623178,0.0,1.0
20220329050822025,2022-03-29 05:08:22.025,50.828101,29.622874,0.0,1.0
20220329051054350,2022-03-29 05:10:54.475,51.141468,29.390665,0.0,1.0
20220329051346225,2022-03-29 05:13:46.225,50.847878,29.198048,0.0,1.0
20220329070727875,2022-03-29 07:07:27.950,51.264613,29.388643,0.0,1.0
20220329074138975,2022-03-29 07:41:39.125,51.26731,29.388599,0.0,1.0
20220329102527875,2022-03-29 10:25:27.875,50.905344,31.214404,0.0,1.0
20220329103213875,2022-03-29 10:32:13.850,50.854577,29.523157,0.0,1.0
20220329103831125,2022-03-29 10:38:31.075,50.863247,29.46622,0.0,1.0
20220329104741950,2022-03-29 10:47:41.950,50.86341,29.494628,0.0,1.0
20220329115851800,2022-03-29 11:58:51.575,50.962525,29.53594,0.0,1.0
20220329130016750,2022-03-29 13:00:16.775,50.817236,29.605967,0.0,1.0
20220329130112625,2022-03-29 13:01:12.650,50.810122,29.623077,0.0,1.0
20220329130155950,2022-03-29 13:01:56.175,50.711838,29.779932,0.0,1.0
20220329140614050,2022-03-29 14:06:14.400,51.365662,30.989508,0.0,1.0
20220329203032250,2022-03-29 20:30:32.250,50.860639,29.339837,0.0,1.0
20220329203127300,2022-03-29 20:31:27.475,50.890378,29.494249,0.0,1.0
20220329203156400,2022-03-29 20:31:56.400,50.915844,29.266347,0.0,1.0
20220329203233825,2022-03-29 20:32:33.950,50.844643,29.367094,0.0,1.0
20220329203329700,2022-03-29 20:33:29.475,50.776982,29.473154,0.0,1.0
20220329203514200,2022-03-29 20:35:14.200,50.828101,29.622874,0.0,1.0
20220329203615375,2022-03-29 20:36:15.250,50.873558,29.750233,0.0,1.0
20220329203646050,2022-03-29 20:36:46.050,50.899447,29.508338,0.0,1.0
20220330023014650,2022-03-30 02:30:14.675,50.866567,29.420711,0.0,1.0
20220330023058675,2022-03-30 02:30:58.675,50.703095,29.612956,0.0,1.0
20220330023147175,2022-03-30 02:31:47.200,50.711105,29.595874,0.0,1.0
20220330023234850,2022-03-30 02:32:34.850,50.720352,29.652411,0.0,1.0
20220330023312925,2022-03-30 02:33:12.925,50.83682,29.565987,0.0,1.0
20220330023415025,2022-03-30 02:34:15.050,50.83689,29.580184,0.0,1.0
20220330023443175,2022-03-30 02:34:43.200,50.738505,29.694719,0.0,1.0
20220330025119600,2022-03-30 02:51:20.200,50.478655,30.239647,0.0,1.0
20220330044140825,2022-03-30 04:41:40.850,50.373482,31.357043,0.0,1.0
20220330060129000,2022-03-30 06:01:29.125,50.45122,29.810142,0.0,1.0
20220330060747375,2022-03-30 06:07:47.450,50.882538,29.747314,0.0,1.0
20220330071924700,2022-03-30 07:19:24.475,51.006904,29.43561,0.0,1.0
20220330075943400,2022-03-30 07:59:43.500,50.577296,29.893939,0.0,1.0
20220330081129725,2022-03-30 08:11:30.075,50.935975,29.621653,0.0,1.0
20220330104544075,2022-03-30 10:45:44.175,50.936692,29.421036,0.0,1.0
20220330113122375,2022-03-30 11:31:22.350,50.945028,29.635781,0.0,1.0
20220330115625250,2022-03-30 11:56:25.300,50.647332,29.44109,0.0,1.0
20220330130014400,2022-03-30 13:00:14.600,50.797959,29.526754,0.0,1.0
20220330130038650,2022-03-30 13:00:38.850,50.934438,29.351358,0.0,1.0
20220330130123725,2022-03-30 13:01:23.575,50.968954,29.404869,0.0,1.0
20220330130149575,2022-03-30 13:01:49.550,50.728237,29.439864,0.0,1.0
20220330130200675,2022-03-30 13:02:00.850,50.961596,29.379363,0.0,1.0
20220330130322250,2022-03-30 13:03:22.250,50.773822,29.552596,0.0,1.0
20220330130422150,2022-03-30 13:04:22.150,50.782585,29.509942,0.0,1.0
20220330132113575,2022-03-30 13:21:13.450,50.80878,29.381884,0.0,1.0
20220330140432375,2022-03-30 14:04:32.525,51.302878,29.33065,0.0,1.0
20220330151234825,2022-03-30 15:12:34.575,50.936746,29.835055,0.0,1.0
20220330180500400,2022-03-30 18:05:00.300,50.60094,29.030713,0.0,1.0
20220330190621625,2022-03-30 19:06:21.800,50.997915,29.435748,0.0,1.0
20220330190727975,2022-03-30 19:07:27.850,50.997915,29.435748,0.0,1.0
20220330191211125,2022-03-30 19:12:10.975,51.425454,31.351519,0.0,1.0
20220330192853125,2022-03-30 19:28:53.650,50.316856,30.209855,0.0,1.0
20220330192954550,2022-03-30 19:29:54.650,50.863659,29.747477,0.0,1.0
20220330193038950,2022-03-30 19:30:38.900,50.84638,29.693667,0.0,1.0
20220330193109625,2022-03-30 19:31:09.650,50.864519,29.736105,0.0,1.0
20220330193234150,2022-03-30 19:32:34.150,50.829847,29.611498,0.0,1.0
20220330193432150,2022-03-30 19:34:32.250,50.837599,29.750541,0.0,1.0
20220330194108600,2022-03-30 19:41:08.325,50.155658,28.762745,0.0,1.0
20220330195752425,2022-03-30 19:57:52.425,51.305148,29.158511,0.0,1.0
20220330200547500,2022-03-30 20:05:47.525,51.279356,29.087394,0.0,1.0
20220330200843425,2022-03-30 20:08:44.250,50.763241,29.297582,0.0,1.0
20220330200906400,2022-03-30 20:09:06.375,50.973022,29.99143,0.0,1.0
20220330201158450,2022-03-30 20:11:58.800,51.325641,29.37329,0.0,1.0
20220330213640275,2022-03-30 21:36:40.275,50.846745,29.798742,0.0,1.0
20220330232540225,2022-03-30 23:25:40.250,50.891436,29.721653,0.0,1.0
20220331005108425,2022-03-31 00:51:08.425,50.882547,29.750156,0.0,1.0
20220331022007150,2022-03-31 02:20:07.075,50.864662,29.77872,0.0,1.0
20220331034543900,2022-03-31 03:45:43.850,50.864616,29.764515,0.0,1.0
20220331053218050,2022-03-31 05:32:17.900,50.898857,29.408833,0.0,1.0
20220331055217700,2022-03-31 05:52:17.625,50.882547,29.750156,0.0,1.0
20220331071018725,2022-03-31 07:10:18.725,50.900203,29.664708,0.0,1.0
20220331073816975,2022-03-31 07:38:16.850,50.854653,29.537359,0.0,1.0
20220331073846875,2022-03-31 07:38:47.025,50.915836,29.392919,0.0,1.0
20220331104356950,2022-03-31 10:43:56.900,51.302777,29.316311,0.0,1.0
20220331105341475,2022-03-31 10:53:41.500,50.649442,30.034945,0.0,1.0
20220331120421825,2022-03-31 12:04:21.800,50.63137,29.964317,0.0,1.0
20220331120855250,2022-03-31 12:08:55.300,50.86525,30.119644,0.0,1.0
20220331124531450,2022-03-31 12:45:31.500,50.862846,29.557139,0.0,1.0
20220331134027775,2022-03-31 13:40:27.750,50.900574,29.764218,0.0,1.0
20220331141355425,2022-03-31 14:13:55.600,50.926376,29.690039,0.0,1.0
20220331141619175,2022-03-31 14:16:19.175,50.962943,29.621347,0.0,1.0
20220331143417325,2022-03-31 14:34:17.450,50.954694,29.823547,0.0,1.0
20220331144115525,2022-03-31 14:41:15.500,50.883176,30.034368,0.0,1.0
20220331152808675,2022-03-31 15:28:08.675,50.962037,29.619934,0.0,1.0
20220331153658450,2022-03-31 15:36:58.450,50.918993,29.934727,0.0,1.0
20220331153806800,2022-03-31 15:38:06.800,50.980985,29.635383,0.0,1.0
20220331163235475,2022-03-31 16:32:35.500,50.990683,29.83469,0.0,1.0
20220331175623325,2022-03-31 17:56:23.300,51.027066,30.162303,0.0,1.0
20220331183855925,2022-03-31 18:38:55.950,51.196387,29.561454,0.0,1.0
20220331191337650,2022-03-31 19:13:37.325,51.281597,29.37403,0.0,1.0
20220401043416625,2022-04-01 04:34:16.650,51.312158,29.373516,0.0,1.0
20220401053500550,2022-04-01 05:35:00.500,51.161784,30.319597,0.0,1.0
20220401074007250,2022-04-01 07:40:07.300,50.343063,29.726632,0.0,1.0
20220401092913275,2022-04-01 09:29:13.450,51.763398,30.56806,0.0,1.0
20220401183503000,2022-04-01 18:35:02.925,51.377689,29.027671,0.0,1.0
20220404230329850,2022-04-04 23:03:29.900,51.985704,27.906207,0.0,1.0
20220406124259750,2022-04-06 12:42:59.175,50.722426,28.788436,0.0,1.0
20220406150957000,2022-04-06 15:09:57.075,51.404487,29.213865,0.0,1.0
20220406160928050,2022-04-06 16:09:27.900,50.001611,32.212535,0.0,1.0
20220407055709750,2022-04-07 05:57:09.725,50.988585,28.509975,0.0,1.0
20220407072735225,2022-04-07 07:27:35.575,50.713603,28.802855,0.0,1.0
20220407104743975,2022-04-07 10:47:43.950,52.003669,27.905321,0.0,1.0
20220407105919050,2022-04-07 10:59:19.100,52.003669,27.905321,0.0,1.0
20220407110350025,2022-04-07 11:03:49.900,50.532208,29.837766,0.0,1.0
20220407130450775,2022-04-07 13:04:50.800,50.713603,28.802855,0.0,1.0
20220407143530350,2022-04-07 14:35:30.275,50.899683,31.716173,0.0,1.0
20220407151647325,2022-04-07 15:16:46.975,50.845809,29.565875,0.0,1.0
20220407160001975,2022-04-07 16:00:01.600,50.334599,29.909302,0.0,1.0
20220408103248150,2022-04-08 10:32:48.250,50.426922,28.895508,0.0,1.0
20220408130207525,2022-04-08 13:02:07.500,50.713767,28.817012,0.0,1.0
20220409101316700,2022-04-09 10:13:16.700,50.370754,30.035625,0.0,1.0
20220409105524200,2022-04-09 10:55:24.400,50.703265,29.949875,0.0,1.0
20220409110642475,2022-04-09 11:06:42.625,50.685309,29.964103,0.0,1.0
20220409110825450,2022-04-09 11:08:25.250,50.775152,30.367817,0.0,1.0
20220409111704825,2022-04-09 11:17:04.775,50.415717,30.049585,0.0,1.0
20220409141223575,2022-04-09 14:12:23.700,50.424694,30.035494,0.0,1.0
20220412120511150,2022-04-12 12:05:11.175,50.400594,31.34367,0.0,1.0
20220412145503900,2022-04-12 14:55:03.800,50.001611,32.212535,0.0,1.0
20220412201320325,2022-04-12 20:13:20.275,50.036465,28.026275,0.0,1.0
20220412211141250,2022-04-12 21:11:41.225,50.000779,28.041823,0.0,1.0
20220412211342000,2022-04-12 21:13:41.875,50.027737,28.040626,0.0,1.0
20220413100455925,2022-04-13 10:04:55.725,50.713271,28.774541,0.0,1.0
20220413111415375,2022-04-13 11:14:15.650,50.406682,30.007403,0.0,1.0
20220413115609750,2022-04-13 11:56:09.725,50.64948,30.084434,0.0,1.0
20220413132451825,2022-04-13 13:24:51.650,50.397709,30.021495,0.0,1.0
20220413154716975,2022-04-13 15:47:17.150,52.003669,27.905321,0.0,1.0
20220414072947150,2022-04-14 07:29:47.025,50.459823,29.697415,0.0,1.0
20220414082049750,2022-04-14 08:20:49.700,52.003669,27.905321,0.0,1.0
20220414085226525,2022-04-14 08:52:26.525,50.447693,28.416159,0.0,1.0
20220414092003250,2022-04-14 09:20:03.400,50.622393,30.327538,0.0,1.0
20220414132118750,2022-04-14 13:21:18.725,50.469306,29.848044,0.0,1.0
20220414135559200,2022-04-14 13:55:59.250,52.003669,27.905321,0.0,1.0
20220414142515275,2022-04-14 14:25:15.325,52.003669,27.905321,0.0,1.0
20220414145433650,2022-04-14 14:54:33.575,50.001611,32.212535,0.0,1.0
20220414221523225,2022-04-14 22:15:23.550,50.159997,31.113682,0.0,1.0
20220414221635500,2022-04-14 22:16:35.525,50.294423,31.164143,0.0,1.0
20220414222657775,2022-04-14 22:26:57.825,50.494652,30.833017,0.0,1.0
20220415062050425,2022-04-15 06:20:50.425,51.995499,27.949418,0.0,1.0
20220415111115825,2022-04-15 11:11:15.850,50.722091,28.760117,0.0,1.0
20220415140703025,2022-04-15 14:07:03.050,50.012871,31.445547,0.0,1.0
20220416034423850,2022-04-16 03:44:23.625,50.421541,31.010675,0.0,1.0
20220416105243100,2022-04-16 10:52:42.850,50.649356,30.331882,0.0,1.0
20220416145236475,2022-04-16 14:52:36.025,50.863132,31.758991,0.0,1.0
20220416170404700,2022-04-16 17:04:05.025,50.416655,28.783203,0.0,1.0
20220417033203400,2022-04-17 03:32:03.600,50.403162,31.062387,0.0,1.0
20220417114127775,2022-04-17 11:41:27.750,51.564215,30.869105,0.0,1.0
20220418044618475,2022-04-18 04:46:18.450,50.178263,31.079053,0.0,1.0
20220418091606700,2022-04-18 09:16:06.350,50.416319,28.755068,0.0,1.0
20220418111046425,2022-04-18 11:10:46.550,50.020198,30.106232,0.0,1.0
20220419093140350,2022-04-19 09:31:40.300,52.003669,27.905321,0.0,1.0
20220419095959725,2022-04-19 09:59:59.825,50.622386,30.331778,0.0,1.0
20220419102915725,2022-04-19 10:29:15.725,50.762036,29.382652,0.0,1.0
20220419122127925,2022-04-19 12:21:27.875,50.440215,29.387898,0.0,1.0
20220419130206275,2022-04-19 13:02:06.250,50.001611,32.212535,0.0,1.0
20220420094556500,2022-04-20 09:45:56.575,50.43332,29.838422,0.0,1.0
20220420112658150,2022-04-20 11:26:58.050,50.400594,31.34367,0.0,1.0
20220421073456250,2022-04-21 07:34:57.125,50.160819,28.475655,0.0,1.0
20220421073634925,2022-04-21 07:36:34.900,50.704615,28.803113,0.0,1.0
20220421091558300,2022-04-21 09:15:58.100,50.613366,30.350111,0.0,1.0
20220421101236775,2022-04-21 10:12:36.825,50.694299,29.964067,0.0,1.0
20220421104257125,2022-04-21 10:42:57.250,50.442582,29.965061,0.0,1.0
20220421112515250,2022-04-21 11:25:15.300,50.424554,29.936987,0.0,1.0
20220421132839500,2022-04-21 13:28:39.625,50.595394,30.345797,0.0,1.0
20220422080724750,2022-04-22 08:07:24.800,52.003669,27.905321,0.0,1.0
20220422102411250,2022-04-22 10:24:10.925,50.703289,29.964031,0.0,1.0
20220422102509450,2022-04-22 10:25:09.625,51.895877,27.910628,0.0,1.0
20220423150215875,2022-04-23 15:02:15.675,50.451572,29.965026,0.0,1.0
20220425051448150,2022-04-25 05:14:47.975,50.005579,28.320675,0.0,1.0
20220425052338800,2022-04-25 05:23:38.400,51.007917,28.609058,0.0,1.0
20220425091048700,2022-04-25 09:10:48.375,50.649389,30.309259,0.0,1.0
20220426133507650,2022-04-26 13:35:07.650,52.003669,27.905321,0.0,1.0
20220426133754175,2022-04-26 13:37:54.225,52.003669,27.905321,0.0,1.0
20220426141112100,2022-04-26 14:11:11.975,50.000521,28.027882,0.0,1.0
20220426142056800,2022-04-26 14:20:56.900,50.943648,28.511557,0.0,1.0
20220427015519325,2022-04-27 01:55:19.700,50.425644,28.782942,0.0,1.0
20220427072011450,2022-04-27 07:20:11.350,50.713767,28.817012,0.0,1.0
20220427090943775,2022-04-27 09:09:43.875,50.873558,29.750233,0.0,1.0
20220427101841225,2022-04-27 10:18:41.225,50.438387,29.148609,0.0,1.0
20220427174705300,2022-04-27 17:47:05.350,50.001611,32.212535,0.0,1.0
20220428073415300,2022-04-28 07:34:15.175,50.424724,30.072082,0.0,1.0
20220428102018850,2022-04-28 10:20:18.900,50.640357,30.337502,0.0,1.0
20220428115136400,2022-04-28 11:51:36.275,50.406727,30.049604,0.0,1.0
20220428132541075,2022-04-28 13:25:41.000,50.535513,31.338634,0.0,1.0
20220428143900775,2022-04-28 14:39:00.925,50.754556,29.340258,0.0,1.0
20220428163902700,2022-04-28 16:39:02.675,50.406727,30.049604,0.0,1.0
20220428165637875,2022-04-28 16:56:37.600,50.017158,30.985209,0.0,1.0
20220429090932475,2022-04-29 09:09:32.700,50.496286,29.852099,0.0,1.0
20220429091030950,2022-04-29 09:10:31.050,50.800237,29.452956,0.0,1.0
20220429091502075,2022-04-29 09:15:02.075,50.631353,30.345947,0.0,1.0
20220429095410250,2022-04-29 09:54:10.525,50.334611,29.91492,0.0,1.0
20220429100032075,2022-04-29 10:00:32.200,50.496286,29.852099,0.0,1.0
20220429102050950,2022-04-29 10:20:50.900,50.622522,30.19046,0.0,1.0
20220501084349875,2022-05-01 08:43:49.675,50.722426,28.788436,0.0,1.0
20220501122020000,2022-05-01 12:20:19.950,51.305474,29.316263,0.0,1.0
20220501130346450,2022-05-01 13:03:46.375,51.294801,29.474174,0.0,1.0
20220501170305025,2022-05-01 17:03:04.900,51.316838,29.402127,0.0,1.0
20220502094219700,2022-05-02 09:42:19.950,50.713603,28.802855,0.0,1.0
20220502134558075,2022-05-02 13:45:58.300,50.740236,28.773748,0.0,1.0
20220503103053200,2022-05-03 10:30:53.325,50.442188,29.79613,0.0,1.0
20220503104159775,2022-05-03 10:41:59.825,52.003669,27.905321,0.0,1.0
20220503122831975,2022-05-03 12:28:31.400,50.427225,28.92365,0.0,1.0
20220503131445150,2022-05-03 13:14:45.375,51.263341,29.474634,0.0,1.0
20220503133658850,2022-05-03 13:36:58.950,50.001862,32.198593,0.0,1.0
20220503151936350,2022-05-03 15:19:36.375,50.754556,29.340258,0.0,1.0
20220504081900900,2022-05-04 08:19:01.000,50.433403,29.870794,0.0,1.0
20220504171832050,2022-05-04 17:18:31.725,51.082649,31.461121,0.0,1.0
20220505085317300,2022-05-05 08:53:17.425,51.436931,31.075664,0.0,1.0
20220505132609175,2022-05-05 13:26:08.950,50.722755,28.816756,0.0,1.0
20220505134855450,2022-05-05 13:48:55.425,50.001611,32.212535,0.0,1.0
20220505155632550,2022-05-05 15:56:32.500,50.899524,29.522553,0.0,1.0
20220505161414025,2022-05-05 16:14:14.050,50.899524,29.522553,0.0,1.0
20220505170641075,2022-05-05 17:06:41.400,50.744477,29.31351,0.0,1.0
20220506092207750,2022-05-06 09:22:07.650,50.551313,28.765171,0.0,1.0
20220506110756825,2022-05-06 11:07:56.850,50.685309,29.964103,0.0,1.0
20220507081146700,2022-05-07 08:11:46.700,50.694299,29.964067,0.0,1.0
20220507091601675,2022-05-07 09:16:01.525,50.015813,31.152614,0.0,1.0
20220507103908575,2022-05-07 10:39:08.725,50.649109,30.450656,0.0,1.0
20220509125736725,2022-05-09 12:57:36.925,50.71223,29.935678,0.0,1.0
20220510072040275,2022-05-10 07:20:40.300,50.722755,28.816756,0.0,1.0
20220510082550100,2022-05-10 08:25:50.000,50.70494,28.831422,0.0,1.0
20220510100218275,2022-05-10 10:02:18.350,52.003669,27.905321,0.0,1.0
20220510142400550,2022-05-10 14:24:00.400,50.001611,32.212535,0.0,1.0
20220510142815725,2022-05-10 14:28:15.825,51.276298,29.388451,0.0,1.0
20220511150201650,2022-05-11 15:02:01.725,51.27648,29.417113,0.0,1.0
20220512082156625,2022-05-12 08:21:56.500,50.115366,28.4423,0.0,1.0
20220512102418650,2022-05-12 10:24:18.850,50.640357,30.337502,0.0,1.0
20220512103337325,2022-05-12 10:33:37.025,50.972795,29.870406,0.0,1.0
20220512115629275,2022-05-12 11:56:29.175,51.276298,29.388451,0.0,1.0
20220512130414575,2022-05-12 13:04:14.700,50.001611,32.212535,0.0,1.0
20220513072940075,2022-05-13 07:29:40.275,50.694308,29.969728,0.0,1.0
20220513093447075,2022-05-13 09:34:46.850,50.622397,30.324712,0.0,1.0
20220513115258025,2022-05-13 11:52:58.075,50.415704,30.035516,0.0,1.0
20220513135038625,2022-05-13 13:50:38.575,52.003669,27.905321,0.0,1.0
20220514052912750,2022-05-14 05:29:12.525,50.703253,29.942797,0.0,1.0
20220514064824950,2022-05-14 06:48:25.050,50.115366,28.4423,0.0,1.0
20220514072631650,2022-05-14 07:26:31.625,50.424702,30.043937,0.0,1.0
20220514094512325,2022-05-14 09:45:12.475,50.415717,30.049585,0.0,1.0
20220514155921700,2022-05-14 15:59:21.875,50.731248,28.774013,0.0,1.0
20220515150858275,2022-05-15 15:08:58.300,50.731415,28.788175,0.0,1.0
20220516050108975,2022-05-16 05:01:10.250,50.146874,28.385189,0.0,1.0
20220516050152450,2022-05-16 05:01:52.475,50.141908,28.413358,0.0,1.0
20220516050317250,2022-05-16 05:03:17.275,50.150683,28.399042,0.0,1.0
20220516050400300,2022-05-16 05:04:00.725,50.168009,28.3564,0.0,1.0
20220516050526100,2022-05-16 05:05:26.000,50.171567,28.41227,0.0,1.0
20220516050608100,2022-05-16 05:06:08.050,50.150469,28.385055,0.0,1.0
20220517040657275,2022-05-17 04:06:57.575,50.4807,28.879982,0.0,1.0
20220517043708625,2022-05-17 04:37:08.575,50.105317,28.372754,0.0,1.0
20220517142255125,2022-05-17 14:22:55.175,50.001862,32.198593,0.0,1.0
20220518081118650,2022-05-18 08:11:18.675,50.722426,28.788436,0.0,1.0
20220518112131725,2022-05-18 11:21:31.725,50.722592,28.802596,0.0,1.0
20220519142135650,2022-05-19 14:21:35.700,50.001862,32.198593,0.0,1.0
20220519150915950,2022-05-19 15:09:16.525,50.695952,28.831675,0.0,1.0
20220520040648175,2022-05-20 04:06:48.075,50.141908,28.413358,0.0,1.0
20220520044708075,2022-05-20 04:47:07.925,50.150469,28.385055,0.0,1.0
20220520044752500,2022-05-20 04:47:52.875,50.150253,28.371068,0.0,1.0
20220520053958525,2022-05-20 05:39:58.350,50.796815,29.340944,0.0,1.0
20220520054011000,2022-05-20 05:40:10.900,50.792261,29.332512,0.0,1.0
20220520054023125,2022-05-20 05:40:22.875,50.790513,29.339634,0.0,1.0
20220520062957325,2022-05-20 06:29:57.500,51.521463,28.692728,0.0,1.0
20220520114814950,2022-05-20 11:48:14.975,51.237663,29.546609,0.0,1.0
20220521043008850,2022-05-21 04:30:09.225,50.150683,28.399042,0.0,1.0
20220521043429975,2022-05-21 04:34:30.275,50.168009,28.3564,0.0,1.0
20220521051308650,2022-05-21 05:13:08.975,50.133132,28.42767,0.0,1.0
20220521051505225,2022-05-21 05:15:05.200,50.142119,28.427343,0.0,1.0
20220521051613675,2022-05-21 05:16:13.925,50.133132,28.42767,0.0,1.0
20220521051713900,2022-05-21 05:17:13.725,50.185984,28.355719,0.0,1.0
20220521051753725,2022-05-21 05:17:53.825,50.15967,28.398709,0.0,1.0
20220521065754275,2022-05-21 06:57:54.525,51.218505,28.931322,0.0,1.0
20220521101237400,2022-05-21 10:12:37.550,50.782439,31.742029,0.0,1.0
20220521184440800,2022-05-21 18:44:40.900,50.763643,29.354275,0.0,1.0
20220521193912875,2022-05-21 19:39:12.750,50.755455,29.340242,0.0,1.0
20220521201455175,2022-05-21 20:14:55.150,50.758171,29.34303,0.0,1.0
20220522042118975,2022-05-22 04:21:19.025,50.132921,28.413688,0.0,1.0
20220522042242875,2022-05-22 04:22:42.675,50.186202,28.369717,0.0,1.0
20220522045731300,2022-05-22 04:57:31.300,50.177431,28.384049,0.0,1.0
20220522103431975,2022-05-22 10:34:31.900,50.790513,29.339634,0.0,1.0
20220522103445125,2022-05-22 10:34:44.725,50.790513,29.339634,0.0,1.0
20220522121225725,2022-05-22 12:12:25.425,50.150683,28.399042,0.0,1.0
20220522124347050,2022-05-22 12:43:47.150,50.17728,28.374253,0.0,1.0
20220522124507150,2022-05-22 12:45:07.300,50.167569,28.328417,0.0,1.0
20220522225926000,2022-05-22 22:59:26.050,51.053411,28.650347,0.0,1.0
20220523014407350,2022-05-23 01:44:07.375,50.746964,28.663008,0.0,1.0
20220524072017350,2022-05-24 07:20:17.075,50.613397,30.331743,0.0,1.0
20220524093835350,2022-05-24 09:38:35.575,50.604428,30.317582,0.0,1.0
20220524141125100,2022-05-24 14:11:24.950,51.435977,28.83927,0.0,1.0
20220524142532575,2022-05-24 14:25:32.425,50.001611,32.212535,0.0,1.0
20220525082055425,2022-05-25 08:20:55.175,50.640379,30.323365,0.0,1.0
20220525110743950,2022-05-25 11:07:43.900,52.003669,27.905321,0.0,1.0
20220525154435500,2022-05-25 15:44:35.225,50.704778,28.817268,0.0,1.0
20220525215827200,2022-05-25 21:58:27.000,50.444433,28.8528,0.0,1.0
20220526125637775,2022-05-26 12:56:37.750,50.799402,29.325294,0.0,1.0
20220526132006300,2022-05-26 13:20:05.825,50.001862,32.198593,0.0,1.0
20220526153107375,2022-05-26 15:31:07.375,50.799402,29.325294,0.0,1.0
20220528072604400,2022-05-28 07:26:04.450,52.003669,27.905321,0.0,1.0
20220528114353375,2022-05-28 11:43:53.400,50.713438,28.788698,0.0,1.0
20220530074452825,2022-05-30 07:44:53.025,50.731248,28.774013,0.0,1.0
20220530090112425,2022-05-30 09:01:12.325,50.999695,29.843176,0.0,1.0
20220530154245175,2022-05-30 15:42:45.200,50.713438,28.788698,0.0,1.0
20220531083038425,2022-05-31 08:30:38.425,50.613397,30.331743,0.0,1.0
20220601094931375,2022-06-01 09:49:31.600,50.722592,28.802596,0.0,1.0
20220601101301900,2022-06-01 10:13:02.025,50.412185,31.058341,0.0,1.0
20220601130401275,2022-06-01 13:04:01.450,51.043488,28.579353,0.0,1.0
20220602075911000,2022-06-02 07:59:11.175,50.726787,28.776977,0.0,1.0
20220602113614750,2022-06-02 11:36:14.950,50.4337,30.053769,0.0,1.0
20220602122610500,2022-06-02 12:26:10.475,50.001862,32.198593,0.0,1.0
20220602233716125,2022-06-02 23:37:16.425,51.458365,29.946594,0.0,1.0
20220603133729975,2022-06-03 13:37:30.150,50.722592,28.802596,0.0,1.0
20220604095130525,2022-06-04 09:51:30.200,50.629878,31.719884,0.0,1.0
20220605030038475,2022-06-05 03:00:38.325,50.358709,30.99688,0.0,1.0
20220605030142325,2022-06-05 03:01:42.250,50.412727,30.986595,0.0,1.0
20220605030213450,2022-06-05 03:02:13.450,50.484392,31.021688,0.0,1.0
20220605030256500,2022-06-05 03:02:56.650,50.439403,31.026487,0.0,1.0
20220605030343650,2022-06-05 03:03:43.675,50.475612,30.993349,0.0,1.0
20220606120217225,2022-06-06 12:02:17.375,50.713271,28.774541,0.0,1.0
20220607115026450,2022-06-07 11:50:26.650,51.47042,31.349814,0.0,1.0
20220607121244200,2022-06-07 12:12:44.075,50.433689,30.041102,0.0,1.0
20220607121405850,2022-06-07 12:14:05.825,51.276298,29.388451,0.0,1.0
20220607134910400,2022-06-07 13:49:10.525,50.001611,32.212535,0.0,1.0
20220608090212675,2022-06-08 09:02:12.525,51.07,31.754741,0.0,1.0
20220608090458800,2022-06-08 09:04:58.800,51.994686,27.905765,0.0,1.0
20220609081700525,2022-06-09 08:17:00.600,50.970003,28.467907,0.0,1.0
20220609092454850,2022-06-09 09:24:54.625,50.979797,28.524528,0.0,1.0
20220609112610950,2022-06-09 11:26:10.800,52.003669,27.905321,0.0,1.0
20220609112649275,2022-06-09 11:26:49.150,52.003669,27.905321,0.0,1.0
20220609140702975,2022-06-09 14:07:02.800,51.285287,29.388303,0.0,1.0
20220609151758125,2022-06-09 15:17:58.100,50.722917,28.830915,0.0,1.0
20220609172016425,2022-06-09 17:20:16.900,50.161324,28.510631,0.0,1.0
20220609172051250,2022-06-09 17:20:51.300,50.0,28.0,0.0,1.0
20220609173758675,2022-06-09 17:37:59.175,50.97298,29.962954,0.0,1.0
20220610110405825,2022-06-10 11:04:06.075,50.97081,28.524842,0.0,1.0
20220613101734625,2022-06-13 10:17:34.825,51.151841,32.263711,0.0,1.0
20220613114234975,2022-06-13 11:42:35.150,51.106913,32.261665,0.0,1.0
20220614072253725,2022-06-14 07:22:53.950,51.133741,28.604878,0.0,1.0
20220614080016475,2022-06-14 08:00:17.125,50.017158,30.985209,0.0,1.0
20220614085259700,2022-06-14 08:52:59.750,50.281941,31.503443,0.0,1.0
20220614110037350,2022-06-14 11:00:37.450,51.133741,28.604878,0.0,1.0
20220614135130650,2022-06-14 13:51:30.700,50.001611,32.212535,0.0,1.0
20220615070538050,2022-06-15 07:05:37.825,51.142916,28.618866,0.0,1.0
20220615074644075,2022-06-15 07:46:44.000,50.015935,31.138664,0.0,1.0
20220615094351625,2022-06-15 09:43:51.650,51.142729,28.604578,0.0,1.0
20220615122158575,2022-06-15 12:21:58.450,51.00656,28.509341,0.0,1.0
20220615130835525,2022-06-15 13:08:35.550,50.494069,28.513127,0.0,1.0
20220615151641950,2022-06-15 15:16:41.775,50.713271,28.774541,0.0,1.0
20220616065952175,2022-06-16 06:59:52.325,51.142729,28.604578,0.0,1.0
20220616092345050,2022-06-16 09:23:45.050,50.731415,28.788175,0.0,1.0
20220616120341075,2022-06-16 12:03:41.050,51.156583,28.632712,0.0,1.0
20220616130924450,2022-06-16 13:09:24.675,50.001862,32.198593,0.0,1.0
20220616141213150,2022-06-16 14:12:13.100,52.003669,27.905321,0.0,1.0
20220617084721325,2022-06-17 08:47:21.475,50.463329,28.936795,0.0,1.0
20220617090600050,2022-06-17 09:06:00.025,52.003669,27.905321,0.0,1.0
20220617095033525,2022-06-17 09:50:33.525,50.713271,28.774541,0.0,1.0
20220617100345300,2022-06-17 10:03:45.100,50.703311,29.978187,0.0,1.0
20220618101726800,2022-06-18 10:17:26.675,50.622399,30.323299,0.0,1.0
20220618114110775,2022-06-18 11:41:10.750,51.440362,29.932291,0.0,1.0
20220619063749800,2022-06-19 06:37:49.550,50.722592,28.802596,0.0,1.0
20220621093636050,2022-06-21 09:36:36.075,50.017646,30.915455,0.0,1.0
20220621124153250,2022-06-21 12:41:53.300,50.001611,32.212535,0.0,1.0
20220621143755300,2022-06-21 14:37:55.700,50.667469,30.197572,0.0,1.0
20220621191940175,2022-06-21 19:19:41.400,50.955142,30.105353,0.0,1.0
20220622093223300,2022-06-22 09:32:23.025,50.172837,29.93812,0.0,1.0
20220623135710775,2022-06-23 13:57:10.625,50.001611,32.212535,0.0,1.0
20220624085533875,2022-06-24 08:55:33.650,50.545881,29.103987,0.0,1.0
20220624114046250,2022-06-24 11:40:46.300,52.003669,27.905321,0.0,1.0
20220624120946050,2022-06-24 12:09:46.075,52.003669,27.905321,0.0,1.0
20220625010026950,2022-06-25 01:00:26.625,50.889755,30.90845,0.0,1.0
20220625010134550,2022-06-25 01:01:34.450,51.280931,31.416571,0.0,1.0
20220625010230600,2022-06-25 01:02:30.525,50.97083,30.882719,0.0,1.0
20220625010442975,2022-06-25 01:04:42.950,51.070415,30.761579,0.0,1.0
20220625010541700,2022-06-25 01:05:41.575,51.132659,30.880989,0.0,1.0
20220625010819900,2022-06-25 01:08:19.250,51.21724,31.484974,0.0,1.0
20220625011046650,2022-06-25 01:10:46.900,50.204607,28.397046,0.0,1.0
20220625011153200,2022-06-25 01:11:53.425,50.223006,28.424397,0.0,1.0
20220625011243700,2022-06-25 01:12:43.575,50.179473,28.341962,0.0,1.0
20220625011524650,2022-06-25 01:15:25.025,50.196253,28.439381,0.0,1.0
20220625014023250,2022-06-25 01:40:23.500,50.187884,28.4817,0.0,1.0
20220625014204225,2022-06-25 01:42:04.350,50.078785,28.401696,0.0,1.0
20220625020157875,2022-06-25 02:01:57.850,50.10617,28.428649,0.0,1.0
20220625020247075,2022-06-25 02:02:47.050,50.20482,28.411049,0.0,1.0
20220625024012250,2022-06-25 02:40:12.250,50.106792,28.470572,0.0,1.0
20220625024734050,2022-06-25 02:47:33.725,50.142742,28.469298,0.0,1.0
20220625025603500,2022-06-25 02:56:03.600,50.151729,28.468979,0.0,1.0
20220625025651975,2022-06-25 02:56:52.000,50.114946,28.414346,0.0,1.0
20220625025717650,2022-06-25 02:57:17.450,50.054459,28.458458,0.0,1.0
20220625030026575,2022-06-25 03:00:26.925,50.745665,29.354581,0.0,1.0
20220625030132450,2022-06-25 03:01:30.775,50.889937,30.880026,0.0,1.0
20220625154612375,2022-06-25 15:46:12.200,50.713603,28.802855,0.0,1.0
20220626032628375,2022-06-26 03:26:28.475,50.221872,31.232655,0.0,1.0
20220628072318275,2022-06-28 07:23:18.625,50.015813,31.152614,0.0,1.0
20220628082439050,2022-06-28 08:24:39.175,51.142729,28.604578,0.0,1.0
20220628135813425,2022-06-28 13:58:13.475,51.133552,28.590594,0.0,1.0
20220629103944950,2022-06-29 10:39:44.875,51.133552,28.590594,0.0,1.0
20220629134357425,2022-06-29 13:43:57.450,51.142729,28.604578,0.0,1.0
20220630134113875,2022-06-30 13:41:13.900,51.00656,28.509341,0.0,1.0
20220701142041150,2022-07-01 14:20:40.925,50.722592,28.802596,0.0,1.0
20220702070512325,2022-07-02 07:05:12.475,50.014224,31.320009,0.0,1.0
20220702094442350,2022-07-02 09:44:42.325,50.713928,28.831169,0.0,1.0
20220703042245300,2022-07-03 04:22:45.275,50.448078,29.232887,0.0,1.0
20220706080044775,2022-07-06 08:00:45.025,50.713438,28.788698,0.0,1.0
20220707085459800,2022-07-07 08:54:59.800,50.399171,28.825912,0.0,1.0
20220707105037325,2022-07-07 10:50:37.425,51.429104,28.868228,0.0,1.0
20220707114457925,2022-07-07 11:44:58.125,50.001862,32.198593,0.0,1.0
20220708044412050,2022-07-08 04:44:12.300,50.72226,28.774277,0.0,1.0
20220708060238025,2022-07-08 06:02:38.025,50.721245,29.949798,0.0,1.0
20220708080024475,2022-07-08 08:00:24.825,50.426769,28.881437,0.0,1.0
20220708094047275,2022-07-08 09:40:47.450,52.003669,27.905321,0.0,1.0
20220709092154250,2022-07-09 09:21:54.450,50.72434,28.798296,0.0,1.0
20220709103714325,2022-07-09 10:37:14.350,50.854421,29.494754,0.0,1.0
20220710080425400,2022-07-10 08:04:25.625,50.674788,29.525563,0.0,1.0
20220710223143200,2022-07-10 22:31:43.225,50.51784,28.991796,0.0,1.0
20220712093111775,2022-07-12 09:31:11.925,51.152089,28.632859,0.0,1.0
20220712102506550,2022-07-12 10:25:06.600,51.157482,28.632682,0.0,1.0
20220712114619450,2022-07-12 11:46:19.500,50.001611,32.212535,0.0,1.0
20220712133044100,2022-07-12 13:30:43.875,50.674951,31.711489,0.0,1.0
20220715071652475,2022-07-15 07:16:52.850,50.70494,28.831422,0.0,1.0
20220715104928750,2022-07-15 10:49:28.550,50.694299,29.964067,0.0,1.0
20220715105708600,2022-07-15 10:57:08.825,50.930877,28.261569,0.0,1.0
20220715122719300,2022-07-15 12:27:19.325,50.713603,28.802855,0.0,1.0
20220716083310275,2022-07-16 08:33:10.275,50.1818,29.924079,0.0,1.0
20220717065005075,2022-07-17 06:50:05.275,50.721676,28.801206,0.0,1.0
20220718084738100,2022-07-18 08:47:37.975,50.731248,28.774013,0.0,1.0
20220718102239825,2022-07-18 10:22:39.850,50.640353,30.34033,0.0,1.0
20220718134859525,2022-07-18 13:48:59.775,50.713603,28.802855,0.0,1.0
20220719092510250,2022-07-19 09:25:10.225,52.003669,27.905321,0.0,1.0
20220719120358950,2022-07-19 12:03:58.925,50.001862,32.198593,0.0,1.0
20220720124946950,2022-07-20 12:49:46.800,50.979797,28.524528,0.0,1.0
20220721094653275,2022-07-21 09:46:52.975,51.994686,27.905765,0.0,1.0
20220721094920925,2022-07-21 09:49:21.175,51.895877,27.910628,0.0,1.0
20220721114524450,2022-07-21 11:45:24.450,50.001611,32.212535,0.0,1.0
20220722131752950,2022-07-22 13:17:52.975,50.279266,30.765367,0.0,1.0
20220723093929900,2022-07-23 09:39:29.875,50.722426,28.788436,0.0,1.0
20220726024258825,2022-07-26 02:42:58.850,50.731415,28.788175,0.0,1.0
20220726120221550,2022-07-26 12:02:21.375,50.001862,32.198593,0.0,1.0
20220727070046450,2022-07-27 07:00:46.500,50.713438,28.788698,0.0,1.0
20220727083602225,2022-07-27 08:36:02.525,50.722426,28.788436,0.0,1.0
20220728024516275,2022-07-28 02:45:16.350,50.703044,30.452418,0.0,1.0
20220728024841625,2022-07-28 02:48:41.150,51.455397,31.011287,0.0,1.0
20220728025007675,2022-07-28 02:50:07.550,51.356444,31.020927,0.0,1.0
20220728120220225,2022-07-28 12:02:20.150,50.001862,32.198593,0.0,1.0
20220728133025250,2022-07-28 13:30:25.000,50.763834,29.382623,0.0,1.0
20220729123208400,2022-07-29 12:32:08.425,50.713603,28.802855,0.0,1.0
20220729154732725,2022-07-29 15:47:32.775,50.082822,29.882637,0.0,1.0
20220731153951850,2022-07-31 15:39:52.000,50.713271,28.774541,0.0,1.0
20220802133524975,2022-08-02 13:35:24.725,50.016627,31.054963,0.0,1.0
20220803082303425,2022-08-03 08:23:03.350,50.264483,31.458057,0.0,1.0
20220803084804150,2022-08-03 08:48:04.250,50.175038,31.416384,0.0,1.0
20220803100114925,2022-08-03 10:01:14.975,50.093655,31.457538,0.0,1.0
20220804094032500,2022-08-04 09:40:32.525,50.440307,29.401974,0.0,1.0
20220804174043375,2022-08-04 17:40:43.325,52.003669,27.905321,0.0,1.0
20220805083443550,2022-08-05 08:34:43.675,50.472168,28.922478,0.0,1.0
20220806151327550,2022-08-06 15:13:27.600,50.732079,28.768321,0.0,1.0
20220808083150775,2022-08-08 08:31:51.325,50.713767,28.817012,0.0,1.0
20220809143237875,2022-08-09 14:32:38.250,50.704778,28.817268,0.0,1.0
20220810104328250,2022-08-10 10:43:28.300,52.003669,27.905321,0.0,1.0
20220810124003450,2022-08-10 12:40:03.550,50.988784,28.524214,0.0,1.0
20220810144200775,2022-08-10 14:42:00.825,51.16816,27.945801,0.0,1.0
20220811091529550,2022-08-11 09:15:29.725,50.713438,28.788698,0.0,1.0
20220813152709350,2022-08-13 15:27:09.075,50.722755,28.816756,0.0,1.0
20220813155153975,2022-08-13 15:51:53.900,50.713603,28.802855,0.0,1.0
20220817060744250,2022-08-17 06:07:44.625,50.7051,28.845576,0.0,1.0
20220817100736200,2022-08-17 10:07:36.225,52.003669,27.905321,0.0,1.0
20220817131608025,2022-08-17 13:16:08.050,50.713767,28.817012,0.0,1.0
20220818085004150,2022-08-18 08:50:04.450,50.722426,28.788436,0.0,1.0
20220818134221950,2022-08-18 13:42:21.825,50.016627,31.054963,0.0,1.0
20220820065315850,2022-08-20 06:53:15.450,50.722592,28.802596,0.0,1.0
20220820090113275,2022-08-20 09:01:13.700,50.713767,28.817012,0.0,1.0
20220820155220600,2022-08-20 15:52:20.350,50.722592,28.802596,0.0,1.0
20220821001249450,2022-08-21 00:12:49.600,50.106721,28.806119,0.0,1.0
20220821155348175,2022-08-21 15:53:48.475,50.722592,28.802596,0.0,1.0
20220822080548425,2022-08-22 08:05:48.225,50.713767,28.817012,0.0,1.0
20220823085142700,2022-08-23 08:51:42.700,50.439325,29.38932,0.0,1.0
20220825082051175,2022-08-25 08:20:51.350,50.7653,29.651933,0.0,1.0
20220825102612550,2022-08-25 10:26:14.250,50.649338,29.957175,0.0,1.0
20220829090437375,2022-08-29 09:04:37.400,50.713438,28.788698,0.0,1.0
20220829105659250,2022-08-29 10:56:59.375,50.433014,29.386607,0.0,1.0
20220829110929850,2022-08-29 11:09:29.875,52.003669,27.905321,0.0,1.0
20220830091100850,2022-08-30 09:11:01.025,50.012871,31.445547,0.0,1.0
20220830115609400,2022-08-30 11:56:10.125,50.505249,29.302259,0.0,1.0
20220830120253050,2022-08-30 12:02:53.100,50.001862,32.198593,0.0,1.0
20220831081229325,2022-08-31 08:12:29.350,50.721394,28.777135,0.0,1.0
20220901150849750,2022-09-01 15:08:49.500,50.704283,28.774805,0.0,1.0
20220902124859500,2022-09-02 12:48:59.400,50.016172,31.110764,0.0,1.0
20220903041654600,2022-09-03 04:16:54.900,50.536502,29.061874,0.0,1.0
20220903063309225,2022-09-03 06:33:09.225,50.704778,28.817268,0.0,1.0
20220904121125975,2022-09-04 12:11:26.000,50.722426,28.788436,0.0,1.0
20220905095513975,2022-09-05 09:55:13.950,52.003669,27.905321,0.0,1.0
20220906073948300,2022-09-06 07:39:47.725,50.022996,31.341158,0.0,1.0
20220906091359850,2022-09-06 09:13:59.825,52.003669,27.905321,0.0,1.0
20220907050906875,2022-09-07 05:09:07.100,50.445052,28.909105,0.0,1.0
20220908093454700,2022-09-08 09:34:54.950,52.003669,27.905321,0.0,1.0
20220908105258150,2022-09-08 10:52:58.050,52.003669,27.905321,0.0,1.0
20220909062442750,2022-09-09 06:24:42.900,51.105621,29.062811,0.0,1.0
20220909090821175,2022-09-09 09:08:21.200,52.003669,27.905321,0.0,1.0
20220909094306650,2022-09-09 09:43:06.625,50.722592,28.802596,0.0,1.0
20220909112337825,2022-09-09 11:23:37.600,51.599705,30.941827,0.0,1.0
20220909113229050,2022-09-09 11:32:29.100,51.043101,28.55084,0.0,1.0
20220909130905150,2022-09-09 13:09:05.250,50.951823,28.454328,0.0,1.0
20220909151830900,2022-09-09 15:18:30.700,50.01206,31.515287,0.0,1.0
20220910121330525,2022-09-10 12:13:30.475,50.713603,28.802855,0.0,1.0
20220912124754775,2022-09-12 12:47:54.850,51.338875,27.93765,0.0,1.0
20220913110239100,2022-09-13 11:02:39.050,52.003669,27.905321,0.0,1.0
20220913120537550,2022-09-13 12:05:37.550,50.949217,28.283602,0.0,1.0
20220913120731400,2022-09-13 12:07:31.375,50.016737,31.041012,0.0,1.0
20220915075809000,2022-09-15 07:58:09.000,50.704114,28.760651,0.0,1.0
20220915095259550,2022-09-15 09:52:59.375,50.837334,29.679558,0.0,1.0
20220916065155600,2022-09-16 06:51:55.250,50.77509,30.399008,0.0,1.0
20220916074414000,2022-09-16 07:44:14.000,50.01408,31.333958,0.0,1.0
20220917090838675,2022-09-17 09:08:38.800,50.559446,30.338591,0.0,1.0
20220920121230875,2022-09-20 12:12:30.850,52.003669,27.905321,0.0,1.0
20220921105040900,2022-09-21 10:50:40.875,52.003669,27.905321,0.0,1.0
20220921123438375,2022-09-21 12:34:38.700,50.276399,28.387366,0.0,1.0
20220921150730750,2022-09-21 15:07:30.975,50.70494,28.831422,0.0,1.0
20220923062912475,2022-09-23 06:29:12.425,52.003669,27.905321,0.0,1.0
20220923091010150,2022-09-23 09:10:10.425,50.631417,30.303544,0.0,1.0
20220923092750725,2022-09-23 09:27:50.575,51.994686,27.905765,0.0,1.0
20220923104100450,2022-09-23 10:41:00.500,51.985704,27.906207,0.0,1.0
20220923104223600,2022-09-23 10:42:23.825,50.940457,28.298186,0.0,1.0
20220924115330450,2022-09-24 11:53:30.450,50.0,28.0,0.0,1.0
20220924150030625,2022-09-24 15:00:30.625,50.722426,28.788436,0.0,1.0
20220926181229375,2022-09-26 18:12:29.525,51.179334,29.790501,0.0,1.0
20220928065012225,2022-09-28 06:50:12.575,50.016054,31.124714,0.0,1.0
20220928082241650,2022-09-28 08:22:41.275,50.944045,28.540009,0.0,1.0
20220928113106550,2022-09-28 11:31:06.450,50.440215,29.387898,0.0,1.0
20220929085431450,2022-09-29 08:54:31.400,50.01408,31.333958,0.0,1.0
20220929144306725,2022-09-29 14:43:06.650,50.979797,28.524528,0.0,1.0
20221001091728250,2022-10-01 09:17:28.475,50.731415,28.788175,0.0,1.0
20221004054445325,2022-10-04 05:44:45.400,50.022326,31.403939,0.0,1.0
20221004082518000,2022-10-04 08:25:18.150,50.988784,28.524214,0.0,1.0
20221004110003925,2022-10-04 11:00:04.075,50.176283,29.868111,0.0,1.0
20221004115631675,2022-10-04 11:56:31.725,52.003669,27.905321,0.0,1.0
20221005002516375,2022-10-05 00:25:16.375,50.666473,29.667128,0.0,1.0
20221005115222875,2022-10-05 11:52:22.950,50.154672,29.854247,0.0,1.0
20221006101601450,2022-10-06 10:16:01.500,52.003669,27.905321,0.0,1.0
20221006125312550,2022-10-06 12:53:12.500,50.952636,28.511241,0.0,1.0
20221006141147025,2022-10-06 14:11:47.050,52.003669,27.905321,0.0,1.0
20221007093144050,2022-10-07 09:31:44.050,50.766379,29.359899,0.0,1.0
20221007125115925,2022-10-07 12:51:16.275,50.713767,28.817012,0.0,1.0
20221007145852550,2022-10-07 14:58:52.475,50.970207,28.482141,0.0,1.0
20221008011946925,2022-10-08 01:19:46.850,50.662963,28.379896,0.0,1.0
20221008151732725,2022-10-08 15:17:32.700,50.722426,28.788436,0.0,1.0
20221010054517300,2022-10-10 05:45:17.225,50.783756,29.779363,0.0,1.0
20221010060035275,2022-10-10 06:00:35.025,50.243384,28.591916,0.0,1.0
20221010060136800,2022-10-10 06:01:36.925,50.267499,28.647235,0.0,1.0
20221010063803075,2022-10-10 06:38:02.875,50.475913,30.951088,0.0,1.0
20221010072335950,2022-10-10 07:23:35.600,50.436362,28.93749,0.0,1.0
20221010075432475,2022-10-10 07:54:32.450,50.477857,29.71133,0.0,1.0
20221010075601875,2022-10-10 07:56:02.050,50.49594,29.73935,0.0,1.0
20221010082348700,2022-10-10 08:23:48.550,50.624199,31.452543,0.0,1.0
20221011061935775,2022-10-11 06:19:35.675,50.288523,29.586799,0.0,1.0
20221012075608200,2022-10-12 07:56:08.500,50.722426,28.788436,0.0,1.0
20221012100631300,2022-10-12 10:06:31.400,50.449204,29.387752,0.0,1.0
20221012110220800,2022-10-12 11:02:21.100,50.971588,28.581779,0.0,1.0
20221012110859750,2022-10-12 11:08:59.900,50.377837,30.822889,0.0,1.0
20221012113819450,2022-10-12 11:38:19.125,50.016737,31.041012,0.0,1.0
20221012132707150,2022-10-12 13:27:07.100,50.722755,28.816756,0.0,1.0
20221014075106050,2022-10-14 07:51:06.050,50.709158,28.807231,0.0,1.0
20221015040034600,2022-10-15 04:00:34.600,50.4869,29.725337,0.0,1.0
20221015150139225,2022-10-15 15:01:38.975,50.722426,28.788436,0.0,1.0
20221018053939000,2022-10-18 05:39:39.375,50.288886,28.63252,0.0,1.0
20221018081911625,2022-10-18 08:19:11.650,50.018175,30.831747,0.0,1.0
20221018101239950,2022-10-18 10:12:40.000,52.003669,27.905321,0.0,1.0
20221019133030850,2022-10-19 13:30:30.825,51.195115,27.944518,0.0,1.0
20221019133935225,2022-10-19 13:39:35.250,50.001611,32.212535,0.0,1.0
20221019144428325,2022-10-19 14:44:28.500,50.722592,28.802596,0.0,1.0
20221020110240175,2022-10-20 11:02:40.200,52.003669,27.905321,0.0,1.0
20221021132052675,2022-10-21 13:20:52.600,50.731415,28.788175,0.0,1.0
20221024120332425,2022-10-24 12:03:32.150,50.883008,29.920682,0.0,1.0
20221025061433000,2022-10-25 06:14:32.950,50.725386,28.811015,0.0,1.0
20221025105306650,2022-10-25 10:53:06.625,52.003669,27.905321,0.0,1.0
20221025130547075,2022-10-25 13:05:47.300,50.082884,29.910579,0.0,1.0
20221025151051550,2022-10-25 15:10:51.500,50.800862,29.566437,0.0,1.0
20221026091124725,2022-10-26 09:11:24.850,52.003669,27.905321,0.0,1.0
20221026133506625,2022-10-26 13:35:06.775,51.006359,28.495096,0.0,1.0
20221027075545025,2022-10-27 07:55:45.875,50.7051,28.845576,0.0,1.0
20221027082024775,2022-10-27 08:20:24.425,50.014224,31.320009,0.0,1.0
20221027093629725,2022-10-27 09:36:29.900,50.440121,29.373821,0.0,1.0
20221027104404850,2022-10-27 10:44:04.875,50.016627,31.054963,0.0,1.0
20221028062214400,2022-10-28 06:22:14.550,50.014781,31.264212,0.0,1.0
20221028070751825,2022-10-28 07:07:51.725,51.92501,28.418125,0.0,1.0
20221028094016000,2022-10-28 09:40:16.000,50.339954,31.096285,0.0,1.0
20221028101251700,2022-10-28 10:12:51.425,50.953613,28.582385,0.0,1.0
20221028101748700,2022-10-28 10:17:48.650,50.935446,28.568766,0.0,1.0
20221029073059250,2022-10-29 07:30:59.250,50.916686,28.512505,0.0,1.0
20221029082953950,2022-10-29 08:29:53.775,50.313158,31.074687,0.0,1.0
20221029085616400,2022-10-29 08:56:16.550,50.277379,31.05154,0.0,1.0
20221031060832725,2022-10-31 06:08:32.650,50.711105,29.595874,0.0,1.0
20221031062006350,2022-10-31 06:20:06.400,50.711105,29.595874,0.0,1.0
20221031062114100,2022-10-31 06:21:14.100,50.693258,29.624392,0.0,1.0
20221101094232225,2022-11-01 09:42:32.650,50.917277,28.555158,0.0,1.0
20221101100048250,2022-11-01 10:00:47.350,50.577515,30.028062,0.0,1.0
20221101131316325,2022-11-01 13:13:16.150,50.002358,32.170709,0.0,1.0
20221101144618875,2022-11-01 14:46:18.850,50.731415,28.788175,0.0,1.0
20221102083902100,2022-11-02 08:39:01.800,50.545357,29.047559,0.0,1.0
20221102125500550,2022-11-02 12:55:00.425,50.016627,31.054963,0.0,1.0
20221103085539950,2022-11-03 08:55:39.950,50.722592,28.802596,0.0,1.0
20221103101459700,2022-11-03 10:15:01.150,50.403872,29.332217,0.0,1.0
20221103104452450,2022-11-03 10:44:52.475,50.722426,28.788436,0.0,1.0
20221103113930925,2022-11-03 11:39:31.150,50.067602,29.910656,0.0,1.0
20221103133408825,2022-11-03 13:34:08.375,50.001862,32.198593,0.0,1.0
20221104110053275,2022-11-04 11:00:53.150,50.575105,27.973655,0.0,1.0
20221104115845700,2022-11-04 11:58:45.575,50.013183,31.41765,0.0,1.0
20221104134900150,2022-11-04 13:49:00.100,52.003669,27.905321,0.0,1.0
20221105154012700,2022-11-05 15:40:12.500,50.713928,28.831169,0.0,1.0
20221105155056300,2022-11-05 15:50:56.325,50.713271,28.774541,0.0,1.0
20221106142947025,2022-11-06 14:29:47.550,50.713928,28.831169,0.0,1.0
20221107115332850,2022-11-07 11:53:32.800,52.003669,27.905321,0.0,1.0
20221109081913375,2022-11-09 08:19:13.400,50.726138,28.798244,0.0,1.0
20221109090824275,2022-11-09 09:08:24.300,52.003669,27.905321,0.0,1.0
20221109100927275,2022-11-09 10:09:27.375,50.863163,29.452016,0.0,1.0
20221109102721325,2022-11-09 10:27:22.300,50.017456,30.943357,0.0,1.0
20221109103301125,2022-11-09 10:32:59.975,50.772435,29.32577,0.0,1.0
20221109132921875,2022-11-09 13:29:22.000,50.493869,28.499037,0.0,1.0
20221110111731450,2022-11-10 11:17:31.500,52.003669,27.905321,0.0,1.0
20221110144628825,2022-11-10 14:46:29.000,51.923098,27.923832,0.0,1.0
20221113144313000,2022-11-13 14:43:13.175,50.713603,28.802855,0.0,1.0
20221115034918175,2022-11-15 03:49:18.025,50.916568,27.957704,0.0,1.0
20221115115053050,2022-11-15 11:50:53.100,50.012871,31.445547,0.0,1.0
20221115142337275,2022-11-15 14:23:37.225,50.954179,28.625072,0.0,1.0
20221116074044475,2022-11-16 07:40:44.500,50.713438,28.788698,0.0,1.0
20221116123033400,2022-11-16 12:30:33.300,51.106399,28.577224,0.0,1.0
20221116132951200,2022-11-16 13:29:51.200,50.016627,31.054963,0.0,1.0
20221117124628675,2022-11-17 12:46:28.650,50.015935,31.138664,0.0,1.0
20221117143258350,2022-11-17 14:32:58.450,50.0,28.0,0.0,1.0
20221118111054050,2022-11-18 11:10:54.100,52.003669,27.905321,0.0,1.0
20221119151239625,2022-11-19 15:12:39.575,50.716316,28.804193,0.0,1.0
20221120232825325,2022-11-20 23:28:25.150,50.490442,28.950189,0.0,1.0
20221122141040150,2022-11-22 14:10:40.150,50.960686,28.445463,0.0,1.0
20221122162251500,2022-11-22 16:22:51.800,50.713603,28.802855,0.0,1.0
20221123131317250,2022-11-23 13:13:17.275,50.685309,29.964103,0.0,1.0
20221123133951200,2022-11-23 13:39:51.200,51.994686,27.905765,0.0,1.0
20221125130401725,2022-11-25 13:04:01.575,50.764542,29.35426,0.0,1.0
20221125140431425,2022-11-25 14:04:31.375,50.676319,29.964138,0.0,1.0
20221125143614200,2022-11-25 14:36:13.825,50.006945,31.891839,0.0,1.0
20221126074829350,2022-11-26 07:48:29.350,50.01408,31.333958,0.0,1.0
20221127145415350,2022-11-27 14:54:14.550,50.848533,29.281823,0.0,1.0
20221128101512125,2022-11-28 10:15:12.150,50.713438,28.788698,0.0,1.0
20221128111345325,2022-11-28 11:13:45.375,52.003669,27.905321,0.0,1.0
20221128120157750,2022-11-28 12:01:57.700,51.392783,27.935064,0.0,1.0
20221129091801375,2022-11-29 09:18:01.400,50.713438,28.788698,0.0,1.0
20221201133344750,2022-12-01 13:33:44.800,52.003669,27.905321,0.0,1.0
20221202065607250,2022-12-02 06:56:06.825,51.174146,28.989696,0.0,1.0
20221202102417125,2022-12-02 10:24:17.125,50.722755,28.816756,0.0,1.0
20221204062229075,2022-12-04 06:22:28.600,50.73158,28.802337,0.0,1.0
20221204094220550,2022-12-04 09:42:20.575,50.722592,28.802596,0.0,1.0
20221206115825700,2022-12-06 11:58:25.675,52.003669,27.905321,0.0,1.0
20221206122036850,2022-12-06 12:20:36.875,50.016516,31.068913,0.0,1.0
20221207092428025,2022-12-07 09:24:28.100,50.722592,28.802596,0.0,1.0
20221207114907400,2022-12-07 11:49:07.375,52.003669,27.905321,0.0,1.0
20221207120506575,2022-12-07 12:05:06.650,52.003669,27.905321,0.0,1.0
20221207135225775,2022-12-07 13:52:26.900,50.001611,32.212535,0.0,1.0
20221208064530400,2022-12-08 06:45:29.650,50.55944,29.957545,0.0,1.0
20221208075819025,2022-12-08 07:58:19.025,50.001611,32.212535,0.0,1.0
20221209105552650,2022-12-09 10:55:52.700,52.003669,27.905321,0.0,1.0
20221209111921675,2022-12-09 11:19:21.800,51.994686,27.905765,0.0,1.0
20221210105616775,2022-12-10 10:56:16.750,50.722426,28.788436,0.0,1.0
20221211100851250,2022-12-11 10:08:51.225,50.713603,28.802855,0.0,1.0
20221213122426500,2022-12-13 12:24:26.450,52.003669,27.905321,0.0,1.0
20221213143648150,2022-12-13 14:36:48.550,51.098782,29.933893,0.0,1.0
20221214041256150,2022-12-14 04:12:55.900,50.206748,30.868084,0.0,1.0
20221214121111350,2022-12-14 12:11:11.375,52.003669,27.905321,0.0,1.0
20221215101828875,2022-12-15 10:18:28.975,50.844921,29.409689,0.0,1.0
20221215111413325,2022-12-15 11:14:13.525,50.014781,31.264212,0.0,1.0
20221215150623350,2022-12-15 15:06:23.300,52.003669,27.905321,0.0,1.0
20221215160256625,2022-12-15 16:02:56.575,50.722592,28.802596,0.0,1.0
20221216071553250,2022-12-16 07:15:53.400,50.87635,28.883419,0.0,1.0
20221216074837625,2022-12-16 07:48:37.550,50.954179,28.625072,0.0,1.0
20221216120548225,2022-12-16 12:05:48.225,52.003669,27.905321,0.0,1.0
20221216161041875,2022-12-16 16:10:41.575,50.704778,28.817268,0.0,1.0
20221218120213500,2022-12-18 12:02:13.950,50.012871,31.445547,0.0,1.0
20221219011104500,2022-12-19 01:11:04.300,50.258342,31.177393,0.0,1.0
20221219011346250,2022-12-19 01:13:46.100,50.159758,31.141667,0.0,1.0
20221219015255150,2022-12-19 01:52:55.275,50.214921,30.988701,0.0,1.0
20221219021203950,2022-12-19 02:12:03.900,50.330965,31.096105,0.0,1.0
20221219130745375,2022-12-19 13:07:45.425,52.003669,27.905321,0.0,1.0
20221221135303900,2022-12-21 13:53:03.250,51.296464,30.406118,0.0,1.0
20221221150055975,2022-12-21 15:00:55.650,50.713767,28.817012,0.0,1.0
20221222131102700,2022-12-22 13:11:02.650,50.016845,31.027061,0.0,1.0
20221223112036650,2022-12-23 11:20:36.325,51.976721,27.90665,0.0,1.0
20221223115348350,2022-12-23 11:53:48.300,52.003669,27.905321,0.0,1.0
20221226132116950,2022-12-26 13:21:17.050,50.012552,31.473444,0.0,1.0
20221227110546700,2022-12-27 11:05:46.450,50.019841,31.613197,0.0,1.0
20221228062810450,2022-12-28 06:28:10.425,50.722592,28.802596,0.0,1.0
20221228091620600,2022-12-28 09:16:20.675,50.509402,29.048402,0.0,1.0
20221229070337825,2022-12-29 07:03:37.800,50.420145,31.180923,0.0,1.0
20221229071426175,2022-12-29 07:14:25.975,50.504879,29.725175,0.0,1.0
20221229112719250,2022-12-29 11:27:19.250,52.003669,27.905321,0.0,1.0
20221229113718325,2022-12-29 11:37:18.025,50.010853,31.61292,0.0,1.0
20221230070356150,2022-12-30 07:03:56.050,50.139245,28.245553,0.0,1.0
20221230103355850,2022-12-30 10:33:55.925,50.722426,28.788436,0.0,1.0
20221230121505175,2022-12-30 12:15:04.775,51.994686,27.905765,0.0,1.0
